{
  "method": "DS-SGE post-hoc smooth safety gate S=alpha*p_R+(1-alpha)*p_B, fall<=>S>=tau",
  "recall_specialist": "seed42_variantG_G1_v2maxrec_best",
  "far_specialist": "seed42_variantG_G1_v2lowFA_best",
  "selection_split": "validation",
  "selection_condition": "pgd",
  "selection_epsilon": 0.03,
  "selection_rule": "max val fall recall s.t. val FAR<=0.10; tie-break precision,F1,acc,lower tau",
  "far_budget": 0.1,
  "alpha": 0.48,
  "tau": 0.23,
  "constraint_met": true,
  "val_pgd_metrics_at_locked_point": {
    "TP": 22,
    "FN": 22,
    "FP": 45,
    "TN": 407,
    "fall_recall": 0.5,
    "false_alarm_rate": 0.09955752212389381,
    "fall_precision": 0.3283582089552239,
    "fall_f1": 0.3963963963963964,
    "binary_accuracy": 0.8649193548387096
  },
  "val_locked_metrics_all_conditions": {
    "clean": {
      "TP": 43,
      "FN": 1,
      "FP": 12,
      "TN": 440,
      "n_fall": 44,
      "n_nonfall": 452,
      "fall_recall": 0.9772727272727273,
      "missed_fall_rate": 0.022727272727272707,
      "false_alarm_rate": 0.02654867256637168,
      "fall_precision": 0.7818181818181819,
      "fall_f1": 0.8686868686868686,
      "binary_accuracy": 0.9737903225806451
    },
    "fgsm": {
      "TP": 26,
      "FN": 18,
      "FP": 33,
      "TN": 419,
      "n_fall": 44,
      "n_nonfall": 452,
      "fall_recall": 0.5909090909090909,
      "missed_fall_rate": 0.40909090909090906,
      "false_alarm_rate": 0.07300884955752213,
      "fall_precision": 0.4406779661016949,
      "fall_f1": 0.5048543689320388,
      "binary_accuracy": 0.8971774193548387
    },
    "pgd": {
      "TP": 22,
      "FN": 22,
      "FP": 45,
      "TN": 407,
      "n_fall": 44,
      "n_nonfall": 452,
      "fall_recall": 0.5,
      "missed_fall_rate": 0.5,
      "false_alarm_rate": 0.09955752212389381,
      "fall_precision": 0.3283582089552239,
      "fall_f1": 0.3963963963963964,
      "binary_accuracy": 0.8649193548387096
    }
  },
  "grid_step": 0.01,
  "scope": "window-level, digital-domain, white-box, processed CSI, eps=0.030; NOT certified/clinical/deployment/OTA."
}