class_index,class_name,precision,recall,f1,support
0,lie down,0.720000,0.818182,0.765957,132
1,fall,0.829787,0.876404,0.852459,89
2,walk,0.821192,0.846416,0.833613,293
3,pickup,0.877778,0.797980,0.835979,99
4,run,0.940594,0.785124,0.855856,242
5,sit down,0.572917,0.687500,0.625000,80
6,stand up,0.629032,0.639344,0.634146,61
