class_index,class_name,precision,recall,f1,support
0,lie down,0.912000,0.863636,0.887160,132
1,fall,0.956522,0.988764,0.972376,89
2,walk,0.975000,0.931741,0.952880,293
3,pickup,0.921569,0.949495,0.935323,99
4,run,0.951807,0.979339,0.965377,242
5,sit down,0.829268,0.850000,0.839506,80
6,stand up,0.833333,0.901639,0.866142,61
