class_index,class_name,precision,recall,f1,support
0,lie down,0.952381,0.909091,0.930233,132
1,fall,0.925532,0.977528,0.950820,89
2,walk,0.975862,0.965870,0.970840,293
3,pickup,0.960000,0.969697,0.964824,99
4,run,0.975309,0.979339,0.977320,242
5,sit down,0.868421,0.825000,0.846154,80
6,stand up,0.850746,0.934426,0.890625,61
