class_index,class_name,precision,recall,f1,support
0,lie down,0.782946,0.765152,0.773946,132
1,fall,0.927711,0.865169,0.895349,89
2,walk,0.868687,0.880546,0.874576,293
3,pickup,0.868132,0.797980,0.831579,99
4,run,0.930435,0.884298,0.906780,242
5,sit down,0.584071,0.825000,0.683938,80
6,stand up,0.811321,0.704918,0.754386,61
