class_index,class_name,precision,recall,f1,support
0,lie down,0.991379,0.871212,0.927419,132
1,fall,0.977528,0.977528,0.977528,89
2,walk,0.959866,0.979522,0.969595,293
3,pickup,0.950980,0.979798,0.965174,99
4,run,0.971429,0.983471,0.977413,242
5,sit down,0.902778,0.812500,0.855263,80
6,stand up,0.821918,0.983607,0.895522,61
