attack,system,fall_recall,false_alarm_rate,TP,FP,FN,TN
clean,f_R_alone_argmax,0.9777777777777777,0.05274725274725275,44,24,1,431
clean,f_B_alone_argmax,0.9111111111111111,0.03296703296703297,41,15,4,440
clean,DS_SGE_gate,0.9555555555555556,0.06153846153846154,43,28,2,427
fgsm,f_R_alone_argmax,0.8444444444444444,0.16263736263736264,38,74,7,381
fgsm,f_B_alone_argmax,0.37777777777777777,0.05054945054945055,17,23,28,432
fgsm,DS_SGE_gate,0.5555555555555556,0.08351648351648351,25,38,20,417
pgd,f_R_alone_argmax,0.6888888888888889,0.22857142857142856,31,104,14,351
pgd,f_B_alone_argmax,0.13333333333333333,0.07912087912087912,6,36,39,419
pgd,DS_SGE_gate,0.4,0.12527472527472527,18,57,27,398
