class_index,class_name,precision,recall,f1,support
0,lie down,0.984127,0.939394,0.961240,132
1,fall,1.000000,0.966292,0.982857,89
2,walk,0.993197,0.996587,0.994889,293
3,pickup,0.960784,0.989899,0.975124,99
4,run,1.000000,0.995868,0.997930,242
5,sit down,0.936709,0.925000,0.930818,80
6,stand up,0.852941,0.950820,0.899225,61
