class_index,class_name,precision,recall,f1,support
0,lie down,0.984127,0.939394,0.961240,132
1,fall,0.988889,1.000000,0.994413,89
2,walk,0.986395,0.989761,0.988075,293
3,pickup,0.951923,1.000000,0.975369,99
4,run,0.995833,0.987603,0.991701,242
5,sit down,0.900000,0.900000,0.900000,80
6,stand up,0.887097,0.901639,0.894309,61
