class_index,class_name,precision,recall,f1,support
0,lie down,0.984127,0.939394,0.961240,132
1,fall,0.988764,0.988764,0.988764,89
2,walk,0.983165,0.996587,0.989831,293
3,pickup,0.951456,0.989899,0.970297,99
4,run,1.000000,0.991736,0.995851,242
5,sit down,0.960000,0.900000,0.929032,80
6,stand up,0.893939,0.967213,0.929134,61
