class_index,class_name,precision,recall,f1,support
0,lie down,0.976378,0.939394,0.957529,132
1,fall,0.988764,0.988764,0.988764,89
2,walk,0.996599,1.000000,0.998296,293
3,pickup,0.980198,1.000000,0.990000,99
4,run,1.000000,1.000000,1.000000,242
5,sit down,0.948718,0.925000,0.936709,80
6,stand up,0.923077,0.983607,0.952381,61
