class_index,class_name,precision,recall,f1,support
0,lie down,0.984496,0.962121,0.973180,132
1,fall,0.988764,0.988764,0.988764,89
2,walk,0.993151,0.989761,0.991453,293
3,pickup,0.960396,0.979798,0.970000,99
4,run,1.000000,0.983471,0.991667,242
5,sit down,0.937500,0.937500,0.937500,80
6,stand up,0.865672,0.950820,0.906250,61
