class_index,class_name,precision,recall,f1,support
0,lie down,0.879310,0.772727,0.822581,132
1,fall,0.915663,0.853933,0.883721,89
2,walk,0.873333,0.894198,0.883642,293
3,pickup,0.723810,0.767677,0.745098,99
4,run,0.857143,0.942149,0.897638,242
5,sit down,0.762500,0.762500,0.762500,80
6,stand up,0.739130,0.557377,0.635514,61
