class_index,class_name,precision,recall,f1,support
0,lie down,0.866667,0.787879,0.825397,132
1,fall,0.772727,0.955056,0.854271,89
2,walk,0.845638,0.860068,0.852792,293
3,pickup,0.897059,0.616162,0.730539,99
4,run,0.858871,0.880165,0.869388,242
5,sit down,0.677778,0.762500,0.717647,80
6,stand up,0.693548,0.704918,0.699187,61
