class_index,class_name,precision,recall,f1,support
0,lie down,0.842105,0.727273,0.780488,132
1,fall,0.846154,0.865169,0.855556,89
2,walk,0.856209,0.894198,0.874791,293
3,pickup,0.825581,0.717172,0.767568,99
4,run,0.846457,0.888430,0.866935,242
5,sit down,0.651685,0.725000,0.686391,80
6,stand up,0.767857,0.704918,0.735043,61
