class_index,class_name,precision,recall,f1,support
0,lie down,0.874016,0.840909,0.857143,132
1,fall,0.942529,0.921348,0.931818,89
2,walk,0.924915,0.924915,0.924915,293
3,pickup,0.922222,0.838384,0.878307,99
4,run,0.879245,0.962810,0.919132,242
5,sit down,0.715909,0.787500,0.750000,80
6,stand up,0.869565,0.655738,0.747664,61
