class_index,class_name,precision,recall,f1,support
0,lie down,0.810606,0.810606,0.810606,132
1,fall,0.887640,0.887640,0.887640,89
2,walk,0.893836,0.890785,0.892308,293
3,pickup,0.876404,0.787879,0.829787,99
4,run,0.867704,0.921488,0.893788,242
5,sit down,0.743902,0.762500,0.753086,80
6,stand up,0.818182,0.737705,0.775862,61
