path,kind,sha256,size_bytes,generator_script,link_method,evidence_level,evidence_provenance,split,claim_boundary,overleaf_ready,overleaf_blockers,committed
figures/archive/pre_thesis/defended_vs_undefended_balanced_accuracy.png,figure,76dfd61d793930a1fd8d19443b3520d3953a83a22dd131057229b0b4d7dfc3e0,88258,scripts/archive/pre_thesis_plots/plot_defended_vs_undefended_safety_comparison.py,literal,diagnostic-internal,default,none,unmapped,no,evidence-not-admissible;claim-not-approved,yes
figures/archive/pre_thesis/defended_vs_undefended_f1_score.png,figure,21867fa612629cad4451fa1aa3bc3b65521aa9230fe89ecf18adc2811f640c6f,73082,scripts/archive/pre_thesis_plots/plot_defended_vs_undefended_safety_comparison.py,literal,diagnostic-internal,default,none,unmapped,no,evidence-not-admissible;claim-not-approved,yes
figures/archive/pre_thesis/defended_vs_undefended_false_alarm_count.png,figure,cd862b59e2ae3d98be83836ce13de6ff36ed481f3ba3858ffc879c53e460342f,81805,scripts/archive/pre_thesis_plots/plot_defended_vs_undefended_safety_comparison.py,literal,diagnostic-internal,default,none,unmapped,no,evidence-not-admissible;claim-not-approved,yes
figures/archive/pre_thesis/defended_vs_undefended_missed_fall_rate.png,figure,0d843a117f830aaeb95719ced836953ce7b2998f1490e82745c8462510aac7a0,77259,scripts/archive/pre_thesis_plots/plot_defended_vs_undefended_safety_comparison.py,literal,diagnostic-internal,default,none,unmapped,no,evidence-not-admissible;claim-not-approved,yes
figures/archive/pre_thesis/defended_vs_undefended_prediction_change_rate.png,figure,5e300b87a6e2c055a8664313ffa90794ad0c7b70cd1312b46ddfb2dbc0b62642,95545,scripts/archive/pre_thesis_plots/plot_defended_vs_undefended_safety_comparison.py,literal,diagnostic-internal,default,none,unmapped,no,evidence-not-admissible;claim-not-approved,yes
figures/archive/pre_thesis/defended_vs_undefended_recall.png,figure,44f1523df91b8fe9b1bf4b9f098fbdfd80cd8edbe2278f7b040a75d0273f6c19,81965,scripts/archive/pre_thesis_plots/plot_defended_vs_undefended_safety_comparison.py,literal,diagnostic-internal,default,none,unmapped,no,evidence-not-admissible;claim-not-approved,yes
figures/archive/pre_thesis/fgsm_epsilon_combined_safety_summary.png,figure,5143770d6d0308a739cb821b979586edd63b69e95e5c44d76e5f19475af68e62,221623,scripts/archive/pre_thesis_plots/plot_fgsm_epsilon_combined_summary.py,literal,diagnostic-internal,default,none,unmapped,no,evidence-not-admissible;claim-not-approved,yes
figures/archive/pre_thesis/fgsm_epsilon_vs_f1_score.png,figure,be6bc6b01fa48b22d370cad122dffd5893e1ec49f70f4c9a7dafcca7f55e4e28,89504,scripts/archive/pre_thesis_plots/plot_fgsm_epsilon_sweep.py,literal,diagnostic-internal,default,none,unmapped,no,evidence-not-admissible;claim-not-approved,yes
figures/archive/pre_thesis/fgsm_epsilon_vs_false_alarm_count.png,figure,9699432dd3595e072b7a9db62f7b0e0f3076a2388ada092c2750453cb0dd9eee,104165,scripts/archive/pre_thesis_plots/plot_fgsm_epsilon_sweep.py,literal,diagnostic-internal,default,none,unmapped,no,evidence-not-admissible;claim-not-approved,yes
figures/archive/pre_thesis/fgsm_epsilon_vs_missed_fall_rate.png,figure,71e17b40902a27b3dc247c612c1fdfec45916ab958086d73b622bab11a4b1f42,91602,scripts/archive/pre_thesis_plots/plot_fgsm_epsilon_sweep.py,literal,diagnostic-internal,default,none,unmapped,no,evidence-not-admissible;claim-not-approved,yes
figures/archive/pre_thesis/fgsm_epsilon_vs_recall.png,figure,76340245b331838dca87c9be7caf089b83305f3a9a27206d78de1f7037d2320b,92748,scripts/archive/pre_thesis_plots/plot_fgsm_epsilon_sweep.py,literal,diagnostic-internal,default,none,unmapped,no,evidence-not-admissible;claim-not-approved,yes
figures/archive/pre_thesis/fgsm_vs_pgd_safety_comparison.png,figure,e19336a53c48bb526b1500d8a62de510ed0ecffa3e825dc5de2f772734517378,245648,scripts/archive/pre_thesis_plots/plot_fgsm_vs_pgd_comparison.py,literal,diagnostic-internal,default,none,unmapped,no,evidence-not-admissible;claim-not-approved,yes
figures/archive/pre_thesis/pgd_epsilon_combined_safety_summary.png,figure,9c0e84b603da44c40b6e982f0d9d7d642fe9010ded9719bb21580877e0304c46,202647,scripts/archive/pre_thesis_plots/plot_pgd_epsilon_sweep.py,literal,diagnostic-internal,default,none,unmapped,no,evidence-not-admissible;claim-not-approved,yes
figures/archive/pre_thesis/pgd_epsilon_vs_f1_score.png,figure,56702cd86fb70b00cac6805182434ff30d49d55cc016f02872063cee2e84ed2c,85553,scripts/archive/pre_thesis_plots/plot_pgd_epsilon_sweep.py,literal,diagnostic-internal,default,none,unmapped,no,evidence-not-admissible;claim-not-approved,yes
figures/archive/pre_thesis/pgd_epsilon_vs_false_alarm_count.png,figure,94049aed2b1a1703c44d4315b2ace8f08766be481bd6875b215df6aeefc87979,99473,scripts/archive/pre_thesis_plots/plot_pgd_epsilon_sweep.py,literal,diagnostic-internal,default,none,unmapped,no,evidence-not-admissible;claim-not-approved,yes
figures/archive/pre_thesis/pgd_epsilon_vs_missed_fall_rate.png,figure,2a67a846de04a322a5423300ca0ed1c2ec30df6f322976149c5055f942007769,90632,scripts/archive/pre_thesis_plots/plot_pgd_epsilon_sweep.py,literal,diagnostic-internal,default,none,unmapped,no,evidence-not-admissible;claim-not-approved,yes
figures/archive/pre_thesis/pgd_epsilon_vs_recall.png,figure,d6f511eb57a99e1295241f343242ccca615ade2cf62815c04e75beeed715e491,95213,scripts/archive/pre_thesis_plots/plot_pgd_epsilon_sweep.py,literal,diagnostic-internal,default,none,unmapped,no,evidence-not-admissible;claim-not-approved,yes
figures/converged_ch04_artifacts/ch04_figure_4_2_attack_severity_dose_response.png,figure,2a4306a46cffb08ffb18b62c798db82e12c752c54a40131d2ce38d2015261a7d,319297,scripts/generate_ch04_converged_artifacts.py,naming,test-descriptive,path:convention,test,thesis-safe,yes,,yes
figures/converged_ch04_artifacts/ch04_figure_4_3_attack_severity_zoom.png,figure,76a5c4642557790275e3f689002e371daa1cd214d9bcdf5b25c9bf7329b44586,364418,scripts/generate_ch04_converged_artifacts.py,naming,test-descriptive,path:convention,test,thesis-safe,yes,,yes
figures/converged_ch04_artifacts/ch04_figure_4_4_multiclass_fall_error_pathways.png,figure,99b6e92e130e702fefbdb260220c95d715049ec117323d4afc97e16b5c72647e,132296,scripts/generate_ch04_converged_artifacts.py,naming,test-descriptive,path:convention,test,thesis-safe,yes,,yes
figures/converged_ch04_artifacts/ch04_figure_4_5_seven_class_confusion_matrices.png,figure,2dd04a73145d09626f711733b686c54457c3ff145e3110cb861a8d1b6a5c0f1f,249641,scripts/generate_ch04_converged_artifacts.py,naming,test-descriptive,path:convention,test,thesis-safe,yes,,yes
figures/converged_ch05_artifacts/ch05_figure_5_1_failure_threshold_plot.png,figure,a7da159cd87ab41d3592aee75398b5409e816cc904063c8841b60ef6f9a64dc3,281558,scripts/generate_ch05_converged_artifacts.py,naming,test-descriptive,path:convention,test,thesis-safe,yes,,yes
figures/converged_ch05_artifacts/ch05_figure_5_3_safety_error_burden_composition.png,figure,4fe18d17beb574f85653ab11a6c784457ec03380e4a84611507ca130865b6ec7,162054,scripts/generate_ch05_converged_artifacts.py,naming,test-descriptive,path:convention,test,thesis-safe,yes,,yes
figures/converged_ch05_artifacts/ch05_figure_5_4_paired_safety_state_transition.png,figure,b35e5e6657ea6917ea5823e1733766c83bf1fc07d0936e8728622bc6e80e6582,89578,scripts/generate_ch05_converged_artifacts.py,naming,test-descriptive,path:convention,test,thesis-safe,yes,,yes
figures/converged_ch05_artifacts/ch05_figure_5_5_missed_fall_destination_heatmap.png,figure,0deabd21f411b07849ba4b38b3939612bab0645c3e6ad50ef630ccf12d98238e,142289,scripts/generate_ch05_converged_artifacts.py,naming,test-descriptive,path:convention,test,thesis-safe,yes,,yes
figures/converged_ch06_artifacts/ch06_figure_6_1_defense_effect_summary.png,figure,3fd22c1719380c742e105b77658255b6253ce6163245125e6ba5c7deed4b90b7,79238,scripts/generate_ch06_converged_artifacts.py,naming,test-descriptive,path:convention,test,thesis-safe,yes,,yes
figures/converged_ch06_artifacts/ch06_figure_6_2_clean_defense_tradeoff.png,figure,7c6924a8ee16d39e9d8dff9a10ad32d02728ca3ee636b0ed05878e6f93e72945,68497,scripts/generate_ch06_converged_artifacts.py,naming,test-descriptive,path:convention,test,thesis-safe,yes,,yes
figures/converged_ch06_artifacts/ch06_figure_6_3_matched_attack_defense_effect_comparison.png,figure,9fa65ea09b07321517a10e538222a8434307713f8d70cceca87566b6233dd716,73494,scripts/generate_ch06_converged_artifacts.py,naming,test-descriptive,path:convention,test,thesis-safe,yes,,yes
figures/converged_ch06_artifacts/ch06_figure_6_4_class_normalized_defense_effect_heatmap.png,figure,17c8a8064379cfa9b11a21200af1d5af537d1e59aedbdefa9d1c9afa0b1897c7,113147,scripts/generate_ch06_converged_artifacts.py,naming,test-descriptive,path:convention,test,thesis-safe,yes,,yes
figures/converged_ch06_artifacts/ch06_figure_6_5_fall_window_recovery_persistence.png,figure,f9be05154f0363e5257bf2cf97b061df9828c104191524bc5abd19ca52c75c34,77401,scripts/generate_ch06_converged_artifacts.py,naming,test-descriptive,path:convention,test,thesis-safe,yes,,yes
figures/converged_ch06_artifacts/ch06_figure_6_6_defense_recovery_residual_gap.png,figure,31f2c86633b66c49e4e396e8839c3669e9c668c1fcccd2f0e37d9fa5ac9d8521,82439,scripts/generate_ch06_converged_artifacts.py,naming,test-descriptive,path:convention,test,thesis-safe,yes,,yes
figures/converged_ch06_artifacts/ch06_figure_6_7_safety_score_component_decomposition.png,figure,d19535ae584362e793ac60586c2a78d611171ce4a306c3e0c878ad33c8f59874,146601,scripts/generate_ch06_converged_artifacts.py,naming,test-descriptive,path:convention,test,thesis-safe,yes,,yes
figures/multiseed_robustness/multiseed_fall_recall_vs_epsilon.png,figure,8e6692167fa7a6148e1b637250e805dd960b9bcab61b68358e31829731a82134,82968,scripts/reconstruct_ch04_cross_arch_resnet_artifacts.py,literal,test-descriptive,path:convention,test,thesis-safe,no,generator-not-committed,yes
figures/thesis_figure_10_high_risk_multiclass_fall_error_pathways.png,figure,427956803c41b11fa8f7f5d306bc8dd0cc642266950d254bd2f2f9bc89242506,348801,scripts/create_thesis_figure_10_high_risk_multiclass_fall_error_pathways.py,naming,test-descriptive,path:convention,test,thesis-safe,yes,,yes
figures/thesis_figure_11_high_confidence_missed_fall_comparison.png,figure,3685f3abe91c55dc618792ebc146eaa435f5d8487baac8d52fa7936ff7e93d44,198646,scripts/create_thesis_figure_11_high_confidence_missed_fall_comparison.py,naming,test-descriptive,path:convention,test,thesis-safe,yes,,yes
figures/thesis_figure_12_confidence_safety_failure_map.png,figure,9b9fe61746bc1288a7492c6a2a0f4136e1b6c0ae80e10c445e37f6bb73d76c2d,334388,scripts/create_thesis_figure_12_confidence_safety_failure_map.py,naming,test-descriptive,path:convention,test,thesis-safe,yes,,yes
figures/thesis_figure_13_confidence_safety_failure_ranking.png,figure,bbfd509ac66c1e8e6491dd8d2e7f7572a8bdb385d3928c81d2c17f0edab0525f,226530,scripts/create_thesis_figure_13_confidence_safety_failure_ranking.py,naming,test-descriptive,path:convention,test,thesis-safe,yes,,yes
figures/thesis_figure_14_matched_attack_defense_effect_comparison.png,figure,2a6303746d3c3c6089a6831ea26d53991f20fb1112ec9c0804ba3f0fb113776f,276949,scripts/create_thesis_figure_14_matched_attack_defense_effect_comparison.py,naming,test-descriptive,path:convention,test,thesis-safe,yes,,yes
figures/thesis_figure_15_paired_safety_state_transition_heatmap.png,figure,1bbbf0a73aea31046ab04bc320c5fc3ddc19044cc53c4a5acc272bf98dd1358e,554633,scripts/create_thesis_table_15_figure_15_paired_safety_state_transitions.py,literal,test-descriptive,path:convention,test,thesis-safe,yes,,yes
figures/thesis_figure_16_fall_alert_composition.png,figure,bcc6fc482eb9482193e6a98bdeab7bef6186b885fcea48cdfea1ded3578d99cc,411146,scripts/create_thesis_table_16_figure_16_alert_trustworthiness.py,literal,test-descriptive,path:convention,test,thesis-safe,yes,,yes
figures/thesis_figure_17_class_normalized_false_fall_alarm_heatmap.png,figure,4dddc00ae0a35f885024adfdbc0c264ad99a9fd8606ae63d8e381aa38aa1f4b0,392132,scripts/create_thesis_table_17_figure_17_class_normalized_false_alarm_sources.py,literal,test-descriptive,path:convention,test,thesis-safe,yes,,yes
figures/thesis_figure_18_class_normalized_defense_effect_heatmap.png,figure,ddfc51094e4a7c075dd921ea442ea7e7c317e02dbfd8d4dff71def11d8f84fa2,326428,scripts/create_thesis_table_18_figure_18_class_normalized_defense_effect.py,literal,test-descriptive,path:convention,test,thesis-safe,yes,,yes
figures/thesis_figure_19_missed_fall_destination_heatmap.png,figure,6e357a2b0d3e1fa3567ee08be2c8728a12fa72cd6e130e2f097af8a806ebba9b,572392,scripts/create_thesis_table_19_figure_19_missed_fall_destination_classes.py,literal,test-descriptive,path:convention,test,thesis-safe,yes,,yes
figures/thesis_figure_1_safety_tradeoff.png,figure,c226e3d5999d688d3880392b74c8ccf586c63485e48fb0ea44993d2bec5ac695,142100,scripts/create_thesis_figure_1_safety_tradeoff.py,naming,test-descriptive,path:convention,test,thesis-safe,yes,,yes
figures/thesis_figure_20_fall_window_recovery_persistence.png,figure,be32327325f27e2492dd18c5962e67ddc028e8cea5fa97af4ab4a4fa8093653e,314225,scripts/create_thesis_table_20_figure_20_fall_window_recovery_persistence.py,literal,test-descriptive,path:convention,test,thesis-safe,yes,,yes
figures/thesis_figure_21_claim_boundary_evidence_matrix.png,figure,7b20910e0d3269e42689d0a66ac24255a4f7a13a5487ec3f60f51dbbe6d108d7,553388,scripts/create_thesis_table_21_figure_21_claim_boundary_evidence_matrix.py,literal,test-descriptive,path:convention,test,thesis-safe,yes,,yes
figures/thesis_figure_22_thesis_artifact_evidence_map.png,figure,581728ea0250ba1e50e7fa0a45423765513d1e9a775b93ad512d5fe23e119e73,1033519,scripts/create_thesis_table_22_figure_22_thesis_artifact_evidence_map.py,literal,test-descriptive,path:convention,test,thesis-safe,yes,,yes
figures/thesis_figure_23_safety_priority_sensitivity_heatmap.png,figure,5cda13c96e7a47a1573f5c4c24a9ba50d67ca37fa2b5c2284298308c7bcd96c7,446923,scripts/create_thesis_table_23_figure_23_safety_priority_sensitivity.py,literal,test-descriptive,path:convention,test,thesis-safe,yes,,yes
figures/thesis_figure_24_defense_recovery_residual_gap.png,figure,154da5f37a0e2381f3b517ab4c3362400d9697ea4b4e372650922543abe65c05,378235,scripts/create_thesis_table_24_figure_24_defense_recovery_residual_gap.py,literal,test-descriptive,path:convention,test,thesis-safe,yes,,yes
figures/thesis_figure_25_safety_score_component_decomposition.png,figure,14cc1cd331ebbbeefd35a0e87da76dc7bc0bb5e502c0bb82035f78b8988540a0,343392,scripts/create_thesis_table_25_figure_25_safety_score_component_decomposition.py,literal,test-descriptive,path:convention,test,thesis-safe,yes,,yes
figures/thesis_figure_27a_attack_severity_dose_response.png,figure,760de85e5b61a1f17651116f60b761b6c9d25277af5d659c3755b4e20c2b742c,544908,scripts/create_thesis_table_27_figure_27_attack_severity_dose_response.py,literal,test-descriptive,path:convention,test,thesis-safe,yes,,yes
figures/thesis_figure_27b_attack_severity_dose_response_zoom.png,figure,d4aca17d5ca257ecbb1b4db31a1b770891d854305d9a9d9bef30d449de179778,516791,scripts/create_thesis_table_27_figure_27_attack_severity_dose_response.py,literal,test-descriptive,path:convention,test,thesis-safe,yes,,yes
figures/thesis_figure_2_fgsm_pgd_epsilon_sweep.png,figure,8daf778b176fa997a6a3c65d0c57f1e3bac123054b63fcbf59cf675f807c219f,342236,scripts/create_thesis_figure_2_fgsm_pgd_epsilon_sweep.py,naming,test-descriptive,path:convention,test,thesis-safe,yes,,yes
figures/thesis_figure_3_defense_effect_summary.png,figure,543a3bfc61f01854a4cb6631f7f85ed15959a7dab98f031d38c5a795751eb3ca,183747,scripts/create_thesis_figure_3_defense_effect_summary.py,naming,test-descriptive,path:convention,test,thesis-safe,yes,,yes
figures/thesis_figure_4_clean_defense_tradeoff.png,figure,da5b20febde10a35b6a339505ab614890d2eeff76479da27aa6d55d8218fce05,201079,scripts/create_thesis_figure_4_clean_defense_tradeoff.py,naming,test-descriptive,path:convention,test,thesis-safe,yes,,yes
figures/thesis_figure_5_confusion_matrices.png,figure,174c2185c327af7af8697546e528d5eb2dc74d709336a75c557086748a601771,344958,scripts/create_thesis_figure_5_confusion_matrices.py,naming,test-descriptive,path:convention,test,thesis-safe,yes,,yes
figures/thesis_figure_6_seven_class_confusion_matrices.png,figure,722f4524d9db6e8629a620386c5f8107918fd53e843ffcd3d759b54586b7f426,535415,scripts/create_thesis_figure_6_seven_class_confusion_matrices.py,naming,test-descriptive,path:convention,test,thesis-safe,yes,,yes
figures/thesis_figure_7_failure_threshold_plot.png,figure,33f5610400dbca853b54c9af3502a1f9c1f028f9e996ff7c0815528036e1b5c9,484145,scripts/create_thesis_figure_7_failure_threshold_plot.py,naming,test-descriptive,path:convention,test,thesis-safe,yes,,yes
figures/thesis_figure_8_safety_translation_pipeline.png,figure,897b28b5c8e54c225eb8cc4846aadc4aeceae6271a29bc12d8ebafeb72c9d52c,506716,scripts/create_thesis_figure_8_safety_translation_pipeline.py,naming,test-descriptive,path:convention,test,thesis-safe,yes,,yes
figures/thesis_figure_9_safety_error_burden_composition.png,figure,80a8c122fa28e7fd9895a7b503f2bc559140f81255a2318a35cfd79af371d018,214401,scripts/create_thesis_figure_9_safety_error_burden_composition.py,naming,test-descriptive,path:convention,test,thesis-safe,yes,,yes
notes/archive/pipeline_logs/adversarial_training_defense_plan.md,report,97b34765d12a2c83e597ea7416e99c0c3d40a0bdccdd8b721dae247c4ae6d6d7,7309,unknown,none,diagnostic-internal,default,none,unmapped,no,not-a-figure-or-table-float,yes
notes/archive/pipeline_logs/clean_safety_proxy_metrics_log.md,report,ea783c58dafab1e24161bbd0baabac37d5da19dd2abb4f06c65ce7669320d844,4351,unknown,none,diagnostic-internal,default,none,unmapped,no,not-a-figure-or-table-float,yes
notes/archive/pipeline_logs/defended_vs_undefended_safety_comparison_log.md,report,22475d470e036a345f44cce250c5a96791d23c82bba1a7c985cc66e11c2e81f6,7269,unknown,none,diagnostic-internal,default,none,unmapped,no,not-a-figure-or-table-float,yes
notes/archive/pipeline_logs/defended_vs_undefended_safety_comparison_plan.md,report,ad652478524ed5fd9a7fee16b7903bdc70269c06e5ef574cddc978c61123f20c,6481,unknown,none,diagnostic-internal,default,none,unmapped,no,not-a-figure-or-table-float,yes
notes/archive/pipeline_logs/experiment_status_summary.md,report,ed0503a7e05556e567ff50da0332404d28f8f516d43ba792e8b20127002c112c,12713,unknown,none,diagnostic-internal,default,none,unmapped,no,not-a-figure-or-table-float,yes
notes/archive/pipeline_logs/fgsm_adversarial_training_defense_log.md,report,c8c555ce4c55185d92453aa011cd72994c97279056b47fb74ed96fab2e8ab26c,7592,unknown,none,diagnostic-internal,default,none,unmapped,no,not-a-figure-or-table-float,yes
notes/archive/pipeline_logs/fgsm_epsilon_sweep_figures_summary.md,report,13bf63de3e8a22c984f85d82032699364b7d21d1dca4cc441ea9888c8c3f9630,4171,unknown,none,diagnostic-internal,default,none,unmapped,no,not-a-figure-or-table-float,yes
notes/archive/pipeline_logs/fgsm_epsilon_sweep_log.md,report,7030905a4c3f82dc362e6a1f0834e15ef8bdc7e37b538e5073094a3c023fa40f,4673,unknown,none,diagnostic-internal,default,none,unmapped,no,not-a-figure-or-table-float,yes
notes/archive/pipeline_logs/fgsm_safety_proxy_metrics_log.md,report,d0b40d9163a0b06ec191597f370f72fd66426ece7df379acc0aed1be304f3280,5560,unknown,none,diagnostic-internal,default,none,unmapped,no,not-a-figure-or-table-float,yes
notes/archive/pipeline_logs/fgsm_vs_pgd_comparison_summary.md,report,1eff214566155b0044323ebc71eb84435a8061e6e6090a4f83ed09658e30dd65,4512,unknown,none,diagnostic-internal,default,none,unmapped,no,not-a-figure-or-table-float,yes
notes/archive/pipeline_logs/pgd_epsilon_sweep_figures_summary.md,report,c6b648eb9a7a015a51c182f2f849990f2f4867e79f7d86622b6437b12a6cede4,3847,unknown,none,diagnostic-internal,default,none,unmapped,no,not-a-figure-or-table-float,yes
notes/archive/pipeline_logs/pgd_epsilon_sweep_log.md,report,9657de646628fb4aab8b862e4e23423934f51b206070940267207ef71596e199,6162,unknown,none,diagnostic-internal,default,none,unmapped,no,not-a-figure-or-table-float,yes
notes/archive/pipeline_logs/pgd_prediction_export_log.md,report,c497ff928d50521ffb1a21365e31b2a432daa02de88f292b4832feed92fc2c97,3035,unknown,none,diagnostic-internal,default,none,unmapped,no,not-a-figure-or-table-float,yes
notes/archive/pipeline_logs/pgd_safety_proxy_metrics_log.md,report,39a3bb8483fcaa2d9b6a3979ff8b07dce22ec532798e58f2e6231776e5355d5d,4921,unknown,none,diagnostic-internal,default,none,unmapped,no,not-a-figure-or-table-float,yes
notes/archive/pipeline_logs/thesis_output_status_summary_through_figure_14.md,report,b8afe70ccda2b0f7a36b89adc6148c1547e16eda0f390edb89eb576cc3740ba6,9245,unknown,none,diagnostic-internal,default,none,unmapped,no,not-a-figure-or-table-float,yes
notes/artifact_audit_investigation_report.md,report,0817497ed8b351db223b5e0ed149aee675e863c24ad70f28706c6e6ccda0ad2d,39396,unknown,none,diagnostic-internal,default,none,unmapped,no,not-a-figure-or-table-float,yes
notes/clean_baseline_short_log.md,report,6e92225c6085dbe7c5093a7d58c8ef6683bc373f876e78736b79b0d6a8eeccc8,3017,unknown,none,diagnostic-internal,default,none,unmapped,no,not-a-figure-or-table-float,yes
notes/dataset_selection.md,report,cf9ab334c7753dcafcbc177c24007b137bec4578d14c7cc9c32982d6c93263fe,16869,unknown,none,diagnostic-internal,default,none,unmapped,no,not-a-figure-or-table-float,yes
notes/final_fgsm_pgd_attack_safety_lab_report.md,report,1b9ae16835289adf00aac8e8d53d4b6d28278ec06136fd4658f8881b109f40eb,16272,unknown,none,diagnostic-internal,default,none,unmapped,no,not-a-figure-or-table-float,yes
notes/latex_ready_cross_architecture_insert.md,report,2b8b9d69023185b68fa81977cb83ba7022d52b7033fc6734512c8efd4e59ef46,9093,unknown,none,test-descriptive,path:convention,test,unmapped,no,not-a-figure-or-table-float,yes
notes/multiseed_runtime_log.md,report,c49109487ccdb8bd62fd86a7e08021e5c1bdda82bcb4014e55bdd1f098971046,4077,unknown,none,test-descriptive,path:convention,test,unmapped,no,not-a-figure-or-table-float,yes
notes/priority2_bilstm_5seed_aggregate.md,report,bf66dd4f7d613e2015f4e3250e944690675f30370323adfb56e471fa397bc079,9522,unknown,none,diagnostic-internal,default,none,unmapped,no,not-a-figure-or-table-float,yes
notes/priority2_bilstm_seed43_cross_architecture.md,report,de71b8541c9e51958ede56ef2a2138e4188d79110be7108bee3688d673392d40,7117,unknown,none,test-descriptive,path:convention,test,unmapped,no,not-a-figure-or-table-float,yes
notes/priority2_bilstm_seed44_cross_architecture.md,report,b854f1509238fd0295a5ac404fda38ad062823bb88a44e14175e38230b12bc39,7146,unknown,none,test-descriptive,path:convention,test,unmapped,no,not-a-figure-or-table-float,yes
notes/priority2_bilstm_seed45_cross_architecture.md,report,de099a5d47649dd41f67ff2294597e77583efecfa8e3c781ec094153bd576dfa,9073,unknown,none,test-descriptive,path:convention,test,unmapped,no,not-a-figure-or-table-float,yes
notes/priority2_bilstm_seed46_cross_architecture.md,report,0ee58e28c35a04c3230b61581733687fa9ebe373dd289805c0291265310837a1,8440,unknown,none,test-descriptive,path:convention,test,unmapped,no,not-a-figure-or-table-float,yes
notes/priority2_cross_architecture_multiseed_summary.md,report,db440578787c1b764fcb791bf3535e740b62d2f8a3f3043283969771c33e8b94,10461,scripts/reconstruct_ch04_cross_arch_resnet_artifacts.py,literal,test-descriptive,path:convention,test,unmapped,no,not-a-figure-or-table-float,yes
notes/priority2_gru_5seed_aggregate.md,report,ed68b1782ef8f161a876b174c2872ea24109dad52a47bb7b7c1a5b4b15a5a58a,7953,unknown,none,diagnostic-internal,default,none,unmapped,no,not-a-figure-or-table-float,yes
notes/priority2_gru_seed43_cross_architecture.md,report,5f6c2b693d18c65a7ec90d9438917ca8bfd48497069843bbbb250d33f3897a88,5970,unknown,none,test-descriptive,path:convention,test,unmapped,no,not-a-figure-or-table-float,yes
notes/priority2_gru_seed44_cross_architecture.md,report,19d760e3ccee6be92d38f0251c42415e79d2bdd80e9c546368e17b7edf16d339,6454,unknown,none,test-descriptive,path:convention,test,unmapped,no,not-a-figure-or-table-float,yes
notes/priority2_gru_seed45_cross_architecture.md,report,235f3d46ce1dee34bf958eafee75921f86e00a98d2fb77681c01fd7485e532d7,7531,unknown,none,test-descriptive,path:convention,test,unmapped,no,not-a-figure-or-table-float,yes
notes/priority2_gru_seed46_cross_architecture.md,report,281cac05cd8f04401e913681ffaa428b992a10958c3d1788145b693a64bd4935,7400,unknown,none,test-descriptive,path:convention,test,unmapped,no,not-a-figure-or-table-float,yes
notes/priority2_resnet18_multiseed_summary.md,report,dae9270e57eb7afce63abf263f854fd97b9045f00085c2bbabd5da0769e6d5ec,6467,unknown,none,test-descriptive,path:convention,test,unmapped,no,not-a-figure-or-table-float,yes
notes/priority2_resnet18_seed47_cross_architecture.md,report,ecd4e48332d6d86d95694ad2a5886b28ba300075fed8f0866836fd813941342d,5919,unknown,none,test-descriptive,path:convention,test,unmapped,no,not-a-figure-or-table-float,yes
notes/priority2_resnet18_seed48_cross_architecture.md,report,429d089e11bd5b50ebfea79dd4cd7de8b249b42db0a82ff5f73214cf6f728252,7241,unknown,none,test-descriptive,path:convention,test,unmapped,no,not-a-figure-or-table-float,yes
notes/priority2_resnet_seed45_nonconverged.md,report,9a39a8aa96306c4980dcd93f643e595f85bd830c363833708445889f0130e914,3702,unknown,none,diagnostic-internal,default,none,unmapped,no,not-a-figure-or-table-float,yes
notes/priority2_seed42_cross_architecture_pilot.md,report,f85fb1198b1c348331d281a5319cf7e9e8064dc55aed888c1b5b9e717e8177a3,9658,unknown,none,test-descriptive,path:convention,test,unmapped,no,not-a-figure-or-table-float,yes
notes/priority2_transformer_5seed_aggregate.md,report,499af1263b617283e56f88f4300afe3da4811ca7ed1b9c94c7788065d0c8e462,9429,unknown,none,diagnostic-internal,default,none,unmapped,no,not-a-figure-or-table-float,yes
notes/priority2_transformer_seed43_cross_architecture.md,report,9649f0f672a316e2c9df20e23a28cc696077ca61c464d79b3496fc160c521561,7588,unknown,none,test-descriptive,path:convention,test,unmapped,no,not-a-figure-or-table-float,yes
notes/priority2_transformer_seed44_cross_architecture.md,report,81acdd6feb49dae9e7d83e6e5846d0718a7b42f43abe0cb45d9ebf192145879f,7671,unknown,none,test-descriptive,path:convention,test,unmapped,no,not-a-figure-or-table-float,yes
notes/priority2_transformer_seed45_cross_architecture.md,report,4a0746b11307b318fb8883f5c0fd2d7daa335728a21d6b5be78c254dabd973a0,8722,unknown,none,test-descriptive,path:convention,test,unmapped,no,not-a-figure-or-table-float,yes
notes/priority2_transformer_seed46_cross_architecture.md,report,bf41f7cfdccbe692879bd53c552d6c80a41669942f4b64486fe90614a42725e8,9315,unknown,none,test-descriptive,path:convention,test,unmapped,no,not-a-figure-or-table-float,yes
notes/sensefi_review.md,report,fe10f9f9d87214875b8540c1c69dc6dc3bbbb3c68d16b38535a08eb1242b2f58,53540,unknown,none,diagnostic-internal,default,none,unmapped,no,not-a-figure-or-table-float,yes
notes/smoke_test_log.md,report,8e52e393dacae2c3e447c9f33d2dcba62b60cf6e6f87ce2ce5da27fed9e6c382,1608,unknown,none,diagnostic-internal,default,none,unmapped,no,not-a-figure-or-table-float,yes
notes/thesis_figure_10_high_risk_multiclass_fall_error_pathways.md,report,020c8c70117fda91ac79c9ac0401fd5593b43310c7cc5fb99cf0fcc86ed9049c,2787,scripts/create_thesis_figure_10_high_risk_multiclass_fall_error_pathways.py,naming,test-descriptive,path:convention,test,thesis-safe,no,not-a-figure-or-table-float,yes
notes/thesis_figure_11_high_confidence_missed_fall_comparison.md,report,3bbd67ab3b8bdf7cc4e89457a0bd0321cec18b6f7d8bef61a7ac165fb108abf5,2715,scripts/create_thesis_figure_11_high_confidence_missed_fall_comparison.py,naming,test-descriptive,path:convention,test,thesis-safe,no,not-a-figure-or-table-float,yes
notes/thesis_figure_12_confidence_safety_failure_map.md,report,1384de26302358566c20e31958f63b89a331357e2b43fa618be163aa3fd30f35,3394,scripts/create_thesis_figure_12_confidence_safety_failure_map.py,naming,test-descriptive,path:convention,test,thesis-safe,no,not-a-figure-or-table-float,yes
notes/thesis_figure_13_confidence_safety_failure_ranking.md,report,4a355feb0686fd95b333b501d351f9b5847afd6011c684fe1e0e4595d62faece,3256,scripts/create_thesis_figure_13_confidence_safety_failure_ranking.py,naming,test-descriptive,path:convention,test,thesis-safe,no,not-a-figure-or-table-float,yes
notes/thesis_figure_14_matched_attack_defense_effect_comparison.md,report,c0d39f1258ffa94a5032ce508c004f91be7de96cc27ff97b31efe48587fa90ec,3895,scripts/create_thesis_figure_14_matched_attack_defense_effect_comparison.py,naming,test-descriptive,path:convention,test,thesis-safe,no,not-a-figure-or-table-float,yes
notes/thesis_figure_1_safety_tradeoff.md,report,ce4dce440a83d93c5e94e8db20762674c7e3bd8807efd232fc12d4578e0aefa4,2305,scripts/create_thesis_figure_1_safety_tradeoff.py,naming,test-descriptive,path:convention,test,thesis-safe,no,not-a-figure-or-table-float,yes
notes/thesis_figure_2_fgsm_pgd_epsilon_sweep.md,report,54c05637d967c775a145a3aadd5e3da7d83ff2002fe446f2522e1d080befd590,2037,scripts/create_thesis_figure_2_fgsm_pgd_epsilon_sweep.py,naming,test-descriptive,path:convention,test,thesis-safe,no,not-a-figure-or-table-float,yes
notes/thesis_figure_3_defense_effect_summary.md,report,7a788482ea60e62dcafe589a4fd72c5f14877f834afec3928cf7510aab234e3e,1884,scripts/create_thesis_figure_3_defense_effect_summary.py,naming,test-descriptive,path:convention,test,thesis-safe,no,not-a-figure-or-table-float,yes
notes/thesis_figure_4_clean_defense_tradeoff.md,report,bf0ae27c896edb7bf574ac4831d970cf4bf920bd9d9f0f2aec59700678922d5d,1755,scripts/create_thesis_figure_4_clean_defense_tradeoff.py,naming,test-descriptive,path:convention,test,thesis-safe,no,not-a-figure-or-table-float,yes
notes/thesis_figure_5_confusion_matrices.md,report,2a540c7b5a9abb7f2ac0f5f762a056ebd39e86269bae48443adeaa2e0b9a2eac,2340,scripts/create_thesis_figure_5_confusion_matrices.py,naming,test-descriptive,path:convention,test,thesis-safe,no,not-a-figure-or-table-float,yes
notes/thesis_figure_6_seven_class_confusion_matrices.md,report,619ab2f41af132fd29c9272db367c158bfa939041122953f13d1495946ace00c,2091,scripts/create_thesis_figure_6_seven_class_confusion_matrices.py,naming,test-descriptive,path:convention,test,thesis-safe,no,not-a-figure-or-table-float,yes
notes/thesis_figure_7_failure_threshold_plot.md,report,f4bcf9cdd3bc47d727a1e0f94831f963f94fc4c8f6fbbbe434d09f0f181c7a36,1874,scripts/create_thesis_figure_7_failure_threshold_plot.py,naming,test-descriptive,path:convention,test,thesis-safe,no,not-a-figure-or-table-float,yes
notes/thesis_figure_8_safety_translation_pipeline.md,report,c588dca86563858bf4e868341529dece003d4f739a46daacf826c01b903b26c7,2580,scripts/create_thesis_figure_8_safety_translation_pipeline.py,naming,test-descriptive,path:convention,test,thesis-safe,no,not-a-figure-or-table-float,yes
notes/thesis_figure_9_safety_error_burden_composition.md,report,a93ef00d76169800e63ba890ef5c354676b98051cb2feee19ec0e84ecc9c9fcc,2190,scripts/create_thesis_figure_9_safety_error_burden_composition.py,naming,test-descriptive,path:convention,test,thesis-safe,no,not-a-figure-or-table-float,yes
notes/thesis_ready_multiseed_summary.md,report,9681778e7fdf4562e74cac8edbeba0d5713c2e50edb8d0751b0ab36944906918,10208,unknown,none,test-descriptive,path:convention,test,unmapped,no,not-a-figure-or-table-float,yes
notes/thesis_table_10_extended_diagnostic_safety_metrics.md,report,1ef2593bb961441eebc66d18df8b91b1e4cbf06a7b98264c400c6b20b3217e88,2932,scripts/create_thesis_table_10_extended_diagnostic_safety_metrics.py,naming,test-descriptive,path:convention,test,thesis-safe,no,not-a-figure-or-table-float,yes
notes/thesis_table_11_attack_induced_safety_risk_amplification.md,report,c4674cfd103f17177f9ad113306b3f50060234dfde4ec74eead65b70291c4b30,3205,scripts/create_thesis_table_11_attack_induced_safety_risk_amplification.py,naming,test-descriptive,path:convention,test,thesis-safe,no,not-a-figure-or-table-float,yes
notes/thesis_table_12_model_confidence_error_summary.md,report,526e78c13004360b1c6ca0ac5b35941394e95f9caf372b3b0c5385ae35c3be8b,5904,scripts/create_thesis_table_12_model_confidence_error_summary.py,naming,test-descriptive,path:convention,test,thesis-safe,no,not-a-figure-or-table-float,yes
notes/thesis_table_13_confidence_safety_failure_ranking.md,report,a90c0cfcec59020e9457e43e8bdc70f7cb923df843cbf7b5e818b67be6723e2d,3393,scripts/create_thesis_table_13_confidence_safety_failure_ranking.py,naming,test-descriptive,path:convention,test,thesis-safe,no,not-a-figure-or-table-float,yes
notes/thesis_table_14_matched_attack_defense_effect_summary.md,report,5f335c1c811662217a877478d6f5d9fc9f80366a7070754b5b101972e4281b68,3880,scripts/create_thesis_table_14_matched_attack_defense_effect_summary.py,naming,test-descriptive,path:convention,test,thesis-safe,no,not-a-figure-or-table-float,yes
notes/thesis_table_15_figure_15_paired_safety_state_transitions.md,report,250df250a364287b8054c18d3c1b3d33ed5c1dbafc375e755ad3098d22478349,4996,scripts/create_thesis_table_15_figure_15_paired_safety_state_transitions.py,naming,test-descriptive,path:convention,test,thesis-safe,no,not-a-figure-or-table-float,yes
notes/thesis_table_16_figure_16_alert_trustworthiness.md,report,e60dd3526dc5eff01664e141e281fa9198bf54a798123ddb8d7822c616232023,3904,scripts/create_thesis_table_16_figure_16_alert_trustworthiness.py,naming,test-descriptive,path:convention,test,thesis-safe,no,not-a-figure-or-table-float,yes
notes/thesis_table_17_figure_17_class_normalized_false_alarm_sources.md,report,5f7da454877217db150ff194f6514a20e876708ce17f35002e7b44eba0b1c42b,3048,scripts/create_thesis_table_17_figure_17_class_normalized_false_alarm_sources.py,naming,test-descriptive,path:convention,test,thesis-safe,no,not-a-figure-or-table-float,yes
notes/thesis_table_18_figure_18_class_normalized_defense_effect.md,report,8102e3d8101ea325b20dc859817883c1c261e9faafd8a789973195f00ed33f9a,3087,scripts/create_thesis_table_18_figure_18_class_normalized_defense_effect.py,naming,test-descriptive,path:convention,test,thesis-safe,no,not-a-figure-or-table-float,yes
notes/thesis_table_19_figure_19_missed_fall_destination_classes.md,report,aeadf1756da1427ca3177151a1afbfece04805d8077b90176ab1422b47526d50,3852,scripts/create_thesis_table_19_figure_19_missed_fall_destination_classes.py,naming,test-descriptive,path:convention,test,thesis-safe,no,not-a-figure-or-table-float,yes
notes/thesis_table_1_safety_metrics.md,report,4ca9085d7e7e2545565bd5b3716265a4a0f2179691f611dbcbdd562e9b9955bb,2950,scripts/create_thesis_table_1_safety_metrics.py,naming,test-descriptive,path:convention,test,thesis-safe,no,not-a-figure-or-table-float,yes
notes/thesis_table_20_figure_20_fall_window_recovery_persistence.md,report,57729564b9ce066185a7987f59adb5b2e3db05abf82a26cb0c542a63a0e2e66f,2980,scripts/create_thesis_table_20_figure_20_fall_window_recovery_persistence.py,naming,test-descriptive,path:convention,test,thesis-safe,no,not-a-figure-or-table-float,yes
notes/thesis_table_21_figure_21_claim_boundary_evidence_matrix.md,report,265140037c69716ee191bb42d25b6068b4118d5523182e218ca193ba34950665,4788,scripts/create_thesis_table_21_figure_21_claim_boundary_evidence_matrix.py,naming,test-descriptive,path:convention,test,thesis-safe,no,not-a-figure-or-table-float,yes
notes/thesis_table_22_figure_22_thesis_artifact_evidence_map.md,report,da5c337251a9dfbd39bf5e161ae189aabea4effedcd6dcc822f42d8da004fd8d,4864,scripts/create_thesis_table_22_figure_22_thesis_artifact_evidence_map.py,naming,test-descriptive,path:convention,test,thesis-safe,no,not-a-figure-or-table-float,yes
notes/thesis_table_23_figure_23_safety_priority_sensitivity.md,report,44441b6ffc0f880620b3a424d195dd032aa52e982c4f21e2585f454afc1d737d,4718,scripts/create_thesis_table_23_figure_23_safety_priority_sensitivity.py,naming,test-descriptive,path:convention,test,thesis-safe,no,not-a-figure-or-table-float,yes
notes/thesis_table_24_figure_24_defense_recovery_residual_gap.md,report,5e191b31bb81fe6aa737dd25706d3e0a7ba702f05e73996294807ae5e6fb5d06,3936,scripts/create_thesis_table_24_figure_24_defense_recovery_residual_gap.py,naming,test-descriptive,path:convention,test,thesis-safe,no,not-a-figure-or-table-float,yes
notes/thesis_table_25_figure_25_safety_score_component_decomposition.md,report,368d6fca54908cfbb5ed78ed3901f6a365c79c71e04b8fc46df543c4bc87128f,4206,scripts/create_thesis_table_25_figure_25_safety_score_component_decomposition.py,naming,test-descriptive,path:convention,test,thesis-safe,no,not-a-figure-or-table-float,yes
notes/thesis_table_26_prediction_column_provenance_audit.md,report,2e437cbc9849f818ad927f6895e37ed969cb7175734502e03292179b25862e67,3487,scripts/create_thesis_table_26_prediction_column_provenance_audit.py,naming,test-descriptive,path:convention,test,thesis-safe,no,not-a-figure-or-table-float,yes
notes/thesis_table_27_figure_27_attack_severity_dose_response.md,report,b5ebe30f444816ccfeccba05aa6739af0acb404cbaecce925472aa89283aefb5,5583,scripts/create_thesis_table_27_figure_27_attack_severity_dose_response.py,naming,test-descriptive,path:convention,test,thesis-safe,no,not-a-figure-or-table-float,yes
notes/thesis_table_2_attack_impact_delta.md,report,3a1fd5fb5f2c2bb2572f4b5adb938b03a56e6d05030232df911f9283f001bb0e,1664,scripts/create_thesis_table_2_attack_impact_delta.py,naming,test-descriptive,path:convention,test,thesis-safe,no,not-a-figure-or-table-float,yes
notes/thesis_table_3_defense_tradeoff.md,report,ed8147286bf13cd4c06049719a327ccd579162e81cecd5304c59ed0064d352b8,2288,scripts/create_thesis_table_3_defense_tradeoff.py,naming,test-descriptive,path:convention,test,thesis-safe,no,not-a-figure-or-table-float,yes
notes/thesis_table_4_epsilon_sweep_summary.md,report,c4281011d4b6c09f9a3956005bdf2cc97efce550d517ee39f3506859e66e4ce4,2304,scripts/create_thesis_table_4_epsilon_sweep_summary.py,naming,test-descriptive,path:convention,test,thesis-safe,no,not-a-figure-or-table-float,yes
notes/thesis_table_5_reproducibility_configuration.md,report,384f4e413b2e7ec03f46805218d07637a5f2e3dd4b48b92d0b218bcaef9e0266,6233,scripts/create_thesis_table_5_reproducibility_configuration.py,naming,test-descriptive,path:convention,test,thesis-safe,no,not-a-figure-or-table-float,yes
notes/thesis_table_6_output_index.md,report,59375e532492a644d2507a74d47d558002afe407ed8fac060f92ca3924d5adce,17742,scripts/create_thesis_table_6_output_index.py,naming,test-descriptive,path:convention,test,thesis-safe,no,not-a-figure-or-table-float,yes
notes/thesis_table_7_metric_availability.md,report,6b597685b3cba419c751887ebcc0309589b13d297b4156135bc69f1ebe281114,9844,scripts/create_thesis_table_7_metric_availability.py,naming,test-descriptive,path:convention,test,thesis-safe,no,not-a-figure-or-table-float,yes
notes/thesis_table_8_high_risk_multiclass_error_taxonomy.md,report,50bfa2e547b10131a5355cb166c3351d8407f61a9d808611613a1308b8411046,13322,scripts/create_thesis_table_8_high_risk_multiclass_error_taxonomy.py,naming,test-descriptive,path:convention,test,thesis-safe,no,not-a-figure-or-table-float,yes
notes/thesis_table_9_robustness_failure_thresholds.md,report,c89355343f111f4683908d914536c6218708d04aec655cff2546bc7c7e3ac4b6,4235,scripts/create_thesis_table_9_robustness_failure_thresholds.py,naming,test-descriptive,path:convention,test,thesis-safe,no,not-a-figure-or-table-float,yes
notes/ut_har_dataset_metadata_audit.md,report,47046b79d4f98530cecca64fc7dd606d8b4e6f1517de9505ff09b45f9674050e,9906,scripts/create_thesis_table_6_output_index.py,literal,diagnostic-internal,default,none,unmapped,no,not-a-figure-or-table-float,yes
notes/window_level_vs_event_level_limitations.md,report,160043b86e7d059648b418cf54f01859aca9295867a48b85b6db3bd251809a76,7304,unknown,none,diagnostic-internal,default,none,unmapped,no,not-a-figure-or-table-float,yes
results/afac_score_frozen_threshold_followup/AFAC_PRE_RUN_STRATEGY.md,report,435ec3839777b09dc6dba868645438007817e0352b675082fe94b64521590100,18179,scripts/analysis/afac_score_stage1_validation_selection.py,literal,diagnostic-internal,default,none,unmapped,no,not-a-figure-or-table-float,no
results/afac_score_frozen_threshold_followup/PROVENANCE.md,report,3aad78afe727dd99e9fa9e1447ef22b0f9498c389c01b7172b846e0c9025b739,8505,unknown,none,diagnostic-internal,default,none,unmapped,no,not-a-figure-or-table-float,no
results/afac_score_frozen_threshold_followup/README.md,report,df43f71a25b14898df725dcc12d70e2790b1354c022838fdfe846eaef43c80f7,3433,scripts/create_thesis_table_15_figure_15_paired_safety_state_transitions.py,literal,diagnostic-internal,default,none,unmapped,no,not-a-figure-or-table-float,no
results/afac_score_frozen_threshold_followup/afac_score_bootstrap_stability_validation.csv,csv,81b19dd36b7a8edf8aa0a2ef94d16b1185d9977d77fd48f1d1ab36b8d9b07c18,502,scripts/analysis/afac_score_stage1_validation_selection.py,literal,diagnostic-internal,default,none,unmapped,no,not-a-figure-or-table-float,no
results/afac_score_frozen_threshold_followup/afac_score_clean_condition_at_primary_threshold.csv,csv,18af58579774e9130ea80e984fdf939c3ff8d11e6ddec10d7cadb48111250bc7,186,scripts/analysis/afac_score_stage2_test_application.py,literal,diagnostic-internal,default,none,unmapped,no,not-a-figure-or-table-float,no
results/afac_score_frozen_threshold_followup/afac_score_false_alarm_source_breakdown.csv,csv,6e4581fc492f4d0f9aced9fe0b9d61673659993b429f773e6bc671b7ca3978cf,885,scripts/analysis/afac_score_stage2_test_application.py,literal,diagnostic-internal,default,none,unmapped,no,not-a-figure-or-table-float,no
results/afac_score_frozen_threshold_followup/afac_score_frozen_threshold_summary.csv,csv,90d9ee5465b227d4bf8707e104984b04f94f9ac55443d17ae69def54f95f3136,1241,scripts/analysis/afac_score_stage2_test_application.py,literal,diagnostic-internal,default,none,unmapped,no,not-a-figure-or-table-float,no
results/afac_score_frozen_threshold_followup/afac_score_frozen_threshold_summary.md,report,1b466907dd7f5f4277b5eebb1cfa2ec4d9ce3b308d6cd88804177b5058bf7646,5426,unknown,none,diagnostic-internal,default,none,unmapped,no,not-a-figure-or-table-float,no
results/afac_score_frozen_threshold_followup/afac_score_missed_fall_destination_breakdown.csv,csv,6a250e67f374afd56dbdef0f78fe1545387a39ba02a0c85f5800af8a5b95d7a8,521,scripts/analysis/afac_score_stage2_test_application.py,literal,diagnostic-internal,default,none,unmapped,no,not-a-figure-or-table-float,no
results/afac_score_frozen_threshold_followup/afac_score_stage1_validation_summary.md,report,17a7e1d9f2097a362a31728a0421a5001c850a7adf102ec902a1cff1163a1ed8,3118,unknown,none,diagnostic-internal,default,none,unmapped,no,not-a-figure-or-table-float,no
results/afac_score_frozen_threshold_followup/afac_score_test_metrics_by_far_cap.csv,csv,d725ec0e2fe67c845a093ddaab2f31bc67c7ba8ff4f8422d08951b6767312be7,639,scripts/analysis/afac_score_stage2_test_application.py,literal,diagnostic-internal,default,none,unmapped,no,not-a-figure-or-table-float,no
results/afac_score_frozen_threshold_followup/afac_score_threshold_selection_validation.csv,csv,9b643c7a31ff52da271ac8a716f3277f2baefeb1f0b26403c394f905045fb307,446,scripts/analysis/afac_score_stage1_validation_selection.py,literal,diagnostic-internal,default,none,unmapped,no,not-a-figure-or-table-float,no
results/afac_score_frozen_threshold_followup/afac_score_validation_frontier.csv,csv,a54bbab0ac3fe17352c24edf474236100deec2a897bc230a6f79d1059e054018,26767,scripts/analysis/afac_score_stage1_validation_selection.py,literal,diagnostic-internal,default,none,unmapped,no,not-a-figure-or-table-float,no
results/afac_score_frozen_threshold_followup/val_eval/optionB_maxscore_clean_probabilities_val_epsilon_0_03.csv,predictions,280ad801cfa0e56418d446a6234ce90e90b3616e9d9d8019252ea08c29e7ac54,93239,unknown,none,validation-only,path:val,val,unmapped,no,not-a-figure-or-table-float,no
results/afac_score_frozen_threshold_followup/val_eval/optionB_maxscore_fgsm_probabilities_val_epsilon_0_03.csv,predictions,92f4b02262e348d0a2c1da4cf2bad369b31bc648cc126520e8e19a96394dd795,92625,unknown,none,validation-only,path:val,val,unmapped,no,not-a-figure-or-table-float,no
results/afac_score_frozen_threshold_followup/val_eval/optionB_maxscore_pgd_probabilities_val_epsilon_0_03.csv,predictions,3e57eeba8427d2f2961eedf809b2b8615230d334c9376640f43532ceb2defdfb,92138,scripts/analysis/afac_score_stage1_validation_selection.py,literal,validation-only,path:val,val,unmapped,no,not-a-figure-or-table-float,no
results/chapter6_defense_figures/figure_6_1/README.md,report,70c3142e6c2f8aca63b397ce8bd3013bf34a8065ea05ea48a06c43366fe2be66,1498,scripts/create_thesis_table_15_figure_15_paired_safety_state_transitions.py,literal,diagnostic-internal,default,none,unmapped,no,not-a-figure-or-table-float,yes
results/chapter6_defense_figures/figure_6_1/figure_6_1_defense_effect_summary.png,figure,279f9548377628c15c770a9e2aa446d3da4a8027100b9c00cfc42bbab6c2731e,171981,scripts/generate_ch06_converged_artifacts.py,literal,diagnostic-internal,default,none,unmapped,no,evidence-not-admissible;claim-not-approved,yes
results/chapter6_defense_figures/figure_6_1/figure_6_1_summary.csv,csv,1a530f7e86b6fcec628bdbce326a4b28b7b23654fa6feb09a461255c508efaa1,276,unknown,none,diagnostic-internal,default,none,unmapped,no,not-a-figure-or-table-float,yes
results/clean_baseline_short_metrics.csv,csv,aa3976c8c901d4cddaff4b03607cbe4ab02acac0b709cb9bbf0209d45939257f,252,scripts/run_sensefi_clean_baseline_short.py,literal,diagnostic-internal,default,none,unmapped,no,not-a-figure-or-table-float,yes
results/clean_predictions_short.csv,predictions,28fd8c902b951187b7c4d5bfbcb58af1a06395e878471e82f473827ec86f8548,35353,scripts/compare_defended_vs_undefended_safety_metrics.py,literal,diagnostic-internal,default,none,unmapped,no,not-a-figure-or-table-float,yes
results/clean_safety_proxy_metrics.csv,csv,b126e10461cd43a733838c046023061af85fd3d6320bed54184d8c13dd926836,443,scripts/compute_clean_safety_metrics.py,literal,diagnostic-internal,default,none,unmapped,no,not-a-figure-or-table-float,yes
results/converged_attacks/converged_seed42_attacks_metadata.json,metadata,fd95ab2de1cc48189bc8f44f3931639a4f3a6f42edd8b2ed662271b56620f271,5581,unknown,none,test-descriptive,path:convention,test,thesis-safe,no,not-a-figure-or-table-float,yes
results/converged_attacks/converged_seed42_fgsm_epsilon_sweep_legacy.csv,csv,1446eec6a77fbb814b3d8278e5787f128bdd27f7db789182d7607e8b16bcdb7e,2565,unknown,none,test-descriptive,path:convention,test,thesis-safe,no,not-a-figure-or-table-float,yes
results/converged_attacks/converged_seed42_fgsm_epsilon_sweep_test.csv,csv,3de9e78eb84992e979466c237504b39dc57b0ce3fef3867f1b10775203b69d76,2528,scripts/generate_ch05_converged_artifacts.py,literal,test-descriptive,ledger:test,test,thesis-safe,no,not-a-figure-or-table-float,yes
results/converged_attacks/converged_seed42_fgsm_predictions_legacy_epsilon_0_03.csv,predictions,2a7bc4a933cd6564e06b2ad526bd27e36c604f90427d60afe18eee69025c67bd,68474,unknown,none,test-descriptive,path:convention,test,thesis-safe,no,not-a-figure-or-table-float,yes
results/converged_attacks/converged_seed42_fgsm_predictions_test_epsilon_0_03.csv,predictions,1114314e7dc29724e0101280ff96ad9ff1c2b169512a3e1fbea9e053bef18b96,34425,scripts/generate_ch05_converged_artifacts.py,literal,test-descriptive,path:convention,test,thesis-safe,no,not-a-figure-or-table-float,yes
results/converged_attacks/converged_seed42_fgsm_safety_metrics_legacy_epsilon_0_03.csv,csv,b1f1f4b3c937f7e413ffa22ccb57c6942f3b86e39df469bb374e4c03b81bc406,476,unknown,none,test-descriptive,path:convention,test,thesis-safe,no,not-a-figure-or-table-float,yes
results/converged_attacks/converged_seed42_fgsm_safety_metrics_test_epsilon_0_03.csv,csv,ff9154de769924a3c4798db44ce24863dea39aa80d330c9093a44bc89ade698d,474,unknown,none,test-descriptive,ledger:test,test,thesis-safe,no,not-a-figure-or-table-float,yes
results/converged_attacks/converged_seed42_fgsm_sweep_predictions_legacy.csv,predictions,7f8437ed801cac4a7172307471175cc0e3d5e9b9f436d3c6552439a7bd2dbfb6,1225107,unknown,none,test-descriptive,path:convention,test,thesis-safe,no,not-a-figure-or-table-float,yes
results/converged_attacks/converged_seed42_fgsm_sweep_predictions_test.csv,predictions,cf8fd20d26eed5faa95019f98f5050d916e63faab42e16475b706cfab1a65810,613603,unknown,none,test-descriptive,path:convention,test,thesis-safe,no,not-a-figure-or-table-float,yes
results/converged_attacks/converged_seed42_pgd_epsilon_sweep_legacy.csv,csv,2286bb1141329d66492a518cd2a664c894f01de1d457610b73453a03e0bf59d9,2621,unknown,none,test-descriptive,path:convention,test,thesis-safe,no,not-a-figure-or-table-float,yes
results/converged_attacks/converged_seed42_pgd_epsilon_sweep_test.csv,csv,8e44f6d709405995eabca3d39ebae4d55b8e5246ad0723669784f5e7f0577eed,2581,scripts/generate_ch05_converged_artifacts.py,literal,test-descriptive,ledger:test,test,thesis-safe,no,not-a-figure-or-table-float,yes
results/converged_attacks/converged_seed42_pgd_predictions_legacy_epsilon_0_03.csv,predictions,ac54f044eb3ac50066ebfca4f7966dbad4fa07c0efa3634982b8a5f0c646e395,80424,unknown,none,test-descriptive,path:convention,test,thesis-safe,no,not-a-figure-or-table-float,yes
results/converged_attacks/converged_seed42_pgd_predictions_test_epsilon_0_03.csv,predictions,3a78ed16dbaeea2589367ad6b74de7754a240587b5ebc2654a727bd38ca68779,40445,scripts/generate_ch05_converged_artifacts.py,literal,test-descriptive,path:convention,test,thesis-safe,no,not-a-figure-or-table-float,yes
results/converged_attacks/converged_seed42_pgd_safety_metrics_legacy_epsilon_0_03.csv,csv,71c81147e031afc61632d3d07d4b4019ac17251abc6f2e68fe72fc34ee3109f4,479,unknown,none,test-descriptive,path:convention,test,thesis-safe,no,not-a-figure-or-table-float,yes
results/converged_attacks/converged_seed42_pgd_safety_metrics_test_epsilon_0_03.csv,csv,89e6861b9e19b9f1bb9b6e4c2df8b8858770d7e6292e4c8e08e7a31fcba06c4c,477,scripts/automation/test_scan_artifacts.py,literal,test-descriptive,ledger:test,test,thesis-safe,no,not-a-figure-or-table-float,yes
results/converged_attacks/converged_seed42_pgd_sweep_predictions_legacy.csv,predictions,5f72a0ee731fc62d62fa53e97a414f8c3225676bc03c3628e9f3a3e373ac2b30,1440229,unknown,none,test-descriptive,path:convention,test,thesis-safe,no,not-a-figure-or-table-float,yes
results/converged_attacks/converged_seed42_pgd_sweep_predictions_test.csv,predictions,6376bb4b72a59492c6b6b3e51498e16f67fdcdee8a8d5e51fc89eaf5572d3a94,721609,unknown,none,test-descriptive,path:convention,test,thesis-safe,no,not-a-figure-or-table-float,yes
results/converged_attacks/converged_seed42_sweep_metadata.json,metadata,b7f440662a07a409406a5960d8c5e52c6541923cc6f4b40e7282b43c205953bf,3636,unknown,none,test-descriptive,path:convention,test,thesis-safe,no,not-a-figure-or-table-float,yes
results/converged_attacks/converged_seed43_attacks_metadata.json,metadata,73b78e650857de71bd07f712c4b21f9240b86ddbbbc81793f2d1d552259400a8,5551,unknown,none,test-descriptive,path:convention,test,thesis-safe,no,not-a-figure-or-table-float,yes
results/converged_attacks/converged_seed43_fgsm_epsilon_sweep_legacy.csv,csv,b0e424ded5c2f758d24aa30693a73bb25684f217dad185a99c613fb3a6b686a7,2592,unknown,none,test-descriptive,path:convention,test,thesis-safe,no,not-a-figure-or-table-float,yes
results/converged_attacks/converged_seed43_fgsm_epsilon_sweep_test.csv,csv,5491b89fead05195bf15727aee43201cb0aa14fd0215342ac38debe27cbfb066,2529,unknown,none,test-descriptive,ledger:test,test,thesis-safe,no,not-a-figure-or-table-float,yes
results/converged_attacks/converged_seed43_fgsm_predictions_legacy_epsilon_0_03.csv,predictions,a88d26588ef782539b251c2eea74531a828373b97542bb2211561b0ac77f6b58,68575,unknown,none,test-descriptive,path:convention,test,thesis-safe,no,not-a-figure-or-table-float,yes
results/converged_attacks/converged_seed43_fgsm_predictions_test_epsilon_0_03.csv,predictions,e539d67e7a4f9d94240fd6ad550cd03bbe4f75e00bfebc7b87be0a1b268f34a0,34519,unknown,none,test-descriptive,path:convention,test,thesis-safe,no,not-a-figure-or-table-float,yes
results/converged_attacks/converged_seed43_fgsm_safety_metrics_legacy_epsilon_0_03.csv,csv,60f69bdbcf38eaa54947223750d6cbb148b9e1ab970e8b1a6deda5eafb2d10f8,478,unknown,none,test-descriptive,path:convention,test,thesis-safe,no,not-a-figure-or-table-float,yes
results/converged_attacks/converged_seed43_fgsm_safety_metrics_test_epsilon_0_03.csv,csv,97794f978d16d78f9e2deff974f57e0665b2b908ce00df430102e9995c76aa71,474,unknown,none,test-descriptive,ledger:test,test,thesis-safe,no,not-a-figure-or-table-float,yes
results/converged_attacks/converged_seed43_fgsm_sweep_predictions_legacy.csv,predictions,bb4bd4de75f7ea2bfaaaf9fdb72dfe9f810fa6fdc8cdf655be65a3cd7dbd958f,1226218,unknown,none,test-descriptive,path:convention,test,thesis-safe,no,not-a-figure-or-table-float,yes
results/converged_attacks/converged_seed43_fgsm_sweep_predictions_test.csv,predictions,f16d5803fee67e2bba7f5dd145190cb56dab7185c39426e2c9e7f9cd10bfeaeb,614525,unknown,none,test-descriptive,path:convention,test,thesis-safe,no,not-a-figure-or-table-float,yes
results/converged_attacks/converged_seed43_pgd_epsilon_sweep_legacy.csv,csv,5103d87f8b90e4f94b907f673cda2e95270fff554ab89122cdc514fe7f0ba2de,2647,unknown,none,test-descriptive,path:convention,test,thesis-safe,no,not-a-figure-or-table-float,yes
results/converged_attacks/converged_seed43_pgd_epsilon_sweep_test.csv,csv,5f6473317beab9b35d296d2b2a1a6b290027295f9f563ac6694a6ea64fdd9269,2582,unknown,none,test-descriptive,ledger:test,test,thesis-safe,no,not-a-figure-or-table-float,yes
results/converged_attacks/converged_seed43_pgd_predictions_legacy_epsilon_0_03.csv,predictions,408e95111e24ef6d297a0934e38e20090478fb33fe34fc366fc388e91d7209ac,80481,unknown,none,test-descriptive,path:convention,test,thesis-safe,no,not-a-figure-or-table-float,yes
results/converged_attacks/converged_seed43_pgd_predictions_test_epsilon_0_03.csv,predictions,4a6aa118c0c6bb250d7615a88b2144ae9090cb0d23a81292ece82c1ce7c64ce5,40496,unknown,none,test-descriptive,path:convention,test,thesis-safe,no,not-a-figure-or-table-float,yes
results/converged_attacks/converged_seed43_pgd_safety_metrics_legacy_epsilon_0_03.csv,csv,1fd12d9780f1d349e6014ef637f20dc6277f3a0e31ebf3356b7447b840ba75be,481,unknown,none,test-descriptive,path:convention,test,thesis-safe,no,not-a-figure-or-table-float,yes
results/converged_attacks/converged_seed43_pgd_safety_metrics_test_epsilon_0_03.csv,csv,f4dd36ffef2a4606c47c36afecb657168e314466b8b84d5d5137cf39227e7a60,477,unknown,none,test-descriptive,ledger:test,test,thesis-safe,no,not-a-figure-or-table-float,yes
results/converged_attacks/converged_seed43_pgd_sweep_predictions_legacy.csv,predictions,8ccd9995a75e11a91cd711a98913a3a9152a9a410ea0c2148981554d58dcb110,1441146,unknown,none,test-descriptive,path:convention,test,thesis-safe,no,not-a-figure-or-table-float,yes
results/converged_attacks/converged_seed43_pgd_sweep_predictions_test.csv,predictions,96400c24048a2c09302cb7a4941006adeb11400bdc5aca02d39b4f86ebcf5160,722424,unknown,none,test-descriptive,path:convention,test,thesis-safe,no,not-a-figure-or-table-float,yes
results/converged_attacks/converged_seed43_sweep_metadata.json,metadata,c9d7e128d7dbbfef0da4151ba20c8869bf925f77cae84975f8e614bcba6bfa92,3637,unknown,none,test-descriptive,path:convention,test,thesis-safe,no,not-a-figure-or-table-float,yes
results/converged_attacks/converged_seed44_attacks_metadata.json,metadata,001497c6f1d8998caa9f10d11f692a022533ff9fc2e672095e4553a4b5522824,5621,unknown,none,test-descriptive,path:convention,test,thesis-safe,no,not-a-figure-or-table-float,yes
results/converged_attacks/converged_seed44_fgsm_epsilon_sweep_legacy.csv,csv,b4b8b368ff17ca6577e7f995fcf263f91ffe9a33d551827ff6994e5602074926,2596,unknown,none,test-descriptive,path:convention,test,thesis-safe,no,not-a-figure-or-table-float,yes
results/converged_attacks/converged_seed44_fgsm_epsilon_sweep_test.csv,csv,edb40d1e11458b05bbcbf27fc6d9a2ca1f87af0960cfb8b5cb582fcacdbc6a33,2532,unknown,none,test-descriptive,ledger:test,test,thesis-safe,no,not-a-figure-or-table-float,yes
results/converged_attacks/converged_seed44_fgsm_predictions_legacy_epsilon_0_03.csv,predictions,941a6d544fa84a1a53fc1c5ec09d5a72ddfc78db3cbe0049026357fca0627fcf,68636,unknown,none,test-descriptive,path:convention,test,thesis-safe,no,not-a-figure-or-table-float,yes
results/converged_attacks/converged_seed44_fgsm_predictions_test_epsilon_0_03.csv,predictions,3ef82ef05738a10486ca8e3ea4516172da2e983074d8b75e23a796857d5a5a54,34574,unknown,none,test-descriptive,path:convention,test,thesis-safe,no,not-a-figure-or-table-float,yes
results/converged_attacks/converged_seed44_fgsm_safety_metrics_legacy_epsilon_0_03.csv,csv,1ab9d3d9fa3322a50497862e558b163b9dcae29642be728c66ce3b1ec2d3132e,479,unknown,none,test-descriptive,path:convention,test,thesis-safe,no,not-a-figure-or-table-float,yes
results/converged_attacks/converged_seed44_fgsm_safety_metrics_test_epsilon_0_03.csv,csv,935e99c6d6730befc66406e6120b288f8a6b5bef698be42b1904e55d02c9bbdb,474,unknown,none,test-descriptive,ledger:test,test,thesis-safe,no,not-a-figure-or-table-float,yes
results/converged_attacks/converged_seed44_fgsm_sweep_predictions_legacy.csv,predictions,0bdc3397c6f21c49fbbf42c2e21a4eaaf95328fd61c0faae493599b68111adac,1227663,unknown,none,test-descriptive,path:convention,test,thesis-safe,no,not-a-figure-or-table-float,yes
results/converged_attacks/converged_seed44_fgsm_sweep_predictions_test.csv,predictions,93f69737d7498a99b1db44b37160703e7c2c945573ae2066770aeb6b752439a9,615344,unknown,none,test-descriptive,path:convention,test,thesis-safe,no,not-a-figure-or-table-float,yes
results/converged_attacks/converged_seed44_pgd_epsilon_sweep_legacy.csv,csv,89cd17725d426a8f7196e64f4867dbdb21e77194b7fd782b9bdc40a7847b716c,2645,unknown,none,test-descriptive,path:convention,test,thesis-safe,no,not-a-figure-or-table-float,yes
results/converged_attacks/converged_seed44_pgd_epsilon_sweep_test.csv,csv,bdaa615b697e5209602c35f70cbd84a515a8caf40ab63cc687673441a2478e5a,2582,unknown,none,test-descriptive,ledger:test,test,thesis-safe,no,not-a-figure-or-table-float,yes
results/converged_attacks/converged_seed44_pgd_predictions_legacy_epsilon_0_03.csv,predictions,d9845e7f0ea354aaeb412fd2fcc6ee3c1c2dea0ef2f690b755ab70b4da2e07e4,80557,unknown,none,test-descriptive,path:convention,test,thesis-safe,no,not-a-figure-or-table-float,yes
results/converged_attacks/converged_seed44_pgd_predictions_test_epsilon_0_03.csv,predictions,4e7d7063dfe0a0e3127b7fae4fe2720dc349af80f7e0729b0e06c666ec4bf046,40559,unknown,none,test-descriptive,path:convention,test,thesis-safe,no,not-a-figure-or-table-float,yes
results/converged_attacks/converged_seed44_pgd_safety_metrics_legacy_epsilon_0_03.csv,csv,7c6602151cfe23beb93508efbc8a1fa0426f95d14d493be6bc31d2e4cf9d22e1,481,unknown,none,test-descriptive,path:convention,test,thesis-safe,no,not-a-figure-or-table-float,yes
results/converged_attacks/converged_seed44_pgd_safety_metrics_test_epsilon_0_03.csv,csv,468f4016589ea834031e7667088a1e4619a50af7ca51baa256a954673e2a2e88,477,unknown,none,test-descriptive,ledger:test,test,thesis-safe,no,not-a-figure-or-table-float,yes
results/converged_attacks/converged_seed44_pgd_sweep_predictions_legacy.csv,predictions,469fa472ac25460975cf7bfcfd1ad1c9da8e9bff5343af50baa3f2386d4eba34,1442518,unknown,none,test-descriptive,path:convention,test,thesis-safe,no,not-a-figure-or-table-float,yes
results/converged_attacks/converged_seed44_pgd_sweep_predictions_test.csv,predictions,d2e1adc180ffe60fcd872eb47cf3559583980dac8f66fde6cff5b7a1d61d5e1a,723354,unknown,none,test-descriptive,path:convention,test,thesis-safe,no,not-a-figure-or-table-float,yes
results/converged_attacks/converged_seed44_sweep_metadata.json,metadata,a7168ee0be95615d7cd9cc7e549494933b55536c1d5029555274135fc97de4a4,3577,unknown,none,test-descriptive,path:convention,test,thesis-safe,no,not-a-figure-or-table-float,yes
results/converged_attacks/converged_seed45_attacks_metadata.json,metadata,2a155e05f1b783dfb4aa36f646e5b9127f062c742024ec76ca7b013c3416dd8a,5656,unknown,none,test-descriptive,path:convention,test,thesis-safe,no,not-a-figure-or-table-float,yes
results/converged_attacks/converged_seed45_fgsm_epsilon_sweep_legacy.csv,csv,a81d546becff11091260c8015f69e33e0f5ef6634c722024face372e82aab934,2582,unknown,none,test-descriptive,path:convention,test,thesis-safe,no,not-a-figure-or-table-float,yes
results/converged_attacks/converged_seed45_fgsm_epsilon_sweep_test.csv,csv,5f0ac4c4b0221816f945d3e8dde4946b61bbe6e797ce7ca83c96da911d572e06,2530,unknown,none,test-descriptive,ledger:test,test,thesis-safe,no,not-a-figure-or-table-float,yes
results/converged_attacks/converged_seed45_fgsm_predictions_legacy_epsilon_0_03.csv,predictions,b2a689aa06fe54758ffe094e5fcfc63c1fc3bf606334e70cfe7a57a0903c763d,68760,unknown,none,test-descriptive,path:convention,test,thesis-safe,no,not-a-figure-or-table-float,yes
results/converged_attacks/converged_seed45_fgsm_predictions_test_epsilon_0_03.csv,predictions,b0936efa8f14330be5cfced4a48c2024bd21e86d710cd574cbe806de352bdaed,34657,unknown,none,test-descriptive,path:convention,test,thesis-safe,no,not-a-figure-or-table-float,yes
results/converged_attacks/converged_seed45_fgsm_safety_metrics_legacy_epsilon_0_03.csv,csv,379fb1c80f4da4cba0d97383883bb92d2bf9981c1c3a65a33900cee691d7e643,476,unknown,none,test-descriptive,path:convention,test,thesis-safe,no,not-a-figure-or-table-float,yes
results/converged_attacks/converged_seed45_fgsm_safety_metrics_test_epsilon_0_03.csv,csv,b0b0cb515f2a4f1ddd05868c1df91e883cac14b00cd00ba12a1a0827c7c34aee,474,unknown,none,test-descriptive,ledger:test,test,thesis-safe,no,not-a-figure-or-table-float,yes
results/converged_attacks/converged_seed45_fgsm_sweep_predictions_legacy.csv,predictions,5f7a0aa605c5afb0144f9b93994cddea6a6885e8133798a34f8bb4fe065ed539,1228995,unknown,none,test-descriptive,path:convention,test,thesis-safe,no,not-a-figure-or-table-float,yes
results/converged_attacks/converged_seed45_fgsm_sweep_predictions_test.csv,predictions,042c202f42f56041f61855082ff5b44757f8382cd86cc5c44b26e48898a5c8f7,616498,unknown,none,test-descriptive,path:convention,test,thesis-safe,no,not-a-figure-or-table-float,yes
results/converged_attacks/converged_seed45_pgd_epsilon_sweep_legacy.csv,csv,5ce4c17ec824f51005ea4feb8cad8205e59e7b096daadc7081ee7a8dffce358c,2645,unknown,none,test-descriptive,path:convention,test,thesis-safe,no,not-a-figure-or-table-float,yes
results/converged_attacks/converged_seed45_pgd_epsilon_sweep_test.csv,csv,697cd62a0149801404a66752cdef238003d445b2a95bdf486275638ae23d4cc2,2583,unknown,none,test-descriptive,ledger:test,test,thesis-safe,no,not-a-figure-or-table-float,yes
results/converged_attacks/converged_seed45_pgd_predictions_legacy_epsilon_0_03.csv,predictions,d56d3df091a3194e8f282905670298097f1165aa07d01aca3410f9b1e736390d,80584,unknown,none,test-descriptive,path:convention,test,thesis-safe,no,not-a-figure-or-table-float,yes
results/converged_attacks/converged_seed45_pgd_predictions_test_epsilon_0_03.csv,predictions,2a4edb2075b680fbf2c0a9f13c7b549d211c165a0ed86aa29f482ae4c2301d87,40597,unknown,none,test-descriptive,path:convention,test,thesis-safe,no,not-a-figure-or-table-float,yes
results/converged_attacks/converged_seed45_pgd_safety_metrics_legacy_epsilon_0_03.csv,csv,742e0b74a87d3d358cc9addd76a6f0d3446ed1d34ddce399a34343a68d8acc34,481,unknown,none,test-descriptive,path:convention,test,thesis-safe,no,not-a-figure-or-table-float,yes
results/converged_attacks/converged_seed45_pgd_safety_metrics_test_epsilon_0_03.csv,csv,121f4c4f02b068fcf63b8f86c5507788dcf990885860e7b06cb8bc1c6d386e92,477,unknown,none,test-descriptive,ledger:test,test,thesis-safe,no,not-a-figure-or-table-float,yes
results/converged_attacks/converged_seed45_pgd_sweep_predictions_legacy.csv,predictions,7d9b2ec09ec003fb9f4596ada30d145eb492f22e5002baa32cdf633332c7a5a5,1442926,unknown,none,test-descriptive,path:convention,test,thesis-safe,no,not-a-figure-or-table-float,yes
results/converged_attacks/converged_seed45_pgd_sweep_predictions_test.csv,predictions,004f718934057a9d3692089f35127f98778768485d4268750f5b410d5886f6c1,724007,unknown,none,test-descriptive,path:convention,test,thesis-safe,no,not-a-figure-or-table-float,yes
results/converged_attacks/converged_seed45_sweep_metadata.json,metadata,5bfc4df0d165c798dc77ecd12b899e27530bb601cdf638ed1f69db846bddc889,3637,unknown,none,test-descriptive,path:convention,test,thesis-safe,no,not-a-figure-or-table-float,yes
results/converged_attacks/converged_seed46_attacks_metadata.json,metadata,ccc3d1bb564c0a1b29baf87f32238cae1c55bceb23f60d7a17760d6fbbdab8e9,5677,unknown,none,test-descriptive,path:convention,test,thesis-safe,no,not-a-figure-or-table-float,yes
results/converged_attacks/converged_seed46_fgsm_epsilon_sweep_legacy.csv,csv,e1a20e507a3d78a8490424576929ec3cbfbe755a4fbd2d0acaf48a66d88c9034,2596,unknown,none,test-descriptive,path:convention,test,thesis-safe,no,not-a-figure-or-table-float,yes
results/converged_attacks/converged_seed46_fgsm_epsilon_sweep_test.csv,csv,78b68403d6ecf2e0e34ccca5aa8da485db81ea17bc99b014ab7f7120f72f76a1,2533,unknown,none,test-descriptive,ledger:test,test,thesis-safe,no,not-a-figure-or-table-float,yes
results/converged_attacks/converged_seed46_fgsm_predictions_legacy_epsilon_0_03.csv,predictions,414087c10ccfb5ee502c4cba364d352479817a35b90e64de134a4b8c438b7a9a,68704,unknown,none,test-descriptive,path:convention,test,thesis-safe,no,not-a-figure-or-table-float,yes
results/converged_attacks/converged_seed46_fgsm_predictions_test_epsilon_0_03.csv,predictions,472c69d2045c04773b27c358cc37a0b2b591e60a6979ee265fbdb4a0eb9ed701,34632,unknown,none,test-descriptive,path:convention,test,thesis-safe,no,not-a-figure-or-table-float,yes
results/converged_attacks/converged_seed46_fgsm_safety_metrics_legacy_epsilon_0_03.csv,csv,1a7417b0a386570f52926af338e70e6c59c883a6e3434ac586804f2837d77feb,479,unknown,none,test-descriptive,path:convention,test,thesis-safe,no,not-a-figure-or-table-float,yes
results/converged_attacks/converged_seed46_fgsm_safety_metrics_test_epsilon_0_03.csv,csv,b528488a547e8ad0c1095cf2fa74718c369e11418a1cddf4d6eb8a443ccba2e3,474,unknown,none,test-descriptive,ledger:test,test,thesis-safe,no,not-a-figure-or-table-float,yes
results/converged_attacks/converged_seed46_fgsm_sweep_predictions_legacy.csv,predictions,8328bc748e3ace276ffc100fd45b6fbfdb975eb5718e5e5ef78f21c8d402bd82,1228693,unknown,none,test-descriptive,path:convention,test,thesis-safe,no,not-a-figure-or-table-float,yes
results/converged_attacks/converged_seed46_fgsm_sweep_predictions_test.csv,predictions,267ba9f7256b69b87c497dd57f73f12daf67e93e1a1daa7482c118dc836296e5,616434,unknown,none,test-descriptive,path:convention,test,thesis-safe,no,not-a-figure-or-table-float,yes
results/converged_attacks/converged_seed46_pgd_epsilon_sweep_legacy.csv,csv,8c3b68852ceb3e38e83d1c66bafb939bed70515da26f283a0f09efc0ca7102eb,2647,unknown,none,test-descriptive,path:convention,test,thesis-safe,no,not-a-figure-or-table-float,yes
results/converged_attacks/converged_seed46_pgd_epsilon_sweep_test.csv,csv,1a58f0eed7848d98de994ab66e6838df347b91f98ff3d310a313f3ba057aee16,2584,unknown,none,test-descriptive,ledger:test,test,thesis-safe,no,not-a-figure-or-table-float,yes
results/converged_attacks/converged_seed46_pgd_predictions_legacy_epsilon_0_03.csv,predictions,9a5025abcb180c7f539e43c5f48739877b7a0b32832414adb7e16870faf70551,80578,unknown,none,test-descriptive,path:convention,test,thesis-safe,no,not-a-figure-or-table-float,yes
results/converged_attacks/converged_seed46_pgd_predictions_test_epsilon_0_03.csv,predictions,fce866529290032fab684b39ac083e160d5bfee3599bc53a601815bf2f17fe6f,40613,unknown,none,test-descriptive,path:convention,test,thesis-safe,no,not-a-figure-or-table-float,yes
results/converged_attacks/converged_seed46_pgd_safety_metrics_legacy_epsilon_0_03.csv,csv,78df8152cbb33278e88d21274bdd249e583350493acbeb7be09e1f3f3779be6c,481,unknown,none,test-descriptive,path:convention,test,thesis-safe,no,not-a-figure-or-table-float,yes
results/converged_attacks/converged_seed46_pgd_safety_metrics_test_epsilon_0_03.csv,csv,3543144297a2f185ecbbf8a5f64f46be07b1e2b678d2fd9871ab1a6883dcf600,477,unknown,none,test-descriptive,ledger:test,test,thesis-safe,no,not-a-figure-or-table-float,yes
results/converged_attacks/converged_seed46_pgd_sweep_predictions_legacy.csv,predictions,5a22347b6e3aeb92d5e8d95c018aa5f074c6e5735c5afe2550c7b96065b4aa4f,1443093,unknown,none,test-descriptive,path:convention,test,thesis-safe,no,not-a-figure-or-table-float,yes
results/converged_attacks/converged_seed46_pgd_sweep_predictions_test.csv,predictions,f7a9954a948f5992b240475ac6fd9a76974d87ec31fd9e8b0b5fa476037728e0,724266,unknown,none,test-descriptive,path:convention,test,thesis-safe,no,not-a-figure-or-table-float,yes
results/converged_attacks/converged_seed46_sweep_metadata.json,metadata,19d8a7967230b49bcabc86db07775cbfaed8e144aa52a7dff93dc78d8f1e13e6,3635,unknown,none,test-descriptive,path:convention,test,thesis-safe,no,not-a-figure-or-table-float,yes
results/converged_attacks/defended_fgsm_at_seed42_attacks_metadata.json,metadata,c64df794bd92af327b37529b133e5a77909c2e295a3d4cdeae95cd754540578c,5891,unknown,none,test-descriptive,path:convention,test,thesis-safe,no,not-a-figure-or-table-float,yes
results/converged_attacks/defended_fgsm_at_seed42_fgsm_epsilon_sweep_legacy.csv,csv,05453715e49affaf8c2553306abb86edeb4818b8375c72fe15b47203a350c0da,2579,unknown,none,test-descriptive,path:convention,test,thesis-safe,no,not-a-figure-or-table-float,yes
results/converged_attacks/defended_fgsm_at_seed42_fgsm_epsilon_sweep_test.csv,csv,129ecf1e4598cff950564ab1f2988363be2694b16dd720838a305cd846c7b1ea,2534,scripts/generate_ch05_converged_artifacts.py,literal,test-descriptive,ledger:test,test,thesis-safe,no,not-a-figure-or-table-float,yes
results/converged_attacks/defended_fgsm_at_seed42_fgsm_predictions_legacy_epsilon_0_03.csv,predictions,7ce55ef78fe8e30a54e4a0d934eaebed32e8a25657e832c0388976bf45c5cdb7,67991,unknown,none,test-descriptive,path:convention,test,thesis-safe,no,not-a-figure-or-table-float,yes
results/converged_attacks/defended_fgsm_at_seed42_fgsm_predictions_test_epsilon_0_03.csv,predictions,a9053eb777b72844293683f730c2b80f8f8f337f8a8b6bd3b7960efba8c09e4f,34197,scripts/generate_ch05_converged_artifacts.py,literal,test-descriptive,path:convention,test,thesis-safe,no,not-a-figure-or-table-float,yes
results/converged_attacks/defended_fgsm_at_seed42_fgsm_safety_metrics_legacy_epsilon_0_03.csv,csv,5daf659591b57cdc989020215bb102f386adb9a1f92752c51e914885c8d5af0c,477,unknown,none,test-descriptive,path:convention,test,thesis-safe,no,not-a-figure-or-table-float,yes
results/converged_attacks/defended_fgsm_at_seed42_fgsm_safety_metrics_test_epsilon_0_03.csv,csv,b84b989c61e7bb79bb794d069bcd753973a921e33fb5673c7554de7800f41e61,475,unknown,none,test-descriptive,ledger:test,test,thesis-safe,no,not-a-figure-or-table-float,yes
results/converged_attacks/defended_fgsm_at_seed42_fgsm_sweep_predictions_legacy.csv,predictions,00e7be9192bfc06bfa86e0ebb88a6f67ad73cf24a61b150fc1039c858b4edcf8,1218597,unknown,none,test-descriptive,path:convention,test,thesis-safe,no,not-a-figure-or-table-float,yes
results/converged_attacks/defended_fgsm_at_seed42_fgsm_sweep_predictions_test.csv,predictions,04d646e3148b03605cf9b46fe540cdbbd93bcca39aaafa3766fe906b39756522,610269,unknown,none,test-descriptive,path:convention,test,thesis-safe,no,not-a-figure-or-table-float,yes
results/converged_attacks/defended_fgsm_at_seed42_pgd_epsilon_sweep_legacy.csv,csv,044f02030348c9a05e2afdb31b2a74eca9537ba50e30fc5f4e854069ba2e941b,2646,unknown,none,test-descriptive,path:convention,test,thesis-safe,no,not-a-figure-or-table-float,yes
results/converged_attacks/defended_fgsm_at_seed42_pgd_epsilon_sweep_test.csv,csv,5f0eeab45b67e2ef20fc3fc592a338f1d605c468139ce34e0bbd6300d806ec6e,2587,scripts/generate_ch05_converged_artifacts.py,literal,test-descriptive,ledger:test,test,thesis-safe,no,not-a-figure-or-table-float,yes
results/converged_attacks/defended_fgsm_at_seed42_pgd_predictions_legacy_epsilon_0_03.csv,predictions,8db1a895838403fd2180cf81249efcaf66ac92025777fd7614c7f4be8b4cc956,80138,unknown,none,test-descriptive,path:convention,test,thesis-safe,no,not-a-figure-or-table-float,yes
results/converged_attacks/defended_fgsm_at_seed42_pgd_predictions_test_epsilon_0_03.csv,predictions,e72e9495c0ea981bc31c7c8cb3a3914166b5efcd467a879f640236b408eb17d4,40323,scripts/generate_ch05_converged_artifacts.py,literal,test-descriptive,path:convention,test,thesis-safe,no,not-a-figure-or-table-float,yes
results/converged_attacks/defended_fgsm_at_seed42_pgd_safety_metrics_legacy_epsilon_0_03.csv,csv,caec322d39d0e2784397472b79d3021e8b42334082cf9dbeea904dcd5f8b8cea,481,unknown,none,test-descriptive,path:convention,test,thesis-safe,no,not-a-figure-or-table-float,yes
results/converged_attacks/defended_fgsm_at_seed42_pgd_safety_metrics_test_epsilon_0_03.csv,csv,054c00e148e54cf41a379df6ac527dfcbdeeb5819e10a2b2d120b19ca32b29fa,477,unknown,none,test-descriptive,ledger:test,test,thesis-safe,no,not-a-figure-or-table-float,yes
results/converged_attacks/defended_fgsm_at_seed42_pgd_sweep_predictions_legacy.csv,predictions,1490d388677abd7f82d9eb3f8c51042dea60c9c14ee591c8862bf5f1469b1e4f,1437103,unknown,none,test-descriptive,path:convention,test,thesis-safe,no,not-a-figure-or-table-float,yes
results/converged_attacks/defended_fgsm_at_seed42_pgd_sweep_predictions_test.csv,predictions,b83dd36db10d302b090330917227be812c4f8a60a4fa5f9597555aaafbb43cc0,719957,unknown,none,test-descriptive,path:convention,test,thesis-safe,no,not-a-figure-or-table-float,yes
results/converged_attacks/defended_fgsm_at_seed42_sweep_metadata.json,metadata,2e56710093614108fa9b7cf5fa93ba823ce0f8d337f2d40f88bf2b73388baf43,3684,unknown,none,test-descriptive,path:convention,test,thesis-safe,no,not-a-figure-or-table-float,yes
results/converged_attacks/defended_fgsm_at_seed43_attacks_metadata.json,metadata,1207c74d53e0cee7a339fd13d5e11862ae02eb3870c20e239460dd9442799644,5807,unknown,none,test-descriptive,path:convention,test,thesis-safe,no,not-a-figure-or-table-float,yes
results/converged_attacks/defended_fgsm_at_seed43_fgsm_epsilon_sweep_legacy.csv,csv,83aa02cb5b1fd8d7296b2e99a40c604f030863c33d602cfe206402723f7bc58b,2571,unknown,none,test-descriptive,path:convention,test,thesis-safe,no,not-a-figure-or-table-float,yes
results/converged_attacks/defended_fgsm_at_seed43_fgsm_epsilon_sweep_test.csv,csv,eb87c10f2a9b220a1e2aecabfe77c6472ccea6fcbe1cf26111aa61fab574de08,2519,unknown,none,test-descriptive,ledger:test,test,thesis-safe,no,not-a-figure-or-table-float,yes
results/converged_attacks/defended_fgsm_at_seed43_fgsm_predictions_legacy_epsilon_0_03.csv,predictions,43b916b51c3ffa7c1f6b2b2a4b086a89bf7c18d5b0333f22e43602c55061fdd1,67870,unknown,none,test-descriptive,path:convention,test,thesis-safe,no,not-a-figure-or-table-float,yes
results/converged_attacks/defended_fgsm_at_seed43_fgsm_predictions_test_epsilon_0_03.csv,predictions,0be62a096353051ec6a8e5390182398a520766a27f8e80c30096c959cedaede1,34189,unknown,none,test-descriptive,path:convention,test,thesis-safe,no,not-a-figure-or-table-float,yes
results/converged_attacks/defended_fgsm_at_seed43_fgsm_safety_metrics_legacy_epsilon_0_03.csv,csv,bb38717f933ee45ad78fce59ef501f41c60461ecf75d1df04dc05413ac7ce34c,477,unknown,none,test-descriptive,path:convention,test,thesis-safe,no,not-a-figure-or-table-float,yes
results/converged_attacks/defended_fgsm_at_seed43_fgsm_safety_metrics_test_epsilon_0_03.csv,csv,d45e24c2b4a98f8ef529784ef18f55f5f94c8d9681277120bc470f552f978985,475,unknown,none,test-descriptive,ledger:test,test,thesis-safe,no,not-a-figure-or-table-float,yes
results/converged_attacks/defended_fgsm_at_seed43_fgsm_sweep_predictions_legacy.csv,predictions,c643f771d79cf5d481cc98c92ff2a4d1a95cb012076041b18e40bac03bbc4950,1216341,unknown,none,test-descriptive,path:convention,test,thesis-safe,no,not-a-figure-or-table-float,yes
results/converged_attacks/defended_fgsm_at_seed43_fgsm_sweep_predictions_test.csv,predictions,ef8745028b49a58701cfdd5fc6759a3760ebbd30566eb182ec5533d8ff73abc9,609660,unknown,none,test-descriptive,path:convention,test,thesis-safe,no,not-a-figure-or-table-float,yes
results/converged_attacks/defended_fgsm_at_seed43_pgd_epsilon_sweep_legacy.csv,csv,7e3a595099b53a1df2c8e80fc81085b9252fbd887da986c8c4ef3dcbf915aef2,2622,unknown,none,test-descriptive,path:convention,test,thesis-safe,no,not-a-figure-or-table-float,yes
results/converged_attacks/defended_fgsm_at_seed43_pgd_epsilon_sweep_test.csv,csv,87e79887d3a76333abea6371a53730eccf2b7084d23a3faa5c310540eef82d37,2577,unknown,none,test-descriptive,ledger:test,test,thesis-safe,no,not-a-figure-or-table-float,yes
results/converged_attacks/defended_fgsm_at_seed43_pgd_predictions_legacy_epsilon_0_03.csv,predictions,7c0529bd2133072c3a38659819dd50bc9930191d01d16efe746918e253261a06,80044,unknown,none,test-descriptive,path:convention,test,thesis-safe,no,not-a-figure-or-table-float,yes
results/converged_attacks/defended_fgsm_at_seed43_pgd_predictions_test_epsilon_0_03.csv,predictions,f118f5b350b575ca1beb13417222aa0b76252fdd7138faede80e5c9357271a29,40291,unknown,none,test-descriptive,path:convention,test,thesis-safe,no,not-a-figure-or-table-float,yes
results/converged_attacks/defended_fgsm_at_seed43_pgd_safety_metrics_legacy_epsilon_0_03.csv,csv,7eaebb972007a2d4eb555e6edcf424b92ee0eab3a999e04bd68240733044b6e3,479,unknown,none,test-descriptive,path:convention,test,thesis-safe,no,not-a-figure-or-table-float,yes
results/converged_attacks/defended_fgsm_at_seed43_pgd_safety_metrics_test_epsilon_0_03.csv,csv,70330381a81e4cad3641030c3e9dc5ec076d5a58a2a40360e6316f95eaaf3106,477,unknown,none,test-descriptive,ledger:test,test,thesis-safe,no,not-a-figure-or-table-float,yes
results/converged_attacks/defended_fgsm_at_seed43_pgd_sweep_predictions_legacy.csv,predictions,39b073eaeb9fcb23b35009b7886ef6a0b168d180b360dba969d5033a38b3a375,1434616,unknown,none,test-descriptive,path:convention,test,thesis-safe,no,not-a-figure-or-table-float,yes
results/converged_attacks/defended_fgsm_at_seed43_pgd_sweep_predictions_test.csv,predictions,80f9596bce43eb7156b7e0e2cd3282f19ffa0c185df28b28df063b4cc5184993,719343,unknown,none,test-descriptive,path:convention,test,thesis-safe,no,not-a-figure-or-table-float,yes
results/converged_attacks/defended_fgsm_at_seed43_sweep_metadata.json,metadata,887744112d4c27e481f82a7a707855c1b8495357af1ca07c334c8f5ba57e04b4,3684,unknown,none,test-descriptive,path:convention,test,thesis-safe,no,not-a-figure-or-table-float,yes
results/converged_attacks/defended_fgsm_at_seed44_attacks_metadata.json,metadata,931f7098f286a97cf7f289c2b1208d6790915a7fd224a259650787887e89c86f,5829,unknown,none,test-descriptive,path:convention,test,thesis-safe,no,not-a-figure-or-table-float,yes
results/converged_attacks/defended_fgsm_at_seed44_fgsm_epsilon_sweep_legacy.csv,csv,07b67a2c1ba866ddf59645bdaec363c8b8c7ddb204d7a5d17fb800f00b049139,2575,unknown,none,test-descriptive,path:convention,test,thesis-safe,no,not-a-figure-or-table-float,yes
results/converged_attacks/defended_fgsm_at_seed44_fgsm_epsilon_sweep_test.csv,csv,8c532679485c9f2e14669c72a4e8290d16d7ce1c144f75540bf9e58a0684fe04,2530,unknown,none,test-descriptive,ledger:test,test,thesis-safe,no,not-a-figure-or-table-float,yes
results/converged_attacks/defended_fgsm_at_seed44_fgsm_predictions_legacy_epsilon_0_03.csv,predictions,b4a0c17330b098de02319a33313187d77612c1b715aa3067a518b6c7f878a131,68030,unknown,none,test-descriptive,path:convention,test,thesis-safe,no,not-a-figure-or-table-float,yes
results/converged_attacks/defended_fgsm_at_seed44_fgsm_predictions_test_epsilon_0_03.csv,predictions,a708064ffe6289681e5a0af0b09ece15e1b52845032df85f817b5a0408683790,34228,unknown,none,test-descriptive,path:convention,test,thesis-safe,no,not-a-figure-or-table-float,yes
results/converged_attacks/defended_fgsm_at_seed44_fgsm_safety_metrics_legacy_epsilon_0_03.csv,csv,8ed22bdde6234c94373c92ba7a6ebe20390ce915b65b7a8a879ff1ddb55d686c,477,unknown,none,test-descriptive,path:convention,test,thesis-safe,no,not-a-figure-or-table-float,yes
results/converged_attacks/defended_fgsm_at_seed44_fgsm_safety_metrics_test_epsilon_0_03.csv,csv,a5fd8f599eec7e49109a416a5309aed8582a460c131cbea19e343fcbaaaf76ea,475,unknown,none,test-descriptive,ledger:test,test,thesis-safe,no,not-a-figure-or-table-float,yes
results/converged_attacks/defended_fgsm_at_seed44_fgsm_sweep_predictions_legacy.csv,predictions,a3e14f6605f8e41d25a3039d5bcf7a5fa7a61ac815e603352733158b33e230f0,1218473,unknown,none,test-descriptive,path:convention,test,thesis-safe,no,not-a-figure-or-table-float,yes
results/converged_attacks/defended_fgsm_at_seed44_fgsm_sweep_predictions_test.csv,predictions,435d879c5063545772cfd0452841ccb86a9add0e60e572f5d63fcb694c1d8077,610551,unknown,none,test-descriptive,path:convention,test,thesis-safe,no,not-a-figure-or-table-float,yes
results/converged_attacks/defended_fgsm_at_seed44_pgd_epsilon_sweep_legacy.csv,csv,e3f09a2f6de7daed42663c012535463c4c1b541b2589f7c3e06ac52486993223,2623,unknown,none,test-descriptive,path:convention,test,thesis-safe,no,not-a-figure-or-table-float,yes
results/converged_attacks/defended_fgsm_at_seed44_pgd_epsilon_sweep_test.csv,csv,de7d5c42f981fc74f8c8b8f326b64850be5b4c82c6fb38e97c878ae9004fe106,2583,unknown,none,test-descriptive,ledger:test,test,thesis-safe,no,not-a-figure-or-table-float,yes
results/converged_attacks/defended_fgsm_at_seed44_pgd_predictions_legacy_epsilon_0_03.csv,predictions,07cca31c0dbaa85ee6029a17c8dbb6c03efd8e6cdbc27f817e85da8041686383,80199,unknown,none,test-descriptive,path:convention,test,thesis-safe,no,not-a-figure-or-table-float,yes
results/converged_attacks/defended_fgsm_at_seed44_pgd_predictions_test_epsilon_0_03.csv,predictions,9d6e3f9aff0e03e52d53b684777f54027bbd942ee719ff5b2eec29928943e9ec,40364,unknown,none,test-descriptive,path:convention,test,thesis-safe,no,not-a-figure-or-table-float,yes
results/converged_attacks/defended_fgsm_at_seed44_pgd_safety_metrics_legacy_epsilon_0_03.csv,csv,9005261ce620d70297d1bdc3b051ae34cf5859f4e7abc5b599daa95749804a4a,479,unknown,none,test-descriptive,path:convention,test,thesis-safe,no,not-a-figure-or-table-float,yes
results/converged_attacks/defended_fgsm_at_seed44_pgd_safety_metrics_test_epsilon_0_03.csv,csv,9a5c2bd6ae2960ea89f67dd3947f18bb4efd96a07ae92df4d946e268d65bc06c,477,unknown,none,test-descriptive,ledger:test,test,thesis-safe,no,not-a-figure-or-table-float,yes
results/converged_attacks/defended_fgsm_at_seed44_pgd_sweep_predictions_legacy.csv,predictions,9af5508cd25bd70ba542ca5a257e6fe8118bf4aece6070a9835f5680ce1f480c,1435706,unknown,none,test-descriptive,path:convention,test,thesis-safe,no,not-a-figure-or-table-float,yes
results/converged_attacks/defended_fgsm_at_seed44_pgd_sweep_predictions_test.csv,predictions,8a2b11364512fe2b066fa9a8349da761a9bda81ef1195dfba0e42a97c31ede5e,719653,unknown,none,test-descriptive,path:convention,test,thesis-safe,no,not-a-figure-or-table-float,yes
results/converged_attacks/defended_fgsm_at_seed44_sweep_metadata.json,metadata,dba566e68bde5d57f6208ec991f1e07ff4cf3b7b2338ee4bfa5be39ea7642d4c,3621,unknown,none,test-descriptive,path:convention,test,thesis-safe,no,not-a-figure-or-table-float,yes
results/converged_attacks/defended_fgsm_at_seed45_attacks_metadata.json,metadata,43d1c55656618ee083addcc257d5bfab260803d025d3d70477a5d5d4bc7afa6a,5888,unknown,none,test-descriptive,path:convention,test,thesis-safe,no,not-a-figure-or-table-float,yes
results/converged_attacks/defended_fgsm_at_seed45_fgsm_epsilon_sweep_legacy.csv,csv,d6005a6e4ddf640c1c6834b0e31a738d0b0de5c5ab9888ae99ff84d61ee1c61e,2590,unknown,none,test-descriptive,path:convention,test,thesis-safe,no,not-a-figure-or-table-float,yes
results/converged_attacks/defended_fgsm_at_seed45_fgsm_epsilon_sweep_test.csv,csv,fe264dab6d3bec1be363558511de361e21d0bc8f208d6b71130de0f346a113bb,2536,unknown,none,test-descriptive,ledger:test,test,thesis-safe,no,not-a-figure-or-table-float,yes
results/converged_attacks/defended_fgsm_at_seed45_fgsm_predictions_legacy_epsilon_0_03.csv,predictions,20af9b9185dea8b46f1cd647438e3922fd37bc9292c0819717d588fd1aa2882f,68067,unknown,none,test-descriptive,path:convention,test,thesis-safe,no,not-a-figure-or-table-float,yes
results/converged_attacks/defended_fgsm_at_seed45_fgsm_predictions_test_epsilon_0_03.csv,predictions,4055b5e9186edb02b62fa0c50dbf6f55955b5df850bc2bddec1ebff67b621527,34235,unknown,none,test-descriptive,path:convention,test,thesis-safe,no,not-a-figure-or-table-float,yes
results/converged_attacks/defended_fgsm_at_seed45_fgsm_safety_metrics_legacy_epsilon_0_03.csv,csv,44ddb3f932a98b8e632b6d1901739834ff1208c3274b559ab37620af4b2955be,477,unknown,none,test-descriptive,path:convention,test,thesis-safe,no,not-a-figure-or-table-float,yes
results/converged_attacks/defended_fgsm_at_seed45_fgsm_safety_metrics_test_epsilon_0_03.csv,csv,75eb0968ccbcb489670a1b9ab3ab8c4a4e3f5b7c39e52b696a30ae1ccff5dcd5,475,unknown,none,test-descriptive,ledger:test,test,thesis-safe,no,not-a-figure-or-table-float,yes
results/converged_attacks/defended_fgsm_at_seed45_fgsm_sweep_predictions_legacy.csv,predictions,bdfc45604e5fec13dc6b947819f747901e1f8bf6ad6a50d737c439d613ba88a5,1219501,unknown,none,test-descriptive,path:convention,test,thesis-safe,no,not-a-figure-or-table-float,yes
results/converged_attacks/defended_fgsm_at_seed45_fgsm_sweep_predictions_test.csv,predictions,1869b7af78b6f578264fdaa3e05d1f70f8958222035ce5ced45842bc72997046,610745,unknown,none,test-descriptive,path:convention,test,thesis-safe,no,not-a-figure-or-table-float,yes
results/converged_attacks/defended_fgsm_at_seed45_pgd_epsilon_sweep_legacy.csv,csv,82251d1a6c7d9ed5fe5099bc18205dfde2383ba9de279dc2820a240b74b5be96,2645,unknown,none,test-descriptive,path:convention,test,thesis-safe,no,not-a-figure-or-table-float,yes
results/converged_attacks/defended_fgsm_at_seed45_pgd_epsilon_sweep_test.csv,csv,605a11a02cd009029e34a13735eac0ac1dbc2aceae4efd440e32013567529d3a,2586,unknown,none,test-descriptive,ledger:test,test,thesis-safe,no,not-a-figure-or-table-float,yes
results/converged_attacks/defended_fgsm_at_seed45_pgd_predictions_legacy_epsilon_0_03.csv,predictions,0ee59a1e5cb2c4f9cdb6eeb4a3a6e34b2e62284b72433a6b9397db9dd94bb0e9,80202,unknown,none,test-descriptive,path:convention,test,thesis-safe,no,not-a-figure-or-table-float,yes
results/converged_attacks/defended_fgsm_at_seed45_pgd_predictions_test_epsilon_0_03.csv,predictions,d9b11d94487314de1bb7e9f7cb0983390e1c912ec769a4af9f87c3881c1ec7d1,40360,unknown,none,test-descriptive,path:convention,test,thesis-safe,no,not-a-figure-or-table-float,yes
results/converged_attacks/defended_fgsm_at_seed45_pgd_safety_metrics_legacy_epsilon_0_03.csv,csv,68b9ee6bdbb8b54734ae2bfeb56983f88294a886be8941b71d2b70547612f4e3,482,unknown,none,test-descriptive,path:convention,test,thesis-safe,no,not-a-figure-or-table-float,yes
results/converged_attacks/defended_fgsm_at_seed45_pgd_safety_metrics_test_epsilon_0_03.csv,csv,8a7bd3e51eb844cfcb02f6fd3edf95b472397be1b25abc2cf489aa65e7e9b8eb,477,unknown,none,test-descriptive,ledger:test,test,thesis-safe,no,not-a-figure-or-table-float,yes
results/converged_attacks/defended_fgsm_at_seed45_pgd_sweep_predictions_legacy.csv,predictions,7e932ed61134f8800ceb07f79073a1cfc76fc4192d6199f339627b5b82c1f850,1437006,unknown,none,test-descriptive,path:convention,test,thesis-safe,no,not-a-figure-or-table-float,yes
results/converged_attacks/defended_fgsm_at_seed45_pgd_sweep_predictions_test.csv,predictions,7a4f453d88d93c39de04a42ccd4144007ccbd930b5d73b1fd7a1e88aae968e04,720082,unknown,none,test-descriptive,path:convention,test,thesis-safe,no,not-a-figure-or-table-float,yes
results/converged_attacks/defended_fgsm_at_seed45_sweep_metadata.json,metadata,82a36147fb24bc6f38282da7b3669666713d19d02f27bfbbf8fdb41d187f8930,3680,unknown,none,test-descriptive,path:convention,test,thesis-safe,no,not-a-figure-or-table-float,yes
results/converged_attacks/defended_fgsm_at_seed46_attacks_metadata.json,metadata,d9009a576d421f013b3cb2470b30c57874b25c9b0fa3bb4c75bf2829ff486384,5892,unknown,none,test-descriptive,path:convention,test,thesis-safe,no,not-a-figure-or-table-float,yes
results/converged_attacks/defended_fgsm_at_seed46_fgsm_epsilon_sweep_legacy.csv,csv,d3344ba3c5925720e6e32bd5a85f2f0c4eb186a95ec32fd7f1867ed405e94758,2576,unknown,none,test-descriptive,path:convention,test,thesis-safe,no,not-a-figure-or-table-float,yes
results/converged_attacks/defended_fgsm_at_seed46_fgsm_epsilon_sweep_test.csv,csv,39b07e2bae30e28c6144c202cdf9897ab2e324a0e1e27746a9eef5cc6dd59e2d,2529,unknown,none,test-descriptive,ledger:test,test,thesis-safe,no,not-a-figure-or-table-float,yes
results/converged_attacks/defended_fgsm_at_seed46_fgsm_predictions_legacy_epsilon_0_03.csv,predictions,826a859dd82ca13e381f7f3e7ba748d5303cea885ee9500f0e4fc14c946d871e,68106,unknown,none,test-descriptive,path:convention,test,thesis-safe,no,not-a-figure-or-table-float,yes
results/converged_attacks/defended_fgsm_at_seed46_fgsm_predictions_test_epsilon_0_03.csv,predictions,0e92e6b7b683dec7c9d3c7eab420015e194bfc1047102f037d5812383c34c4f5,34261,unknown,none,test-descriptive,path:convention,test,thesis-safe,no,not-a-figure-or-table-float,yes
results/converged_attacks/defended_fgsm_at_seed46_fgsm_safety_metrics_legacy_epsilon_0_03.csv,csv,b0a7a2dbff221bd869a49c846368072a5613fd865642641fe99fecbaf62d7788,477,unknown,none,test-descriptive,path:convention,test,thesis-safe,no,not-a-figure-or-table-float,yes
results/converged_attacks/defended_fgsm_at_seed46_fgsm_safety_metrics_test_epsilon_0_03.csv,csv,3bb01bc07564789b01ad632c1d32660b672168b7b6774ce7efe6ff94dd2506d7,475,unknown,none,test-descriptive,ledger:test,test,thesis-safe,no,not-a-figure-or-table-float,yes
results/converged_attacks/defended_fgsm_at_seed46_fgsm_sweep_predictions_legacy.csv,predictions,8f589b50a883d2416321e71a96fefcec8a34bd91b2250ab182d0521c8c8d11a5,1221130,unknown,none,test-descriptive,path:convention,test,thesis-safe,no,not-a-figure-or-table-float,yes
results/converged_attacks/defended_fgsm_at_seed46_fgsm_sweep_predictions_test.csv,predictions,166816edef69af92f791a70342b5bea5f52dbe7ac9878c53d3c59e2639332235,611552,unknown,none,test-descriptive,path:convention,test,thesis-safe,no,not-a-figure-or-table-float,yes
results/converged_attacks/defended_fgsm_at_seed46_pgd_epsilon_sweep_legacy.csv,csv,0a606fe5f60f4e9fa90484ba94eb5f221d25229c8a8dcbb459aea38794bea6c5,2638,unknown,none,test-descriptive,path:convention,test,thesis-safe,no,not-a-figure-or-table-float,yes
results/converged_attacks/defended_fgsm_at_seed46_pgd_epsilon_sweep_test.csv,csv,6a3d2147281095d70b00858f11e954724bbe0c3ab219e794d7f8428e69950d58,2583,unknown,none,test-descriptive,ledger:test,test,thesis-safe,no,not-a-figure-or-table-float,yes
results/converged_attacks/defended_fgsm_at_seed46_pgd_predictions_legacy_epsilon_0_03.csv,predictions,4109a626d8e1d99fed3380250bf85a3e1b9b9ddaf0805c03c6a0c9197f9d49e4,80309,unknown,none,test-descriptive,path:convention,test,thesis-safe,no,not-a-figure-or-table-float,yes
results/converged_attacks/defended_fgsm_at_seed46_pgd_predictions_test_epsilon_0_03.csv,predictions,cddd266742c67bbf29d15aa7ef7b3e55384655ba6d1195d3d6b2d7f3ae225467,40410,unknown,none,test-descriptive,path:convention,test,thesis-safe,no,not-a-figure-or-table-float,yes
results/converged_attacks/defended_fgsm_at_seed46_pgd_safety_metrics_legacy_epsilon_0_03.csv,csv,c8370b7ac14f1ed67dee07d82a59b1026f16c266e98d50664902270022c5f72b,480,unknown,none,test-descriptive,path:convention,test,thesis-safe,no,not-a-figure-or-table-float,yes
results/converged_attacks/defended_fgsm_at_seed46_pgd_safety_metrics_test_epsilon_0_03.csv,csv,48eb0551916ecf7d6e1cc0987714e49a86d642e44cb04d31441b6f3555ddffd2,477,unknown,none,test-descriptive,ledger:test,test,thesis-safe,no,not-a-figure-or-table-float,yes
results/converged_attacks/defended_fgsm_at_seed46_pgd_sweep_predictions_legacy.csv,predictions,37d682f09e0329204c17f7a4a9bf33867b8a1ac6935b78314744cc06421e3952,1438954,unknown,none,test-descriptive,path:convention,test,thesis-safe,no,not-a-figure-or-table-float,yes
results/converged_attacks/defended_fgsm_at_seed46_pgd_sweep_predictions_test.csv,predictions,a57d5db3a554f9991e64704d3242270b50cb5107e4feee913a0a801a96fff6ea,720896,unknown,none,test-descriptive,path:convention,test,thesis-safe,no,not-a-figure-or-table-float,yes
results/converged_attacks/defended_fgsm_at_seed46_sweep_metadata.json,metadata,e5f341dbbb83c5a8fa49b7aa175c792e085f68e40933e777f360705f01772aeb,3681,unknown,none,test-descriptive,path:convention,test,thesis-safe,no,not-a-figure-or-table-float,yes
results/converged_baseline/converged_seed42_fall_binary_metrics.csv,csv,10e8f3fa08d8ba48ff7a8b43421195bb97f89949872eb2f51a3c857bdada2ee1,289,scripts/run_converged_attacks.py,literal,test-descriptive,path:convention,test,thesis-safe,no,not-a-figure-or-table-float,yes
results/converged_baseline/converged_seed42_legacy_eval_fall_binary_metrics.csv,csv,fc05c7186307e7bf3580f54cbd6c627d1c380555b9c47f7f6cdb26fff7b294d3,289,scripts/run_converged_attacks.py,literal,test-descriptive,path:convention,test,thesis-safe,no,not-a-figure-or-table-float,yes
results/converged_baseline/converged_seed42_legacy_eval_per_class_metrics.csv,csv,a5685a002f70e87c460b514d3c3a8584bfb20f6b24bddba6749af8628ace8adb,334,unknown,none,test-descriptive,path:convention,test,thesis-safe,no,not-a-figure-or-table-float,yes
results/converged_baseline/converged_seed42_legacy_eval_predictions.csv,csv,68af0872f718b243d373130fac7f0b72d6d9c1ed8187cdf1cd26828fddc77d6b,35996,unknown,none,test-descriptive,path:convention,test,thesis-safe,no,not-a-figure-or-table-float,yes
results/converged_baseline/converged_seed42_legacy_eval_summary_metrics.csv,csv,44536d660953e71970fbeecb43dc48264a9a9985e100ebcb1b8c9a1a3cef5276,302,scripts/run_converged_attacks.py,literal,test-descriptive,path:convention,test,thesis-safe,no,not-a-figure-or-table-float,yes
results/converged_baseline/converged_seed42_metadata.json,metadata,7a338d6758972c68e506af886b1f82070c9117f3ca5ed5e7809b258bb04ef373,3149,unknown,none,test-descriptive,path:convention,test,thesis-safe,no,not-a-figure-or-table-float,yes
results/converged_baseline/converged_seed42_per_class_metrics.csv,csv,d422d3a04864389bf6fc28a9dd25d709b11313c948cfa921eba8978c70eee67f,333,unknown,none,test-descriptive,path:convention,test,thesis-safe,no,not-a-figure-or-table-float,yes
results/converged_baseline/converged_seed42_summary_metrics.csv,csv,2d3fa5e45d77eabf2dabfe3035b7dab2000daf0fbefed84577e4827c90d20cd6,431,scripts/run_converged_attacks.py,literal,test-descriptive,path:convention,test,thesis-safe,no,not-a-figure-or-table-float,yes
results/converged_baseline/converged_seed42_test_predictions.csv,csv,c3f328e21548e2bdc02a6a34fc94c78bead7314a6775acfae445d15e258e1b2f,18088,scripts/generate_ch05_converged_artifacts.py,literal,test-descriptive,ledger:test,test,thesis-safe,no,not-a-figure-or-table-float,yes
results/converged_baseline/converged_seed42_training_curve.csv,csv,192127e06a37af68a92355e323d0173764b12ad5c60b39a7f9d2743fe57b0d76,3048,unknown,none,test-descriptive,path:convention,test,thesis-safe,no,not-a-figure-or-table-float,yes
results/converged_baseline/converged_seed43_fall_binary_metrics.csv,csv,1d8aabdcc7253ccdd0aaa0047c4ac04cd683e997a5789b0c4e7ad13163d0a85c,289,unknown,none,test-descriptive,path:convention,test,thesis-safe,no,not-a-figure-or-table-float,yes
results/converged_baseline/converged_seed43_legacy_eval_fall_binary_metrics.csv,csv,a1aa119502da6629668b6ab4fc1c274653a0685774b203db1c4991562c12e864,289,unknown,none,test-descriptive,path:convention,test,thesis-safe,no,not-a-figure-or-table-float,yes
results/converged_baseline/converged_seed43_legacy_eval_per_class_metrics.csv,csv,9b3a5e6db92bbb26e6adf87a87c8f80877f81d60b09721cec6469be7775cff68,334,unknown,none,test-descriptive,path:convention,test,thesis-safe,no,not-a-figure-or-table-float,yes
results/converged_baseline/converged_seed43_legacy_eval_predictions.csv,csv,f9039e49a16a0e673def1e3ff2e904e7fb45a9b8b18ffbfa7b95a87e2c8cfb36,35981,unknown,none,test-descriptive,path:convention,test,thesis-safe,no,not-a-figure-or-table-float,yes
results/converged_baseline/converged_seed43_legacy_eval_summary_metrics.csv,csv,c3da09d99e05f350860cde3ea68ac26f172e6bc53f67db4df9760ddb417193bd,302,unknown,none,test-descriptive,path:convention,test,thesis-safe,no,not-a-figure-or-table-float,yes
results/converged_baseline/converged_seed43_metadata.json,metadata,804b16b3181a45497dc0a75720be17ac3322909d0204d74be0ba758d7f5c67cb,3164,unknown,none,test-descriptive,path:convention,test,thesis-safe,no,not-a-figure-or-table-float,yes
results/converged_baseline/converged_seed43_per_class_metrics.csv,csv,e7d4fee4e8213efa5468d8f0821accadb201380d46f42ac6e045f36981bab498,333,unknown,none,test-descriptive,path:convention,test,thesis-safe,no,not-a-figure-or-table-float,yes
results/converged_baseline/converged_seed43_summary_metrics.csv,csv,4153c1fef2717b5ec9f4d0b14c911c7f1a0b2f134d4fe4839a288378dddccf4d,431,unknown,none,test-descriptive,path:convention,test,thesis-safe,no,not-a-figure-or-table-float,yes
results/converged_baseline/converged_seed43_test_predictions.csv,csv,7aaeee503db1322d3c0b0f0dc082588c1e85ff758944f1a7ddb09aae06b0c9bd,18075,unknown,none,test-descriptive,ledger:test,test,thesis-safe,no,not-a-figure-or-table-float,yes
results/converged_baseline/converged_seed43_training_curve.csv,csv,e43a2118b5e9f405b7eb48d4452bb2a4c03c497a87821f0c7a0b2fa07d1919d3,3244,unknown,none,test-descriptive,path:convention,test,thesis-safe,no,not-a-figure-or-table-float,yes
results/converged_baseline/converged_seed44_fall_binary_metrics.csv,csv,1fc40657753737c3a7ef651720965ffcb25c55e5710d46315ce7c63f9481401c,289,unknown,none,test-descriptive,path:convention,test,thesis-safe,no,not-a-figure-or-table-float,yes
results/converged_baseline/converged_seed44_legacy_eval_fall_binary_metrics.csv,csv,31bd9f5979872534198e7cd1e92f6b87e47c80661c0b4292c1e0dc43a51bc15e,289,unknown,none,test-descriptive,path:convention,test,thesis-safe,no,not-a-figure-or-table-float,yes
results/converged_baseline/converged_seed44_legacy_eval_per_class_metrics.csv,csv,e6daef21e08315497890a24db1430f2f43284173d84ae47431ea71c6317cac42,334,unknown,none,test-descriptive,path:convention,test,thesis-safe,no,not-a-figure-or-table-float,yes
results/converged_baseline/converged_seed44_legacy_eval_predictions.csv,csv,e1a2962057aa72e7e28f9d490cb2468a8183a5481af95f312e4e355312479f7e,35981,unknown,none,test-descriptive,path:convention,test,thesis-safe,no,not-a-figure-or-table-float,yes
results/converged_baseline/converged_seed44_legacy_eval_summary_metrics.csv,csv,6ecf574c6b68b10b4cb094ab4897e0d252499fa5fdc83258d60beb079933e3d2,302,unknown,none,test-descriptive,path:convention,test,thesis-safe,no,not-a-figure-or-table-float,yes
results/converged_baseline/converged_seed44_metadata.json,metadata,a3ecab1116b839ede5de955db944d3809fbca47ae0fa8d219bccdd46bf57a758,3133,unknown,none,test-descriptive,path:convention,test,thesis-safe,no,not-a-figure-or-table-float,yes
results/converged_baseline/converged_seed44_per_class_metrics.csv,csv,4199f39f863f03e9cd053923f7ddb298bad14ef9185073565ea032dcf3dcc78c,333,unknown,none,test-descriptive,path:convention,test,thesis-safe,no,not-a-figure-or-table-float,yes
results/converged_baseline/converged_seed44_summary_metrics.csv,csv,0ea426c6b7fc3863387e8e4fd65114fab2d2cc256e7f175e059aa0c7d0cd35dc,432,unknown,none,test-descriptive,path:convention,test,thesis-safe,no,not-a-figure-or-table-float,yes
results/converged_baseline/converged_seed44_test_predictions.csv,csv,4d254ad03530b3ebb33e617490c8ac1df86f0c8a7c11372ab321af912e89b943,18070,unknown,none,test-descriptive,ledger:test,test,thesis-safe,no,not-a-figure-or-table-float,yes
results/converged_baseline/converged_seed44_training_curve.csv,csv,c682843d23bcc04a291fc3f3587a5cbd4f43b202348e1300c782bde5f22331c9,5060,unknown,none,test-descriptive,path:convention,test,thesis-safe,no,not-a-figure-or-table-float,yes
results/converged_baseline/converged_seed45_fall_binary_metrics.csv,csv,1d8aabdcc7253ccdd0aaa0047c4ac04cd683e997a5789b0c4e7ad13163d0a85c,289,unknown,none,test-descriptive,path:convention,test,thesis-safe,no,not-a-figure-or-table-float,yes
results/converged_baseline/converged_seed45_legacy_eval_fall_binary_metrics.csv,csv,a1aa119502da6629668b6ab4fc1c274653a0685774b203db1c4991562c12e864,289,unknown,none,test-descriptive,path:convention,test,thesis-safe,no,not-a-figure-or-table-float,yes
results/converged_baseline/converged_seed45_legacy_eval_per_class_metrics.csv,csv,c2b4d2267aa169913fa32816837438ad2dd34c305f91c8f12f2ef3bc4e1ffc99,334,unknown,none,test-descriptive,path:convention,test,thesis-safe,no,not-a-figure-or-table-float,yes
results/converged_baseline/converged_seed45_legacy_eval_predictions.csv,csv,4861a546f6ed9bec9d08f4b6ffe39093685ee33473ba5df2959bd0f4c385c6e3,36009,unknown,none,test-descriptive,path:convention,test,thesis-safe,no,not-a-figure-or-table-float,yes
results/converged_baseline/converged_seed45_legacy_eval_summary_metrics.csv,csv,3a73ce83bb57b154cf2b6b264d67d4b51eba48c2093ebc7ff44f1f0fdfb82da4,302,unknown,none,test-descriptive,path:convention,test,thesis-safe,no,not-a-figure-or-table-float,yes
results/converged_baseline/converged_seed45_metadata.json,metadata,81a0e355dd1860f6ddc7e6559ac69b74aad29513b004d664d074ee183b12e274,3164,unknown,none,test-descriptive,path:convention,test,thesis-safe,no,not-a-figure-or-table-float,yes
results/converged_baseline/converged_seed45_per_class_metrics.csv,csv,4832466ff3fff71af46e4f941fd5580f2baa5d56e9b08ce88e2a65fa3992f4e1,333,unknown,none,test-descriptive,path:convention,test,thesis-safe,no,not-a-figure-or-table-float,yes
results/converged_baseline/converged_seed45_summary_metrics.csv,csv,8b43f276f7af5bcaba01d1903ec4c0d325dcd75af7e93583911e00bdb0d3b920,431,unknown,none,test-descriptive,path:convention,test,thesis-safe,no,not-a-figure-or-table-float,yes
results/converged_baseline/converged_seed45_test_predictions.csv,csv,6e999de3b764c3126d6bdb5984a66411eaa8c97c14d41c65f8e7520dad9748b1,18093,unknown,none,test-descriptive,ledger:test,test,thesis-safe,no,not-a-figure-or-table-float,yes
results/converged_baseline/converged_seed45_training_curve.csv,csv,77b3e1095dc85d680fea751f62136f388b0f17281af64bac6668689a9805ad54,3734,unknown,none,test-descriptive,path:convention,test,thesis-safe,no,not-a-figure-or-table-float,yes
results/converged_baseline/converged_seed46_fall_binary_metrics.csv,csv,1d8aabdcc7253ccdd0aaa0047c4ac04cd683e997a5789b0c4e7ad13163d0a85c,289,unknown,none,test-descriptive,path:convention,test,thesis-safe,no,not-a-figure-or-table-float,yes
results/converged_baseline/converged_seed46_legacy_eval_fall_binary_metrics.csv,csv,a1aa119502da6629668b6ab4fc1c274653a0685774b203db1c4991562c12e864,289,unknown,none,test-descriptive,path:convention,test,thesis-safe,no,not-a-figure-or-table-float,yes
results/converged_baseline/converged_seed46_legacy_eval_per_class_metrics.csv,csv,149686c8ed391dea132bd587d53587a9bafac3d7ebfe3c8c7b38fedd55275bd4,334,unknown,none,test-descriptive,path:convention,test,thesis-safe,no,not-a-figure-or-table-float,yes
results/converged_baseline/converged_seed46_legacy_eval_predictions.csv,csv,ff12b47fdbe4937a7728bb2f205060abc46435a59a25bd86d579e395f1eb3604,35975,unknown,none,test-descriptive,path:convention,test,thesis-safe,no,not-a-figure-or-table-float,yes
results/converged_baseline/converged_seed46_legacy_eval_summary_metrics.csv,csv,a5d65a80aad7de504ab7ef4afaf3a272154d35bf2e2e576905323430e84028a5,302,unknown,none,test-descriptive,path:convention,test,thesis-safe,no,not-a-figure-or-table-float,yes
results/converged_baseline/converged_seed46_metadata.json,metadata,00e36dfa1c5732d2d9ab8878831b85a0cfe9b161d11b4f5eae31c629d4496714,3164,unknown,none,test-descriptive,path:convention,test,thesis-safe,no,not-a-figure-or-table-float,yes
results/converged_baseline/converged_seed46_per_class_metrics.csv,csv,e9ab1bd0deaa7bc9eda6bd29d2d10f8194f40735c75b164b6518287649944466,333,unknown,none,test-descriptive,path:convention,test,thesis-safe,no,not-a-figure-or-table-float,yes
results/converged_baseline/converged_seed46_summary_metrics.csv,csv,b90eeb0726410f550169255395efc804be640f9638d4705800c80492a0c8b23c,431,unknown,none,test-descriptive,path:convention,test,thesis-safe,no,not-a-figure-or-table-float,yes
results/converged_baseline/converged_seed46_test_predictions.csv,csv,0bacaa98d28af3ae729689a7d702788815cbb9b690f17546244111b335949dce,18066,unknown,none,test-descriptive,ledger:test,test,thesis-safe,no,not-a-figure-or-table-float,yes
results/converged_baseline/converged_seed46_training_curve.csv,csv,4d9b2e7e2df1a41ff95e6517b45173b3035871d447ba34b92ae12ad0f5cda42f,4273,unknown,none,test-descriptive,path:convention,test,thesis-safe,no,not-a-figure-or-table-float,yes
results/converged_ch04_artifacts/ch04_converged_artifacts_metadata.json,metadata,a962bbaf92b4c004ae7a01032729ded11e3a8b73c6c575225cd8f0ff5ad7b60d,1976,scripts/generate_ch04_converged_artifacts.py,naming,test-descriptive,path:convention,test,thesis-safe,no,not-a-figure-or-table-float,yes
results/converged_ch04_artifacts/ch04_epsilon_sweep_selected.csv,csv,b0bfb9f06809379318d8b92a567a60b59424baf5a9c63e36c69f81182f21c9fe,727,scripts/generate_ch04_converged_artifacts.py,naming,test-descriptive,path:convention,test,thesis-safe,no,not-a-figure-or-table-float,yes
results/converged_ch04_artifacts/ch04_multiclass_error_pathways.csv,csv,24cce894a8d47c4fdd139b05bdee1fee02283baa7934db9aab4f7387729b2f7d,877,scripts/generate_ch04_converged_artifacts.py,naming,test-descriptive,path:convention,test,thesis-safe,no,not-a-figure-or-table-float,yes
results/converged_ch04_artifacts/ch04_transition_detail.csv,csv,c3bd215daca96c2b2ca0e16b8e321d40a65be03ee376b207bd8782d71ae9c270,1486,scripts/generate_ch04_converged_artifacts.py,naming,test-descriptive,path:convention,test,thesis-safe,no,not-a-figure-or-table-float,yes
results/converged_ch04_artifacts/ch04_walking_class_vulnerability.csv,csv,ef512255d6ca87040d1de0589972b2d0f4b34d3d5bc0d76cd6fde3ac82d3f064,379,scripts/generate_ch04_converged_artifacts.py,naming,test-descriptive,path:convention,test,thesis-safe,no,not-a-figure-or-table-float,yes
results/converged_ch05_artifacts/ch05_converged_artifacts_metadata.json,metadata,ceb6bd17f48aede65b5e18002edba865771f0a6d0ca80a4764c735869c890a77,2527,scripts/generate_ch05_converged_artifacts.py,naming,test-descriptive,path:convention,test,thesis-safe,no,not-a-figure-or-table-float,yes
results/converged_ch05_artifacts/ch05_extended_diagnostic_metrics.csv,csv,4d443be65b02462e14ccacee139bec221f03f02c8e8311f961670a6a81dc90a3,819,scripts/generate_ch05_converged_artifacts.py,naming,test-descriptive,path:convention,test,thesis-safe,no,not-a-figure-or-table-float,yes
results/converged_ch05_artifacts/ch05_missed_fall_destinations.csv,csv,12b13f319acebd2dfcce296bf976beee36a6de00aa78efdc54650b2b9ea86d0c,833,scripts/generate_ch05_converged_artifacts.py,naming,test-descriptive,path:convention,test,thesis-safe,no,not-a-figure-or-table-float,yes
results/converged_ch05_artifacts/ch05_paired_safety_state_transitions.csv,csv,cd4363d6f8bca6b49f326147bff3e1077b772b87999516a960338e8029ecb8f1,1066,scripts/generate_ch05_converged_artifacts.py,naming,test-descriptive,path:convention,test,thesis-safe,no,not-a-figure-or-table-float,yes
results/converged_ch05_artifacts/ch05_risk_amplification.csv,csv,a4f375c371e112e50132386c9775ea02c4494ef1f6a357b4a0b0a86fd45703d9,717,scripts/generate_ch05_converged_artifacts.py,naming,test-descriptive,path:convention,test,thesis-safe,no,not-a-figure-or-table-float,yes
results/converged_ch05_artifacts/ch05_robustness_failure_thresholds.csv,csv,30a2f3d85566ea0f007e30438dde03e6a16de847464639cd45b8f2ea7af8e073,271,scripts/generate_ch05_converged_artifacts.py,naming,test-descriptive,path:convention,test,thesis-safe,no,not-a-figure-or-table-float,yes
results/converged_ch05_artifacts/ch05_walking_class_vulnerability.csv,csv,ef512255d6ca87040d1de0589972b2d0f4b34d3d5bc0d76cd6fde3ac82d3f064,379,scripts/generate_ch05_converged_artifacts.py,naming,test-descriptive,path:convention,test,thesis-safe,no,not-a-figure-or-table-float,yes
results/converged_ch06_artifacts/ch06_class_normalized_defense_effect.csv,csv,55a109145ffad5a51fb7aeceb76872e63045067a8bdd8b56c01f916493da132d,724,scripts/generate_ch06_converged_artifacts.py,naming,test-descriptive,path:convention,test,thesis-safe,no,not-a-figure-or-table-float,yes
results/converged_ch06_artifacts/ch06_converged_artifacts_metadata.json,metadata,41690b6b6d0ea5719fcaabaf25cff5ee90fa07547c1e5bf6cd6ebee5c7a40279,2326,scripts/generate_ch06_converged_artifacts.py,naming,test-descriptive,path:convention,test,thesis-safe,no,not-a-figure-or-table-float,yes
results/converged_ch06_artifacts/ch06_defense_tradeoff.csv,csv,5ab5ff0a61f547b53f7b4a452af56098a7b96b03ba7061aef78d730ac9c4c8b3,270,scripts/generate_ch06_converged_artifacts.py,naming,test-descriptive,path:convention,test,thesis-safe,no,not-a-figure-or-table-float,yes
results/converged_ch06_artifacts/ch06_fall_window_recovery.csv,csv,e3532ea82bfbbdc2caad9209132adf47e005ec81edde7a5296118a24b328c2b1,205,scripts/generate_ch06_converged_artifacts.py,naming,test-descriptive,path:convention,test,thesis-safe,no,not-a-figure-or-table-float,yes
results/converged_ch06_artifacts/ch06_matched_defense_summary.csv,csv,66e08f7d07e149296ab85ac37a7eaf1de9a00276e3e227e886eaa4c8383a7cc9,460,scripts/generate_ch06_converged_artifacts.py,naming,test-descriptive,path:convention,test,thesis-safe,no,not-a-figure-or-table-float,yes
results/converged_ch06_artifacts/ch06_recovery_residual_gap.csv,csv,4bf079fa42b06eac08912b2491ec9c1f99ce655b08bd1c71b43e79063996929a,391,scripts/generate_ch06_converged_artifacts.py,naming,test-descriptive,path:convention,test,thesis-safe,no,not-a-figure-or-table-float,yes
results/converged_ch06_artifacts/ch06_safety_score_decomposition.csv,csv,62b4fc1bae529b84e58b1b24bb90a4253f0ad893a6a6a425b2438b5564e638c6,1085,scripts/generate_ch06_converged_artifacts.py,naming,test-descriptive,path:convention,test,thesis-safe,no,not-a-figure-or-table-float,yes
results/converged_ch06_artifacts/ch06_walking_reliability.csv,csv,84abd1d69199a52ded9ccd64ef4c4f9241620bf31f92b0a2ffea4a742dddaed9,230,scripts/generate_ch06_converged_artifacts.py,naming,test-descriptive,path:convention,test,thesis-safe,no,not-a-figure-or-table-float,yes
results/converged_defense/defended_fgsm_at_seed42_clean_metrics_legacy.csv,csv,53d3c0a3f98f99f2fb02ce30698b3268237a8c6e549b3204c6f4c583599dd94e,281,unknown,none,diagnostic-internal,default,none,unmapped,no,not-a-figure-or-table-float,yes
results/converged_defense/defended_fgsm_at_seed42_clean_metrics_test.csv,csv,bf0c1223a3ccc36b120691e05a622f8dccb2b3355ce8cb95b1d08a2067f17851,264,scripts/generate_ch05_converged_artifacts.py,literal,test-descriptive,ledger:test,test,unmapped,no,not-a-figure-or-table-float,yes
results/converged_defense/defended_fgsm_at_seed42_metadata.json,metadata,1d1e3a7e1cdeb09daa5604b932769a5612d2894554311b76bc304e0cffb01a1e,2717,unknown,none,diagnostic-internal,default,none,unmapped,no,not-a-figure-or-table-float,yes
results/converged_defense/defended_fgsm_at_seed42_training_curve.csv,csv,00214860fdd02cf7545519a332979e390a6a1eb1278ae954e56b2afb28e697a8,8366,unknown,none,diagnostic-internal,default,none,unmapped,no,not-a-figure-or-table-float,yes
results/converged_defense/defended_fgsm_at_seed43_clean_metrics_legacy.csv,csv,030ec6dea1671c8e79e5b07429afa97f8f15440251c89223066bdddf192b0469,280,unknown,none,diagnostic-internal,default,none,unmapped,no,not-a-figure-or-table-float,yes
results/converged_defense/defended_fgsm_at_seed43_clean_metrics_test.csv,csv,1c329d97ad2b278533e96a134838a8414fab3ced963ee2e7cee73f2bf62fd1b9,264,unknown,none,test-descriptive,ledger:test,test,unmapped,no,not-a-figure-or-table-float,yes
results/converged_defense/defended_fgsm_at_seed43_metadata.json,metadata,720bb79d0cea85e2a2c701254005aa9923203c5120e4ecf2ff6a3b90fac39af7,2706,unknown,none,diagnostic-internal,default,none,unmapped,no,not-a-figure-or-table-float,yes
results/converged_defense/defended_fgsm_at_seed43_training_curve.csv,csv,db836ee7f53d3fe2114806fad9fe4993ec5170096c1763349232aa133e46c704,11204,unknown,none,diagnostic-internal,default,none,unmapped,no,not-a-figure-or-table-float,yes
results/converged_defense/defended_fgsm_at_seed44_clean_metrics_legacy.csv,csv,5523db0875e6204bdc4de29006fae4d357582d2c268233c441f4f3a4b79cfc70,280,unknown,none,diagnostic-internal,default,none,unmapped,no,not-a-figure-or-table-float,yes
results/converged_defense/defended_fgsm_at_seed44_clean_metrics_test.csv,csv,9aaed0d3c7fed24ed35deb7c60d731ab216d7f5cdcb28d220b023aea9d01ae5f,264,unknown,none,test-descriptive,ledger:test,test,unmapped,no,not-a-figure-or-table-float,yes
results/converged_defense/defended_fgsm_at_seed44_metadata.json,metadata,4e69c9fd4ba5f973922494354694c1ea3010be536132c93dae09dd3016bdf522,2645,unknown,none,diagnostic-internal,default,none,unmapped,no,not-a-figure-or-table-float,yes
results/converged_defense/defended_fgsm_at_seed44_training_curve.csv,csv,51c325906200744925e1810c998024263b7c7f9b7c2a2ae85a3692c3cb374a83,19089,unknown,none,diagnostic-internal,default,none,unmapped,no,not-a-figure-or-table-float,yes
results/converged_defense/defended_fgsm_at_seed45_clean_metrics_legacy.csv,csv,4fe5d0247a47b49e80404f4c6ef2f16a384c019fd59d6915cb0a515856f791bb,281,unknown,none,diagnostic-internal,default,none,unmapped,no,not-a-figure-or-table-float,yes
results/converged_defense/defended_fgsm_at_seed45_clean_metrics_test.csv,csv,c7f41e07fa6789f90b89b608e299a3e56b89c04b07468be5190bf123f2e63822,264,unknown,none,test-descriptive,ledger:test,test,unmapped,no,not-a-figure-or-table-float,yes
results/converged_defense/defended_fgsm_at_seed45_metadata.json,metadata,324d9fd346a90b1e8acfbad208dfba3f0f044161f5f21dde1e04425fe218c128,2720,unknown,none,diagnostic-internal,default,none,unmapped,no,not-a-figure-or-table-float,yes
results/converged_defense/defended_fgsm_at_seed45_training_curve.csv,csv,8c4f43a7ff925879d50db260aad57cb2d1a77e5228d339f778e05763a0b51615,7332,unknown,none,diagnostic-internal,default,none,unmapped,no,not-a-figure-or-table-float,yes
results/converged_defense/defended_fgsm_at_seed46_clean_metrics_legacy.csv,csv,d355901e8d7072a8885565ee402e96323d472b0ef0bf2a2b13983cb4d7cada54,280,unknown,none,diagnostic-internal,default,none,unmapped,no,not-a-figure-or-table-float,yes
results/converged_defense/defended_fgsm_at_seed46_clean_metrics_test.csv,csv,6823215be90dad27d8d68f56254b834ff4a114930cf01eb062eb36ce54d18015,264,unknown,none,test-descriptive,ledger:test,test,unmapped,no,not-a-figure-or-table-float,yes
results/converged_defense/defended_fgsm_at_seed46_metadata.json,metadata,d6de7deaccbbfc19b3d8ddf7921e3a5c8fbd06d19595ec34e03e9e1e56f47805,2719,unknown,none,diagnostic-internal,default,none,unmapped,no,not-a-figure-or-table-float,yes
results/converged_defense/defended_fgsm_at_seed46_training_curve.csv,csv,be1cad1895b40317f505799d88d9f03851fc0c0bfd6d83a2779676d4b5a3b539,9589,unknown,none,diagnostic-internal,default,none,unmapped,no,not-a-figure-or-table-float,yes
results/cross_architecture/bilstm/bilstm_clean_qualified_seedwise_metrics.csv,csv,3efa20a923c44a1b14c4bf98195ed3e569dfb48bd45630c505b094baf1bdd059,2305,unknown,none,test-descriptive,path:convention,test,thesis-safe,no,not-a-figure-or-table-float,yes
results/cross_architecture/bilstm/bilstm_clean_qualified_summary.csv,csv,f39589923e1d0578e42270f15f7e472ef267ab241b2b3a063af45e232e8063a8,982,unknown,none,test-descriptive,path:convention,test,thesis-safe,no,not-a-figure-or-table-float,yes
results/cross_architecture/bilstm/bilstm_clean_qualified_thresholds.csv,csv,18c05d13b5d90a5ef8917726caf087fe91961e1f2d682349b4e580985cd802df,1608,unknown,none,test-descriptive,path:convention,test,thesis-safe,no,not-a-figure-or-table-float,yes
results/cross_architecture/bilstm/bilstm_seed42_attacks_metadata.json,metadata,94cecab7b4e0d78879cb6ccc12886277c6f4656569898ae975a730ddf105052b,5534,unknown,none,test-descriptive,path:convention,test,thesis-safe,no,not-a-figure-or-table-float,yes
results/cross_architecture/bilstm/bilstm_seed42_fall_binary_metrics.csv,csv,8b7cd639c44b14596064f6b76fe76439d0ba8e65e4f365265c9a87cc7bba5da9,289,unknown,none,test-descriptive,path:convention,test,thesis-safe,no,not-a-figure-or-table-float,yes
results/cross_architecture/bilstm/bilstm_seed42_fgsm_epsilon_sweep_legacy.csv,csv,e47724c4fe1efd85d37e19ca534a40b469d1e11faeb8b578de07aeceee10e46f,2574,unknown,none,test-descriptive,path:convention,test,thesis-safe,no,not-a-figure-or-table-float,yes
results/cross_architecture/bilstm/bilstm_seed42_fgsm_epsilon_sweep_test.csv,csv,f091e8abcaca697becf8e8f9d4eafb6449c66e902888217d2fbd10a169cb41e2,2531,unknown,none,test-descriptive,path:convention,test,thesis-safe,no,not-a-figure-or-table-float,yes
results/cross_architecture/bilstm/bilstm_seed42_fgsm_predictions_legacy_epsilon_0_03.csv,predictions,c5f614be50ff8c3d752fcee9e5d17792f51c157c67427f59122b10a3bc243885,68398,unknown,none,test-descriptive,path:convention,test,thesis-safe,no,not-a-figure-or-table-float,yes
results/cross_architecture/bilstm/bilstm_seed42_fgsm_predictions_test_epsilon_0_03.csv,predictions,e18fe34978fa9b24d4696d284447d6e1a576ad5b2cc9b8280f0895f8dfd7185d,34377,unknown,none,test-descriptive,path:convention,test,thesis-safe,no,not-a-figure-or-table-float,yes
results/cross_architecture/bilstm/bilstm_seed42_fgsm_safety_metrics_legacy_epsilon_0_03.csv,csv,97b739a2774093c11f06bbd4cc14a9546fbd3b4251e99903e3500a6df6d4c38b,476,unknown,none,test-descriptive,path:convention,test,thesis-safe,no,not-a-figure-or-table-float,yes
results/cross_architecture/bilstm/bilstm_seed42_fgsm_safety_metrics_test_epsilon_0_03.csv,csv,c858e2043c8520ddb4b126c9a86866842a751e6f0d3609ad38882a429fbf46b8,474,unknown,none,test-descriptive,path:convention,test,thesis-safe,no,not-a-figure-or-table-float,yes
results/cross_architecture/bilstm/bilstm_seed42_fgsm_sweep_predictions_legacy.csv,predictions,36bf7d74222114c5f73f3294b33c9b07dd62871dd9fbbee445d3f2fe3d6c0b2a,1223786,unknown,none,test-descriptive,path:convention,test,thesis-safe,no,not-a-figure-or-table-float,yes
results/cross_architecture/bilstm/bilstm_seed42_fgsm_sweep_predictions_test.csv,predictions,4a3356b593184ac63402a02bb0d9c5608a7fc520a5042c7626a2f55fc12194d6,612704,unknown,none,test-descriptive,path:convention,test,thesis-safe,no,not-a-figure-or-table-float,yes
results/cross_architecture/bilstm/bilstm_seed42_legacy_eval_fall_binary_metrics.csv,csv,b8ad7942246d77ee97f20995de96868c1a97e2ef23140b22520a500ded2921cb,291,unknown,none,test-descriptive,path:convention,test,thesis-safe,no,not-a-figure-or-table-float,yes
results/cross_architecture/bilstm/bilstm_seed42_legacy_eval_per_class_metrics.csv,csv,5d0de35a658ed46f21fdeea5756548dfa1f66c590c3e3cb20745ec4524860b26,334,unknown,none,test-descriptive,path:convention,test,thesis-safe,no,not-a-figure-or-table-float,yes
results/cross_architecture/bilstm/bilstm_seed42_legacy_eval_predictions.csv,csv,76576e42c8964e5d0a1e0084df14cfee8a34cc7f1d143fb39e1e45c6738557aa,35895,unknown,none,test-descriptive,path:convention,test,thesis-safe,no,not-a-figure-or-table-float,yes
results/cross_architecture/bilstm/bilstm_seed42_legacy_eval_summary_metrics.csv,csv,7bffb1f45e747f5bad76eccef3fb2e79a8bbf12754bc5c1779a4025ab6cb514e,299,unknown,none,test-descriptive,path:convention,test,thesis-safe,no,not-a-figure-or-table-float,yes
results/cross_architecture/bilstm/bilstm_seed42_metadata.json,metadata,3a7dc0065d9963dac2a40053cca7342c60f055f605b69e90181eec4c22ceb28f,3083,unknown,none,test-descriptive,path:convention,test,thesis-safe,no,not-a-figure-or-table-float,yes
results/cross_architecture/bilstm/bilstm_seed42_per_class_metrics.csv,csv,6cf8cf733983337a963add0123bbdef069039602d11dd43403af5856017aee26,333,unknown,none,test-descriptive,path:convention,test,thesis-safe,no,not-a-figure-or-table-float,yes
results/cross_architecture/bilstm/bilstm_seed42_pgd_epsilon_sweep_legacy.csv,csv,93a49a01f806fed26381bbbf39e6223317535c133b57ce299190ec96dafbc21d,2627,unknown,none,test-descriptive,path:convention,test,thesis-safe,no,not-a-figure-or-table-float,yes
results/cross_architecture/bilstm/bilstm_seed42_pgd_epsilon_sweep_test.csv,csv,534d4e2553e12bc71c46d8d4de2e978c86363f0d96566ad10fad14ae21096d93,2586,unknown,none,test-descriptive,path:convention,test,thesis-safe,no,not-a-figure-or-table-float,yes
results/cross_architecture/bilstm/bilstm_seed42_pgd_predictions_legacy_epsilon_0_03.csv,predictions,896eaa76adcaf4ab5828dc23c562d3d9b85c1467da0a52e9a926c3e499a461fd,80512,unknown,none,test-descriptive,path:convention,test,thesis-safe,no,not-a-figure-or-table-float,yes
results/cross_architecture/bilstm/bilstm_seed42_pgd_predictions_test_epsilon_0_03.csv,predictions,25c03069c183904ef3438d505f1e88695d77e6bdf68390379f2ac0c80c557785,40455,unknown,none,test-descriptive,path:convention,test,thesis-safe,no,not-a-figure-or-table-float,yes
results/cross_architecture/bilstm/bilstm_seed42_pgd_safety_metrics_legacy_epsilon_0_03.csv,csv,c3ece6b7d77e0462332f86d21259e9d6d3decb24163e222eb90f41ab95777546,479,unknown,none,test-descriptive,path:convention,test,thesis-safe,no,not-a-figure-or-table-float,yes
results/cross_architecture/bilstm/bilstm_seed42_pgd_safety_metrics_test_epsilon_0_03.csv,csv,fba462f7464ad0aff02f96de4438c8f2750cc50ed352f1c3ffaa684a293c8fd6,477,unknown,none,test-descriptive,path:convention,test,thesis-safe,no,not-a-figure-or-table-float,yes
results/cross_architecture/bilstm/bilstm_seed42_pgd_sweep_predictions_legacy.csv,predictions,10f6d1841f1e8cd831cbe221f33af172b0a1cf4d8138b17184f3a06281436586,1441296,unknown,none,test-descriptive,path:convention,test,thesis-safe,no,not-a-figure-or-table-float,yes
results/cross_architecture/bilstm/bilstm_seed42_pgd_sweep_predictions_test.csv,predictions,6f25de90363a126dcfc62628092926f9f06396f6bc6a92316a7abae8fbc48dc5,721802,unknown,none,test-descriptive,path:convention,test,thesis-safe,no,not-a-figure-or-table-float,yes
results/cross_architecture/bilstm/bilstm_seed42_summary_metrics.csv,csv,f02060483c9dafc2b80f9ec1baf21f2787d652d46d60b1335a0669dc4a7f6c1f,432,unknown,none,test-descriptive,path:convention,test,thesis-safe,no,not-a-figure-or-table-float,yes
results/cross_architecture/bilstm/bilstm_seed42_sweep_metadata.json,metadata,f7a110cb2994e14255b8c1664316ff5ea0b01da605010b4743a1b8e29013faa7,3581,unknown,none,test-descriptive,path:convention,test,thesis-safe,no,not-a-figure-or-table-float,yes
results/cross_architecture/bilstm/bilstm_seed42_test_predictions.csv,csv,b1f48012c07b474d2d22128df727bfa20a45a4289bb86f43c56b33bc575c3437,18016,unknown,none,test-descriptive,path:convention,test,thesis-safe,no,not-a-figure-or-table-float,yes
results/cross_architecture/bilstm/bilstm_seed42_training_curve.csv,csv,0d4a800947488fe2966cddc415a31dc89a1aae9c704f9188b5ccdc7e8457b8f2,9960,unknown,none,test-descriptive,path:convention,test,thesis-safe,no,not-a-figure-or-table-float,yes
results/cross_architecture/bilstm/bilstm_seed43_attacks_metadata.json,metadata,7919295c6fc01108506b26cf0eaae309d8390df13e28f4e4f4776fddf4a060df,5595,unknown,none,test-descriptive,path:convention,test,thesis-safe,no,not-a-figure-or-table-float,yes
results/cross_architecture/bilstm/bilstm_seed43_fall_binary_metrics.csv,csv,97fa49951ed13d288f26aeb76b09a5779a4768c05f024d36c1e9991d78a84648,289,unknown,none,test-descriptive,path:convention,test,thesis-safe,no,not-a-figure-or-table-float,yes
results/cross_architecture/bilstm/bilstm_seed43_fgsm_epsilon_sweep_legacy.csv,csv,ad922e312e38d89e11060ce9e9484cca9e70bf06fb9f22c4c05ac6907d8aed51,2571,unknown,none,test-descriptive,path:convention,test,thesis-safe,no,not-a-figure-or-table-float,yes
results/cross_architecture/bilstm/bilstm_seed43_fgsm_epsilon_sweep_test.csv,csv,1166d8b271a20405cfb8a0dcd1ed4242f9569fcb1bccabe603dcede9d75193c2,2528,unknown,none,test-descriptive,path:convention,test,thesis-safe,no,not-a-figure-or-table-float,yes
results/cross_architecture/bilstm/bilstm_seed43_fgsm_predictions_legacy_epsilon_0_03.csv,predictions,55684fdf628d35e7fbc24341b5ed319277ca2eda897b85ef97ff2e71b4db4d42,68036,unknown,none,test-descriptive,path:convention,test,thesis-safe,no,not-a-figure-or-table-float,yes
results/cross_architecture/bilstm/bilstm_seed43_fgsm_predictions_test_epsilon_0_03.csv,predictions,352d25356a7be95093feea42180c4b4461c144c4459d58dd3f4715d66a620dee,34263,unknown,none,test-descriptive,path:convention,test,thesis-safe,no,not-a-figure-or-table-float,yes
results/cross_architecture/bilstm/bilstm_seed43_fgsm_safety_metrics_legacy_epsilon_0_03.csv,csv,1f1ee1910c31b730b02812f254814f2b200287bad21877d5327594ed004cf470,476,unknown,none,test-descriptive,path:convention,test,thesis-safe,no,not-a-figure-or-table-float,yes
results/cross_architecture/bilstm/bilstm_seed43_fgsm_safety_metrics_test_epsilon_0_03.csv,csv,9fc40d4f48293b98e44b368244377e6c832a310ae90772a562bf8f3f58e5b948,474,unknown,none,test-descriptive,path:convention,test,thesis-safe,no,not-a-figure-or-table-float,yes
results/cross_architecture/bilstm/bilstm_seed43_fgsm_sweep_predictions_legacy.csv,predictions,e19c9f53d414ca67696eefe44a73ba50fff35c1efad62ef2bd4d9c84cfc3c5ee,1218402,unknown,none,test-descriptive,path:convention,test,thesis-safe,no,not-a-figure-or-table-float,yes
results/cross_architecture/bilstm/bilstm_seed43_fgsm_sweep_predictions_test.csv,predictions,d6531d08fef75a1b74b2acc1520b624a5f07475c5c6edc944cdff54354600759,610600,unknown,none,test-descriptive,path:convention,test,thesis-safe,no,not-a-figure-or-table-float,yes
results/cross_architecture/bilstm/bilstm_seed43_legacy_eval_fall_binary_metrics.csv,csv,14f74b663856fdb14873371bf024834f8e693d4077824172160c7505d66a58b3,290,unknown,none,test-descriptive,path:convention,test,thesis-safe,no,not-a-figure-or-table-float,yes
results/cross_architecture/bilstm/bilstm_seed43_legacy_eval_per_class_metrics.csv,csv,10688d276b166a6030e6d5cd27efafce567cb1397cf0ef29c9ed204883fabdbc,334,unknown,none,test-descriptive,path:convention,test,thesis-safe,no,not-a-figure-or-table-float,yes
results/cross_architecture/bilstm/bilstm_seed43_legacy_eval_predictions.csv,csv,987333ed6f7fcc9c479c9737dc9041743b9f1525a508953ff9cc7ab7a84ff993,35853,unknown,none,test-descriptive,path:convention,test,thesis-safe,no,not-a-figure-or-table-float,yes
results/cross_architecture/bilstm/bilstm_seed43_legacy_eval_summary_metrics.csv,csv,306650a3d3e85cfee92038e0c543b18dae07917259230550fd1ddef2d046265b,299,unknown,none,test-descriptive,path:convention,test,thesis-safe,no,not-a-figure-or-table-float,yes
results/cross_architecture/bilstm/bilstm_seed43_metadata.json,metadata,9a915bc1f112ba145c75de49ce0d12b965c6920cb443107700ea58f1c4a86876,3248,unknown,none,test-descriptive,path:convention,test,thesis-safe,no,not-a-figure-or-table-float,yes
results/cross_architecture/bilstm/bilstm_seed43_per_class_metrics.csv,csv,c1a3fcb0bd767794fa9aa7a0c707bb39a228acea8dc4966984795ce176a2a8f6,333,unknown,none,test-descriptive,path:convention,test,thesis-safe,no,not-a-figure-or-table-float,yes
results/cross_architecture/bilstm/bilstm_seed43_pgd_epsilon_sweep_legacy.csv,csv,8417120ea69d940a0b66856d09adf777d213c67be2f71233ead657b8b2c1886a,2642,unknown,none,test-descriptive,path:convention,test,thesis-safe,no,not-a-figure-or-table-float,yes
results/cross_architecture/bilstm/bilstm_seed43_pgd_epsilon_sweep_test.csv,csv,d4c823b2e2f7ec4744e798b13c6496875cf9de3f4d65f91a662d53efda43b083,2582,unknown,none,test-descriptive,path:convention,test,thesis-safe,no,not-a-figure-or-table-float,yes
results/cross_architecture/bilstm/bilstm_seed43_pgd_predictions_legacy_epsilon_0_03.csv,predictions,27681c37575b8a26a432a3a05ff74edb8b48d9ac0e13b693d654e7ce930f7e52,80274,unknown,none,test-descriptive,path:convention,test,thesis-safe,no,not-a-figure-or-table-float,yes
results/cross_architecture/bilstm/bilstm_seed43_pgd_predictions_test_epsilon_0_03.csv,predictions,5734921c7ce344144b5003f35045d4cff95ef3245c76c0a56fa32741db19b45b,40374,unknown,none,test-descriptive,path:convention,test,thesis-safe,no,not-a-figure-or-table-float,yes
results/cross_architecture/bilstm/bilstm_seed43_pgd_safety_metrics_legacy_epsilon_0_03.csv,csv,bb6e1f9a406bf4246077b026918634d0e96fb60cdf1c74a845ccd5d72ad0a315,481,unknown,none,test-descriptive,path:convention,test,thesis-safe,no,not-a-figure-or-table-float,yes
results/cross_architecture/bilstm/bilstm_seed43_pgd_safety_metrics_test_epsilon_0_03.csv,csv,7204f924a6bb2c9857b1372737415458df2b17e309e802b705fdd8f3d0095afb,477,unknown,none,test-descriptive,path:convention,test,thesis-safe,no,not-a-figure-or-table-float,yes
results/cross_architecture/bilstm/bilstm_seed43_pgd_sweep_predictions_legacy.csv,predictions,491ed705bb1d1bda89222b39ab45108878c2ff3a90269551bfa44353613149ab,1436033,unknown,none,test-descriptive,path:convention,test,thesis-safe,no,not-a-figure-or-table-float,yes
results/cross_architecture/bilstm/bilstm_seed43_pgd_sweep_predictions_test.csv,predictions,ad6ced6942c9dff485949d759cb4ce9155178775f61eabeccb86f8dae1141803,719399,unknown,none,test-descriptive,path:convention,test,thesis-safe,no,not-a-figure-or-table-float,yes
results/cross_architecture/bilstm/bilstm_seed43_summary_metrics.csv,csv,0c9a36881ccfc09144b5ae9ccf8675429b119d50c36f5909bd7c85239ccd2aab,432,unknown,none,test-descriptive,path:convention,test,thesis-safe,no,not-a-figure-or-table-float,yes
results/cross_architecture/bilstm/bilstm_seed43_sweep_metadata.json,metadata,5ec67d585340a6afd8dc6a63cb64cba7325f7151f62eba5120e2735a231b590a,3637,unknown,none,test-descriptive,path:convention,test,thesis-safe,no,not-a-figure-or-table-float,yes
results/cross_architecture/bilstm/bilstm_seed43_test_predictions.csv,csv,37940a0b81d1c2c12f9ff7acaf77e0c967c277976eeea3680c09a2953248e970,17998,unknown,none,test-descriptive,path:convention,test,thesis-safe,no,not-a-figure-or-table-float,yes
results/cross_architecture/bilstm/bilstm_seed43_training_curve.csv,csv,8d41764d778d88e51726f28620afb4b9f5278e12c9af3da490616ef878c334d6,9960,unknown,none,test-descriptive,path:convention,test,thesis-safe,no,not-a-figure-or-table-float,yes
results/cross_architecture/bilstm/bilstm_seed44_attacks_metadata.json,metadata,4a4ef4614fe75202b26b790483c6492c4d9526fddc93469c80c48883e98f476a,5597,unknown,none,test-descriptive,path:convention,test,thesis-safe,no,not-a-figure-or-table-float,yes
results/cross_architecture/bilstm/bilstm_seed44_fall_binary_metrics.csv,csv,327efec94f45e7eb2565aaec5b77bb48ea2bfd58c098b03b8b73f7e737dc1642,289,unknown,none,test-descriptive,path:convention,test,thesis-safe,no,not-a-figure-or-table-float,yes
results/cross_architecture/bilstm/bilstm_seed44_fgsm_epsilon_sweep_legacy.csv,csv,e114ae6e9735daea9e6ac48e3db35f6b996b795a58be5ce730b4f8372004ff99,2567,unknown,none,test-descriptive,path:convention,test,thesis-safe,no,not-a-figure-or-table-float,yes
results/cross_architecture/bilstm/bilstm_seed44_fgsm_epsilon_sweep_test.csv,csv,864c3e7427d1dde35dce331a549cb550f289c2fb6dc1a73a2326c1d048b4f24c,2526,unknown,none,test-descriptive,path:convention,test,thesis-safe,no,not-a-figure-or-table-float,yes
results/cross_architecture/bilstm/bilstm_seed44_fgsm_predictions_legacy_epsilon_0_03.csv,predictions,8ad4708e40a95b34da0b7b43d113d4b3e74104147e00fe056527a6b140a4000f,68268,unknown,none,test-descriptive,path:convention,test,thesis-safe,no,not-a-figure-or-table-float,yes
results/cross_architecture/bilstm/bilstm_seed44_fgsm_predictions_test_epsilon_0_03.csv,predictions,20e42e8b340116ea780c853765e33b210ff0e9fd7464df61766905448d48c526,34335,unknown,none,test-descriptive,path:convention,test,thesis-safe,no,not-a-figure-or-table-float,yes
results/cross_architecture/bilstm/bilstm_seed44_fgsm_safety_metrics_legacy_epsilon_0_03.csv,csv,bf036fc4ae7cb0eb788f141f2e938ee671e50ff0d4aa7a70edd014172545a0da,476,unknown,none,test-descriptive,path:convention,test,thesis-safe,no,not-a-figure-or-table-float,yes
results/cross_architecture/bilstm/bilstm_seed44_fgsm_safety_metrics_test_epsilon_0_03.csv,csv,cae6f09ceadfda7de57c078b7f769fba4ce8e843061f276885ef6851a06b21e7,474,unknown,none,test-descriptive,path:convention,test,thesis-safe,no,not-a-figure-or-table-float,yes
results/cross_architecture/bilstm/bilstm_seed44_fgsm_sweep_predictions_legacy.csv,predictions,08cc67be8cbd26d0a0ab96a41d2a226c76d9e2bb94df9f8a6c35e17a497bc75c,1221316,unknown,none,test-descriptive,path:convention,test,thesis-safe,no,not-a-figure-or-table-float,yes
results/cross_architecture/bilstm/bilstm_seed44_fgsm_sweep_predictions_test.csv,predictions,59f7349625445f9808cb714e459cfa10c0cc741b78fbec9504b41a3350c23729,611818,unknown,none,test-descriptive,path:convention,test,thesis-safe,no,not-a-figure-or-table-float,yes
results/cross_architecture/bilstm/bilstm_seed44_legacy_eval_fall_binary_metrics.csv,csv,0a49fcfcfbb82d9c1a04abeb982bd6d0179a18384bda99896f4aa08986327bb7,289,unknown,none,test-descriptive,path:convention,test,thesis-safe,no,not-a-figure-or-table-float,yes
results/cross_architecture/bilstm/bilstm_seed44_legacy_eval_per_class_metrics.csv,csv,1a0babcf1fae6c3c6f9dbc011bc7612e29b6fa2fd99b5ef8ec98f07af2555234,334,unknown,none,test-descriptive,path:convention,test,thesis-safe,no,not-a-figure-or-table-float,yes
results/cross_architecture/bilstm/bilstm_seed44_legacy_eval_predictions.csv,csv,28727913bdf808f18810786f081a8902759ac4f4f51c2103b1bfb40fc124254c,35900,unknown,none,test-descriptive,path:convention,test,thesis-safe,no,not-a-figure-or-table-float,yes
results/cross_architecture/bilstm/bilstm_seed44_legacy_eval_summary_metrics.csv,csv,1d69673d1a7d522197eb8472f9189b85990155924c48f7548b9df355ed978e96,299,unknown,none,test-descriptive,path:convention,test,thesis-safe,no,not-a-figure-or-table-float,yes
results/cross_architecture/bilstm/bilstm_seed44_metadata.json,metadata,863fd5ce67e22e817c4c671707905fafd49c0ba5a34fcaa02dafcaf6a93630b5,3250,unknown,none,test-descriptive,path:convention,test,thesis-safe,no,not-a-figure-or-table-float,yes
results/cross_architecture/bilstm/bilstm_seed44_per_class_metrics.csv,csv,8edaa00f99b1272210ca0f8f893370001947c833669b506029396688d920f8cd,333,unknown,none,test-descriptive,path:convention,test,thesis-safe,no,not-a-figure-or-table-float,yes
results/cross_architecture/bilstm/bilstm_seed44_pgd_epsilon_sweep_legacy.csv,csv,40410690e279b63271ac9f5ec197fb532d8b572a5669596ee67c7d2b26a31041,2623,unknown,none,test-descriptive,path:convention,test,thesis-safe,no,not-a-figure-or-table-float,yes
results/cross_architecture/bilstm/bilstm_seed44_pgd_epsilon_sweep_test.csv,csv,e7d4dd2bc9216e6d8b46a8c0bb9cc2fa6c5d145b0ab35a06d2eca2e9b96fa55c,2581,unknown,none,test-descriptive,path:convention,test,thesis-safe,no,not-a-figure-or-table-float,yes
results/cross_architecture/bilstm/bilstm_seed44_pgd_predictions_legacy_epsilon_0_03.csv,predictions,096fe3ba5dc7d770257b35bd7a6851635fde82d6b5e322536df508daf40b2601,80092,unknown,none,test-descriptive,path:convention,test,thesis-safe,no,not-a-figure-or-table-float,yes
results/cross_architecture/bilstm/bilstm_seed44_pgd_predictions_test_epsilon_0_03.csv,predictions,92de48dbde4dc4c86212663097278f3b140abdb886e269b5b0239ea9b999cf10,40280,unknown,none,test-descriptive,path:convention,test,thesis-safe,no,not-a-figure-or-table-float,yes
results/cross_architecture/bilstm/bilstm_seed44_pgd_safety_metrics_legacy_epsilon_0_03.csv,csv,ca4f53c5f9f0ff7ce011fca861df7c033cd9bfeebc686f87a54ec0da13dedcad,479,unknown,none,test-descriptive,path:convention,test,thesis-safe,no,not-a-figure-or-table-float,yes
results/cross_architecture/bilstm/bilstm_seed44_pgd_safety_metrics_test_epsilon_0_03.csv,csv,94dd6d8fcfd8297a826bff689d3690146261df6141763a108e38595de4d4f5f8,477,unknown,none,test-descriptive,path:convention,test,thesis-safe,no,not-a-figure-or-table-float,yes
results/cross_architecture/bilstm/bilstm_seed44_pgd_sweep_predictions_legacy.csv,predictions,bc7007ca58813ba72d5b61343d0f1e05b01e6127f501b4673f6402220ebb62b7,1435165,unknown,none,test-descriptive,path:convention,test,thesis-safe,no,not-a-figure-or-table-float,yes
results/cross_architecture/bilstm/bilstm_seed44_pgd_sweep_predictions_test.csv,predictions,5b9b7c23eca0e09f2917f5556d00aa2fbf07debef2a5f9bfec2c96c45c1b5834,719091,unknown,none,test-descriptive,path:convention,test,thesis-safe,no,not-a-figure-or-table-float,yes
results/cross_architecture/bilstm/bilstm_seed44_summary_metrics.csv,csv,17a87ef2bd7db81ae93099189d28aa121ffa5ac8018e812a49916fe8c458833d,430,unknown,none,test-descriptive,path:convention,test,thesis-safe,no,not-a-figure-or-table-float,yes
results/cross_architecture/bilstm/bilstm_seed44_sweep_metadata.json,metadata,fcd05073e9c0a106a4cdca40387c66ded93d255651b119e4fb3c9848569f7705,3637,unknown,none,test-descriptive,path:convention,test,thesis-safe,no,not-a-figure-or-table-float,yes
results/cross_architecture/bilstm/bilstm_seed44_test_predictions.csv,csv,defcc8937de829e4b537393c779dd8f53cbf786b9efbf3b7ae964f74b78951ff,18030,unknown,none,test-descriptive,path:convention,test,thesis-safe,no,not-a-figure-or-table-float,yes
results/cross_architecture/bilstm/bilstm_seed44_training_curve.csv,csv,cea1ebd6c4494bb197cab18b027527f24fd6bd69a5b1570e17a0e0f5805dcaf3,8510,unknown,none,test-descriptive,path:convention,test,thesis-safe,no,not-a-figure-or-table-float,yes
results/cross_architecture/bilstm/bilstm_seed45_attacks_metadata.json,metadata,6f405bfea2ae340420f1f87b416f8f97f162c50beec38aa96836aa8b5d2e1e76,5852,unknown,none,test-descriptive,path:convention,test,thesis-safe,no,not-a-figure-or-table-float,yes
results/cross_architecture/bilstm/bilstm_seed45_fall_binary_metrics.csv,csv,36cf1639d278472c3db3844a5e0524b2cd8fd1f0a835df60d20e28be3dc22f3b,290,unknown,none,test-descriptive,path:convention,test,thesis-safe,no,not-a-figure-or-table-float,yes
results/cross_architecture/bilstm/bilstm_seed45_fgsm_epsilon_sweep_legacy.csv,csv,f3e22be44102b0cb8062b6ccd56f49d4764cfcc23cd9823b10b4f414a1144e16,2600,unknown,none,test-descriptive,path:convention,test,thesis-safe,no,not-a-figure-or-table-float,yes
results/cross_architecture/bilstm/bilstm_seed45_fgsm_epsilon_sweep_test.csv,csv,0170416e270e649b7404152bddb61bec5f21199bcd34300b0e7f647263698825,2537,unknown,none,test-descriptive,path:convention,test,thesis-safe,no,not-a-figure-or-table-float,yes
results/cross_architecture/bilstm/bilstm_seed45_fgsm_predictions_legacy_epsilon_0_03.csv,predictions,fa668b91cec84f70ad6ee1edabc5b3bad1ba2b626234b50717064853aaec0431,68429,unknown,none,test-descriptive,path:convention,test,thesis-safe,no,not-a-figure-or-table-float,yes
results/cross_architecture/bilstm/bilstm_seed45_fgsm_predictions_test_epsilon_0_03.csv,predictions,3aa2214d305aa9bead8393f8f7cbcca38e105f3ab1f6abea6641b1e113015b45,34413,unknown,none,test-descriptive,path:convention,test,thesis-safe,no,not-a-figure-or-table-float,yes
results/cross_architecture/bilstm/bilstm_seed45_fgsm_safety_metrics_legacy_epsilon_0_03.csv,csv,ab71cfac97f19cdc4bc8ac5aca3a32e75a425eebede5c7fa92b4dedf2dd63471,479,unknown,none,test-descriptive,path:convention,test,thesis-safe,no,not-a-figure-or-table-float,yes
results/cross_architecture/bilstm/bilstm_seed45_fgsm_safety_metrics_test_epsilon_0_03.csv,csv,8c405ae80fd7ffc4133ee0fc6eb300b1b5bb23b0cf3d18ae243bdf925a1a14be,474,unknown,none,test-descriptive,path:convention,test,thesis-safe,no,not-a-figure-or-table-float,yes
results/cross_architecture/bilstm/bilstm_seed45_fgsm_sweep_predictions_legacy.csv,predictions,e5ee4f3e2f5509626fa6e8e5f0405207b86f23acb20ffaac9e04254b8905a6e9,1223943,unknown,none,test-descriptive,path:convention,test,thesis-safe,no,not-a-figure-or-table-float,yes
results/cross_architecture/bilstm/bilstm_seed45_fgsm_sweep_predictions_test.csv,predictions,c5bfd764455b9e3976b7d6ffed6d0df8d13a078b58d51e6dee8ded36ed3c421d,613134,unknown,none,test-descriptive,path:convention,test,thesis-safe,no,not-a-figure-or-table-float,yes
results/cross_architecture/bilstm/bilstm_seed45_legacy_eval_fall_binary_metrics.csv,csv,0b1052b2e7f0c37c99eb0998afe0217bf951cc5f62e3ea91739819827b1e0b60,290,unknown,none,test-descriptive,path:convention,test,thesis-safe,no,not-a-figure-or-table-float,yes
results/cross_architecture/bilstm/bilstm_seed45_legacy_eval_per_class_metrics.csv,csv,37131e4f3f262253e5a88b8364f321338ae60f09a94de501676583123864574f,334,unknown,none,test-descriptive,path:convention,test,thesis-safe,no,not-a-figure-or-table-float,yes
results/cross_architecture/bilstm/bilstm_seed45_legacy_eval_predictions.csv,csv,bd612fd860727335ea8688642e3a807c85abe54c117242c0dc32d167a426d0a9,35917,unknown,none,test-descriptive,path:convention,test,thesis-safe,no,not-a-figure-or-table-float,yes
results/cross_architecture/bilstm/bilstm_seed45_legacy_eval_summary_metrics.csv,csv,20763a067093458f7d2a230696c0f9aac93e6f7fa02d2cb1bbc28dda2274b495,299,unknown,none,test-descriptive,path:convention,test,thesis-safe,no,not-a-figure-or-table-float,yes
results/cross_architecture/bilstm/bilstm_seed45_metadata.json,metadata,1191b20aad537882a38bede4d8eea3fc0795514cf056a0dd1fbdd9321a22117a,3248,unknown,none,test-descriptive,path:convention,test,thesis-safe,no,not-a-figure-or-table-float,yes
results/cross_architecture/bilstm/bilstm_seed45_per_class_metrics.csv,csv,84aaede4f90d7513737bad948ce588a7b990403456103173daacb0c9c8d1b7c7,333,unknown,none,test-descriptive,path:convention,test,thesis-safe,no,not-a-figure-or-table-float,yes
results/cross_architecture/bilstm/bilstm_seed45_pgd_epsilon_sweep_legacy.csv,csv,dcdc20757787aa76bb4973efa5b51bf3578256748389193f771e9a91ae6c66f5,2655,unknown,none,test-descriptive,path:convention,test,thesis-safe,no,not-a-figure-or-table-float,yes
results/cross_architecture/bilstm/bilstm_seed45_pgd_epsilon_sweep_test.csv,csv,39106337eb5fd453ee25693e1726ec738ad444b8cbac1823b59bcf5e071562b9,2589,unknown,none,test-descriptive,path:convention,test,thesis-safe,no,not-a-figure-or-table-float,yes
results/cross_architecture/bilstm/bilstm_seed45_pgd_predictions_legacy_epsilon_0_03.csv,predictions,9a8d18f494108d4e69a13568ec642e7382d98b9f0021823c36321cc043b38905,80573,unknown,none,test-descriptive,path:convention,test,thesis-safe,no,not-a-figure-or-table-float,yes
results/cross_architecture/bilstm/bilstm_seed45_pgd_predictions_test_epsilon_0_03.csv,predictions,2e6eec06329d257111e54b5ab7e57e98a94619f763ce9565012f1f16716be2db,40515,unknown,none,test-descriptive,path:convention,test,thesis-safe,no,not-a-figure-or-table-float,yes
results/cross_architecture/bilstm/bilstm_seed45_pgd_safety_metrics_legacy_epsilon_0_03.csv,csv,2e36e7d200d332999f0adf48f707a003280910fe97afdc96cc7532365971760c,481,unknown,none,test-descriptive,path:convention,test,thesis-safe,no,not-a-figure-or-table-float,yes
results/cross_architecture/bilstm/bilstm_seed45_pgd_safety_metrics_test_epsilon_0_03.csv,csv,2325697bf0d5375c1b9685ee48498809557320efe9872af0255c478329e8abc4,477,unknown,none,test-descriptive,path:convention,test,thesis-safe,no,not-a-figure-or-table-float,yes
results/cross_architecture/bilstm/bilstm_seed45_pgd_sweep_predictions_legacy.csv,predictions,e1378b32c1d33cb8c9bd304b30bba28735bae98a480fd0b49589e272fa10bd09,1441438,unknown,none,test-descriptive,path:convention,test,thesis-safe,no,not-a-figure-or-table-float,yes
results/cross_architecture/bilstm/bilstm_seed45_pgd_sweep_predictions_test.csv,predictions,f84e5fdc8334c9f4bf9262e11a262f5e9c459fbbe32e03bf94217f07190b2bbf,722206,unknown,none,test-descriptive,path:convention,test,thesis-safe,no,not-a-figure-or-table-float,yes
results/cross_architecture/bilstm/bilstm_seed45_summary_metrics.csv,csv,78702a50a838f674beb71964f86dd890945140e0eeb01668af285638352daa0f,430,unknown,none,test-descriptive,path:convention,test,thesis-safe,no,not-a-figure-or-table-float,yes
results/cross_architecture/bilstm/bilstm_seed45_sweep_metadata.json,metadata,49bacacbf83f3cb43c021154004fce5dd7d4e91f490b2be57c70d7ce2f66410a,3633,unknown,none,test-descriptive,path:convention,test,thesis-safe,no,not-a-figure-or-table-float,yes
results/cross_architecture/bilstm/bilstm_seed45_test_predictions.csv,csv,3bc2b53ed3fde9e54e3487f6497451105c1d2be1649e2dc53f37033a31ec3fee,18031,unknown,none,test-descriptive,path:convention,test,thesis-safe,no,not-a-figure-or-table-float,yes
results/cross_architecture/bilstm/bilstm_seed45_training_curve.csv,csv,a1b088c1446f6c1add851eccfada04368da4a64ba13f2777f1033ad8ca45d617,9360,unknown,none,test-descriptive,path:convention,test,thesis-safe,no,not-a-figure-or-table-float,yes
results/cross_architecture/bilstm/bilstm_seed46_attacks_metadata.json,metadata,9c9ba46c4aaa9ac79d1cfaf730e2ada93100982366043279cef0460ab3cab79e,5663,unknown,none,test-descriptive,path:convention,test,thesis-safe,no,not-a-figure-or-table-float,yes
results/cross_architecture/bilstm/bilstm_seed46_fall_binary_metrics.csv,csv,c60c40ca4519247ffceaabae4f9b5fdcb831de0abb4424fee7512a2ee8e8c75c,289,unknown,none,test-descriptive,path:convention,test,thesis-safe,no,not-a-figure-or-table-float,yes
results/cross_architecture/bilstm/bilstm_seed46_fgsm_epsilon_sweep_legacy.csv,csv,0e789e17a2586acb666b960c4d4bc24e33270e5b2c24071aac2602049b55ff0e,2573,unknown,none,test-descriptive,path:convention,test,thesis-safe,no,not-a-figure-or-table-float,yes
results/cross_architecture/bilstm/bilstm_seed46_fgsm_epsilon_sweep_test.csv,csv,a11a89f249af1c3429a77185e70551a791ca5654dede826e09c5fd7d2f376440,2527,unknown,none,test-descriptive,path:convention,test,thesis-safe,no,not-a-figure-or-table-float,yes
results/cross_architecture/bilstm/bilstm_seed46_fgsm_predictions_legacy_epsilon_0_03.csv,predictions,ff06e05a1572e553a642ac38fa0006a172f91def649caede5a8ad6bd79522b0a,68331,unknown,none,test-descriptive,path:convention,test,thesis-safe,no,not-a-figure-or-table-float,yes
results/cross_architecture/bilstm/bilstm_seed46_fgsm_predictions_test_epsilon_0_03.csv,predictions,1eb922221dfe1305be2688fadb1c209425a784b2a3a280062da3df10c97d4293,34404,unknown,none,test-descriptive,path:convention,test,thesis-safe,no,not-a-figure-or-table-float,yes
results/cross_architecture/bilstm/bilstm_seed46_fgsm_safety_metrics_legacy_epsilon_0_03.csv,csv,e07c7fad884b4404eef8308e58a3b4ff4875df91c635782e27ffb1e7a6262e6a,476,unknown,none,test-descriptive,path:convention,test,thesis-safe,no,not-a-figure-or-table-float,yes
results/cross_architecture/bilstm/bilstm_seed46_fgsm_safety_metrics_test_epsilon_0_03.csv,csv,568873bd97cd6ddba3e722f745ef65b7db02c370731e4c97bdc22a7121b736e7,474,unknown,none,test-descriptive,path:convention,test,thesis-safe,no,not-a-figure-or-table-float,yes
results/cross_architecture/bilstm/bilstm_seed46_fgsm_sweep_predictions_legacy.csv,predictions,15c0ae3cbce8917f4b265b39a7d122256da33cd5585238e9b893aa1d5fe7ee5b,1222227,unknown,none,test-descriptive,path:convention,test,thesis-safe,no,not-a-figure-or-table-float,yes
results/cross_architecture/bilstm/bilstm_seed46_fgsm_sweep_predictions_test.csv,predictions,5748c156414eb8b09cd485a281ab450e861d78c700f8b20986372badbf1950ff,612637,unknown,none,test-descriptive,path:convention,test,thesis-safe,no,not-a-figure-or-table-float,yes
results/cross_architecture/bilstm/bilstm_seed46_legacy_eval_fall_binary_metrics.csv,csv,4181aa6c8b44bb717ff8288965c828ff5f90460d7ee1d6b5fd9d03d60921ee81,291,unknown,none,test-descriptive,path:convention,test,thesis-safe,no,not-a-figure-or-table-float,yes
results/cross_architecture/bilstm/bilstm_seed46_legacy_eval_per_class_metrics.csv,csv,5c49526aaaefd23fdfe95a24f112713c2a1607d80eee93232b1c689589995782,334,unknown,none,test-descriptive,path:convention,test,thesis-safe,no,not-a-figure-or-table-float,yes
results/cross_architecture/bilstm/bilstm_seed46_legacy_eval_predictions.csv,csv,0980a3a39955afe2a4bce220a554ef368236b759af0609e56147ac48138c0f22,35938,unknown,none,test-descriptive,path:convention,test,thesis-safe,no,not-a-figure-or-table-float,yes
results/cross_architecture/bilstm/bilstm_seed46_legacy_eval_summary_metrics.csv,csv,1ff2fc74bf3485750a56e75e56e97f0e9a2c9fae9b0ae4c3ba7343de39b9ee1d,299,unknown,none,test-descriptive,path:convention,test,thesis-safe,no,not-a-figure-or-table-float,yes
results/cross_architecture/bilstm/bilstm_seed46_metadata.json,metadata,b770f9ca27838e20100d03bab948ab9e316b274020d03f0e650e9dc7fa3bdf76,3249,unknown,none,test-descriptive,path:convention,test,thesis-safe,no,not-a-figure-or-table-float,yes
results/cross_architecture/bilstm/bilstm_seed46_per_class_metrics.csv,csv,54bdb6ab63244a9b42a018bd45c9d191c47f8fdd6d88884bf4eade6c95436734,333,unknown,none,test-descriptive,path:convention,test,thesis-safe,no,not-a-figure-or-table-float,yes
results/cross_architecture/bilstm/bilstm_seed46_pgd_epsilon_sweep_legacy.csv,csv,e6f86e401e11a89ae2808b0f679ef1cf88cd9a8ae67e9843702bf5bb8eeb818a,2642,unknown,none,test-descriptive,path:convention,test,thesis-safe,no,not-a-figure-or-table-float,yes
results/cross_architecture/bilstm/bilstm_seed46_pgd_epsilon_sweep_test.csv,csv,98600faf75e1f8ce047102061799b4f65684ab97789a13fc10dfef4409ef6d49,2581,unknown,none,test-descriptive,path:convention,test,thesis-safe,no,not-a-figure-or-table-float,yes
results/cross_architecture/bilstm/bilstm_seed46_pgd_predictions_legacy_epsilon_0_03.csv,predictions,38fc910d3e22cabf0e882fa0e188bb93c9849cf92e6ee303d9b1d22395901ba2,80342,unknown,none,test-descriptive,path:convention,test,thesis-safe,no,not-a-figure-or-table-float,yes
results/cross_architecture/bilstm/bilstm_seed46_pgd_predictions_test_epsilon_0_03.csv,predictions,b2bb7820fe554564b53f40a2871f3c28c9c98f5f79a41a6763dd427514fdb5eb,40444,unknown,none,test-descriptive,path:convention,test,thesis-safe,no,not-a-figure-or-table-float,yes
results/cross_architecture/bilstm/bilstm_seed46_pgd_safety_metrics_legacy_epsilon_0_03.csv,csv,515149c3d35ab2d6896f06512cf70955d99087945692f8ca5729deadcfda82b2,481,unknown,none,test-descriptive,path:convention,test,thesis-safe,no,not-a-figure-or-table-float,yes
results/cross_architecture/bilstm/bilstm_seed46_pgd_safety_metrics_test_epsilon_0_03.csv,csv,ad352b4afa0c3b6e27027be2e49b8c7ddb10252b38f7243c689d38b21dac666c,477,unknown,none,test-descriptive,path:convention,test,thesis-safe,no,not-a-figure-or-table-float,yes
results/cross_architecture/bilstm/bilstm_seed46_pgd_sweep_predictions_legacy.csv,predictions,a7605e22b0daa300dd51b3a7f9d0c627445dfd235d17431bf833e67ee0e275e4,1439081,unknown,none,test-descriptive,path:convention,test,thesis-safe,no,not-a-figure-or-table-float,yes
results/cross_architecture/bilstm/bilstm_seed46_pgd_sweep_predictions_test.csv,predictions,ffda9164919a8a4e26cbf71e9b086015a818b13542ae3437024f47d79f5f59cb,721524,unknown,none,test-descriptive,path:convention,test,thesis-safe,no,not-a-figure-or-table-float,yes
results/cross_architecture/bilstm/bilstm_seed46_summary_metrics.csv,csv,5dc153f8b31019fb364dcf024258252b0db5dbd84a29d911c7360b5127c2ae91,430,unknown,none,test-descriptive,path:convention,test,thesis-safe,no,not-a-figure-or-table-float,yes
results/cross_architecture/bilstm/bilstm_seed46_sweep_metadata.json,metadata,6a40e644122edee6c1546f690fd8ccc484b2576d75c9f521e00a9873b9af3d55,3632,unknown,none,test-descriptive,path:convention,test,thesis-safe,no,not-a-figure-or-table-float,yes
results/cross_architecture/bilstm/bilstm_seed46_test_predictions.csv,csv,41b95bf14a6053b7c215c76792c8d7ad94509eb0a8d6fdc97eaeddb0b5476e16,18049,unknown,none,test-descriptive,path:convention,test,thesis-safe,no,not-a-figure-or-table-float,yes
results/cross_architecture/bilstm/bilstm_seed46_training_curve.csv,csv,9ceb68c7c089f3dbb271cd71ef159630489ce545ef55d489f15a09e78ee880dc,8110,unknown,none,test-descriptive,path:convention,test,thesis-safe,no,not-a-figure-or-table-float,yes
results/cross_architecture/bilstm/bilstm_seed_convergence_status.csv,csv,447ef05576481fe0bd7446592ba1ac84f75e52878b3a90e93a63695f3cd9f659,1386,unknown,none,test-descriptive,path:convention,test,thesis-safe,no,not-a-figure-or-table-float,yes
results/cross_architecture/bilstm/figures/bilstm_clean_qualified_fall_recall_clean_vs_fgsm_vs_pgd.png,figure,f594bb2af0f8dc00814d1419ea6f387429bf38f9d86d0ce5a87a34ab0197d7b0,82180,unknown,none,test-descriptive,path:convention,test,thesis-safe,no,generator-unknown,yes
results/cross_architecture/cross_architecture_multiseed_summary.csv,csv,250cede1b84c13f4da7b4f2793f31ab9fadae7420411162cad064aa41ac64e30,2254,scripts/reconstruct_ch04_cross_arch_resnet_artifacts.py,literal,test-descriptive,path:convention,test,thesis-safe,no,not-a-figure-or-table-float,yes
results/cross_architecture/cross_architecture_seed42_pilot_summary.csv,csv,57ee5a53e1b3bbf72152fb5ae82cb39e2aa96ae1ff85776bac82149603d64a89,3531,scripts/reconstruct_ch04_cross_arch_resnet_artifacts.py,literal,test-descriptive,path:convention,test,thesis-safe,no,not-a-figure-or-table-float,yes
results/cross_architecture/cross_architecture_seed42_pilot_thresholds.csv,csv,2ad192990546a5326cb07e3a0eecfa4eef98b0e10a1177c164c36fd3c9e022db,1403,scripts/reconstruct_ch04_cross_arch_resnet_artifacts.py,literal,test-descriptive,path:convention,test,thesis-safe,no,not-a-figure-or-table-float,yes
results/cross_architecture/figures/cross_architecture_seed42_fall_recall_vs_epsilon.png,figure,561656923916965618cd0bc3fce1d98ecb997bc3a2c17b78a65fa4b892aff87e,122644,scripts/reconstruct_ch04_cross_arch_resnet_artifacts.py,literal,test-descriptive,path:convention,test,thesis-safe,no,generator-not-committed,yes
results/cross_architecture/figures/cross_architecture_seed42_pgd_false_alarms_at_003.png,figure,08aafad6f78936b69d8ffb0684f866fe516a582650830caef2022927d9e29773,40448,unknown,none,test-descriptive,path:convention,test,thesis-safe,no,generator-unknown,yes
results/cross_architecture/gru/figures/gru_clean_qualified_fall_recall_clean_vs_fgsm_vs_pgd.png,figure,f56ee740d8ff1273330f6e6c1a7219be60ed423f4f4cae3617d66c6ecb784a41,62439,unknown,none,test-descriptive,path:convention,test,thesis-safe,no,generator-unknown,yes
results/cross_architecture/gru/gru_clean_qualified_seedwise_metrics.csv,csv,89b92e0470d26644a1bc264dbf5f5523e5ddc49c09a6035da52d41224ecd02ec,2229,unknown,none,test-descriptive,path:convention,test,thesis-safe,no,not-a-figure-or-table-float,yes
results/cross_architecture/gru/gru_clean_qualified_summary.csv,csv,043182c1ca3543439a806481c15a2e33a82842743679cb4d0beec9a245abc70e,980,unknown,none,test-descriptive,path:convention,test,thesis-safe,no,not-a-figure-or-table-float,yes
results/cross_architecture/gru/gru_clean_qualified_thresholds.csv,csv,6d93b04a8f745110c418706949de84f0620907cf55e6ac532f5709318a8eb91d,1230,unknown,none,test-descriptive,path:convention,test,thesis-safe,no,not-a-figure-or-table-float,yes
results/cross_architecture/gru/gru_seed42_attacks_metadata.json,metadata,85f7e8fd99ac1c19174d00e2a6245f6e46b2d4878cc219161f1c7cc2b7c23a49,5548,unknown,none,test-descriptive,path:convention,test,thesis-safe,no,not-a-figure-or-table-float,yes
results/cross_architecture/gru/gru_seed42_fall_binary_metrics.csv,csv,45f2c4842640a60bd145b81a027d8179423af4c6b49a336bdfeb5e03db8e6123,289,unknown,none,test-descriptive,path:convention,test,thesis-safe,no,not-a-figure-or-table-float,yes
results/cross_architecture/gru/gru_seed42_fgsm_epsilon_sweep_legacy.csv,csv,01528b60cf2b37806c25fc6e748d324a305c51e92a3bebe2cef020b58fdf325f,2583,unknown,none,test-descriptive,path:convention,test,thesis-safe,no,not-a-figure-or-table-float,yes
results/cross_architecture/gru/gru_seed42_fgsm_epsilon_sweep_test.csv,csv,a9d17d5e60826958f17de14f31411357eb43cac0d2223afa756891a87d2c77ad,2526,unknown,none,test-descriptive,path:convention,test,thesis-safe,no,not-a-figure-or-table-float,yes
results/cross_architecture/gru/gru_seed42_fgsm_predictions_legacy_epsilon_0_03.csv,predictions,907a0a8ecd2ac9fba4d65b6d7d9a8c9f72c47844476c6143741bbb8e1bbb0ef2,68226,unknown,none,test-descriptive,path:convention,test,thesis-safe,no,not-a-figure-or-table-float,yes
results/cross_architecture/gru/gru_seed42_fgsm_predictions_test_epsilon_0_03.csv,predictions,26e6b437a9adf80a40e4a63fd751c5124a96536eee06cf21e389e81d200ba5e2,34338,unknown,none,test-descriptive,path:convention,test,thesis-safe,no,not-a-figure-or-table-float,yes
results/cross_architecture/gru/gru_seed42_fgsm_safety_metrics_legacy_epsilon_0_03.csv,csv,9ce8cedb3415611909796fe65aab7ee13d0920128587aadcb1cdfc1008e60b4d,478,unknown,none,test-descriptive,path:convention,test,thesis-safe,no,not-a-figure-or-table-float,yes
results/cross_architecture/gru/gru_seed42_fgsm_safety_metrics_test_epsilon_0_03.csv,csv,7963730d25a62cf293f0c27feada8895831d7e2c2b748858ecabc0d770cbae82,474,unknown,none,test-descriptive,path:convention,test,thesis-safe,no,not-a-figure-or-table-float,yes
results/cross_architecture/gru/gru_seed42_fgsm_sweep_predictions_legacy.csv,predictions,330fb0652be5b2567f8daad47666d4fff8a93717d8f2a0a0082d084dab45c1a0,1220208,unknown,none,test-descriptive,path:convention,test,thesis-safe,no,not-a-figure-or-table-float,yes
results/cross_architecture/gru/gru_seed42_fgsm_sweep_predictions_test.csv,predictions,f38ae3815e0c0db1f90d89713deb1518ca93f034747816596ca79b89800c604d,611289,unknown,none,test-descriptive,path:convention,test,thesis-safe,no,not-a-figure-or-table-float,yes
results/cross_architecture/gru/gru_seed42_legacy_eval_fall_binary_metrics.csv,csv,c74df3efdfbefaf36bd2ea687c1137e6e591fee6e94a095b792030cc389a8af7,289,unknown,none,test-descriptive,path:convention,test,thesis-safe,no,not-a-figure-or-table-float,yes
results/cross_architecture/gru/gru_seed42_legacy_eval_per_class_metrics.csv,csv,9b30246cc19a035b05117517265b4f2e3f339500c6b933ade1ed5e5baae71a96,334,unknown,none,test-descriptive,path:convention,test,thesis-safe,no,not-a-figure-or-table-float,yes
results/cross_architecture/gru/gru_seed42_legacy_eval_predictions.csv,csv,2e654907bf8ffefde01ce89c33d2f24750aa174e62be013d3a2cd96c5fcebc70,35971,unknown,none,test-descriptive,path:convention,test,thesis-safe,no,not-a-figure-or-table-float,yes
results/cross_architecture/gru/gru_seed42_legacy_eval_summary_metrics.csv,csv,62de8d13f3c4640bb40556b27a63e89bb24033da820865a617f11cdf333632f7,296,unknown,none,test-descriptive,path:convention,test,thesis-safe,no,not-a-figure-or-table-float,yes
results/cross_architecture/gru/gru_seed42_metadata.json,metadata,7fa4a77bdf5096b500e53d46b404abf5842db7387f2cad80299e52cf6dbe5115,3012,unknown,none,test-descriptive,path:convention,test,thesis-safe,no,not-a-figure-or-table-float,yes
results/cross_architecture/gru/gru_seed42_per_class_metrics.csv,csv,76f041352bb5e460797429747079be1cc73246c525140ab7165690669b774637,333,unknown,none,test-descriptive,path:convention,test,thesis-safe,no,not-a-figure-or-table-float,yes
results/cross_architecture/gru/gru_seed42_pgd_epsilon_sweep_legacy.csv,csv,86a75b5bfff71da6f5e512b5036bdd6b5e093005cc484085029c4f18ad8ddd12,2641,unknown,none,test-descriptive,path:convention,test,thesis-safe,no,not-a-figure-or-table-float,yes
results/cross_architecture/gru/gru_seed42_pgd_epsilon_sweep_test.csv,csv,2bf2446cab53780aa7d33696746110a53e25724b5002db6d4ef4c25e6275ea08,2581,unknown,none,test-descriptive,path:convention,test,thesis-safe,no,not-a-figure-or-table-float,yes
results/cross_architecture/gru/gru_seed42_pgd_predictions_legacy_epsilon_0_03.csv,predictions,83f0eff764f3a512dcff6c0d82507e806ec726b3bbfd7fb39de8f3d1c470822f,80452,unknown,none,test-descriptive,path:convention,test,thesis-safe,no,not-a-figure-or-table-float,yes
results/cross_architecture/gru/gru_seed42_pgd_predictions_test_epsilon_0_03.csv,predictions,a72f67c55969a4102de5875f3ced4341887ac73575cec132f9a9b7ae462a1af9,40488,unknown,none,test-descriptive,path:convention,test,thesis-safe,no,not-a-figure-or-table-float,yes
results/cross_architecture/gru/gru_seed42_pgd_safety_metrics_legacy_epsilon_0_03.csv,csv,81a93f9af70f7cc94e5ff2db078874621169c144c39a91317166ca7de4cb112d,481,unknown,none,test-descriptive,path:convention,test,thesis-safe,no,not-a-figure-or-table-float,yes
results/cross_architecture/gru/gru_seed42_pgd_safety_metrics_test_epsilon_0_03.csv,csv,1ad37d947715ce720e8a38d3e54cd0f0fe93c97ca84ca2f4e1901dbcbbc1e9e6,477,unknown,none,test-descriptive,path:convention,test,thesis-safe,no,not-a-figure-or-table-float,yes
results/cross_architecture/gru/gru_seed42_pgd_sweep_predictions_legacy.csv,predictions,e3f894fd1698afd58f7c6f14a3c1c5f520184c7b086f1611bbb7b0a4725b12b9,1439918,unknown,none,test-descriptive,path:convention,test,thesis-safe,no,not-a-figure-or-table-float,yes
results/cross_architecture/gru/gru_seed42_pgd_sweep_predictions_test.csv,predictions,54809c13a1442af29ace0700e21513d5a1ade38d338817908b65e49bd595ee0e,721728,unknown,none,test-descriptive,path:convention,test,thesis-safe,no,not-a-figure-or-table-float,yes
results/cross_architecture/gru/gru_seed42_summary_metrics.csv,csv,99a1cebe8a966b3cffb77a51c33ee06a16252003fbcbc9acdbce12795d7fb914,428,unknown,none,test-descriptive,path:convention,test,thesis-safe,no,not-a-figure-or-table-float,yes
results/cross_architecture/gru/gru_seed42_sweep_metadata.json,metadata,fc8c57f4552084ac53664cd5c9267d769a27380bfd46728778faffa7503f7e41,3516,unknown,none,test-descriptive,path:convention,test,thesis-safe,no,not-a-figure-or-table-float,yes
results/cross_architecture/gru/gru_seed42_test_predictions.csv,csv,0bb77d5ba1173e45fb3e046a187ba1d49c7d57d84abdc71369970fed261988b6,18064,unknown,none,test-descriptive,path:convention,test,thesis-safe,no,not-a-figure-or-table-float,yes
results/cross_architecture/gru/gru_seed42_training_curve.csv,csv,6a7ab0258cc01990db44d22b5191fa239925c1a82086d6baa086d2b0d165b10b,6760,unknown,none,test-descriptive,path:convention,test,thesis-safe,no,not-a-figure-or-table-float,yes
results/cross_architecture/gru/gru_seed43_attacks_metadata.json,metadata,36d942958b157c7db4a8610f45caa4b843a53c613e901e1b40a1711546ddfda3,5666,unknown,none,test-descriptive,path:convention,test,thesis-safe,no,not-a-figure-or-table-float,yes
results/cross_architecture/gru/gru_seed43_fall_binary_metrics.csv,csv,4ff62c777479c7c458f988c8987acc516e9df58b42e2cf8c0e3fd46f632f45e5,289,unknown,none,test-descriptive,path:convention,test,thesis-safe,no,not-a-figure-or-table-float,yes
results/cross_architecture/gru/gru_seed43_fgsm_epsilon_sweep_legacy.csv,csv,c6f3d634828235d8c0057a8a23ef2b9493802a9da80649af151b39b494d994a7,2573,unknown,none,test-descriptive,path:convention,test,thesis-safe,no,not-a-figure-or-table-float,yes
results/cross_architecture/gru/gru_seed43_fgsm_epsilon_sweep_test.csv,csv,bdef3e9b8af41899761026c4c456e77610ff3785c467fd082d8f7bf5070eac25,2529,unknown,none,test-descriptive,path:convention,test,thesis-safe,no,not-a-figure-or-table-float,yes
results/cross_architecture/gru/gru_seed43_fgsm_predictions_legacy_epsilon_0_03.csv,predictions,f142ed50fa1ce7b9804124d0344cb230a46f0c96048718ea9e2df1d3e8bf52f0,68085,unknown,none,test-descriptive,path:convention,test,thesis-safe,no,not-a-figure-or-table-float,yes
results/cross_architecture/gru/gru_seed43_fgsm_predictions_test_epsilon_0_03.csv,predictions,da325396ae9ee308c714519511bff07134924699ecf631d88937e3dae1881d2f,34297,unknown,none,test-descriptive,path:convention,test,thesis-safe,no,not-a-figure-or-table-float,yes
results/cross_architecture/gru/gru_seed43_fgsm_safety_metrics_legacy_epsilon_0_03.csv,csv,3a3b0b8af3a4378ca98df797d012cd4ba5c063e734b5667ec89d197368aa5906,476,unknown,none,test-descriptive,path:convention,test,thesis-safe,no,not-a-figure-or-table-float,yes
results/cross_architecture/gru/gru_seed43_fgsm_safety_metrics_test_epsilon_0_03.csv,csv,29e8b370143a85e2b8518f4490c37b090f42b2ab4137cbf0d88a8677538cf6a3,474,unknown,none,test-descriptive,path:convention,test,thesis-safe,no,not-a-figure-or-table-float,yes
results/cross_architecture/gru/gru_seed43_fgsm_sweep_predictions_legacy.csv,predictions,7495dc697730bd129303c34d7fbc90446f9112653a4b388bc3b88671833f5f20,1219161,unknown,none,test-descriptive,path:convention,test,thesis-safe,no,not-a-figure-or-table-float,yes
results/cross_architecture/gru/gru_seed43_fgsm_sweep_predictions_test.csv,predictions,26d012078d621c378e888fcdfa74a7455122c3b383f9bca1121afc608d6390b0,611295,unknown,none,test-descriptive,path:convention,test,thesis-safe,no,not-a-figure-or-table-float,yes
results/cross_architecture/gru/gru_seed43_legacy_eval_fall_binary_metrics.csv,csv,29f3259556b2eba27619e584f37f9f47896c3d4216ba8aa6609742418a8578ad,290,unknown,none,test-descriptive,path:convention,test,thesis-safe,no,not-a-figure-or-table-float,yes
results/cross_architecture/gru/gru_seed43_legacy_eval_per_class_metrics.csv,csv,4fcf0696e7bbbc6e62d9467963ab5214d189e0afd673da957d023f3fc0d678e7,334,unknown,none,test-descriptive,path:convention,test,thesis-safe,no,not-a-figure-or-table-float,yes
results/cross_architecture/gru/gru_seed43_legacy_eval_predictions.csv,csv,466b920fa4bcf2d65deb0588c9651736297798644f282b1c1a6bef28753fecc8,35968,unknown,none,test-descriptive,path:convention,test,thesis-safe,no,not-a-figure-or-table-float,yes
results/cross_architecture/gru/gru_seed43_legacy_eval_summary_metrics.csv,csv,7e007aa633d8c1b830a597a631fcf098bbd890cad1ef834205478b2286237a65,296,unknown,none,test-descriptive,path:convention,test,thesis-safe,no,not-a-figure-or-table-float,yes
results/cross_architecture/gru/gru_seed43_metadata.json,metadata,ecd2425be3d404e00b593381b1cb1a085d1d284e5f0951d32bbeb9a90e23dc1c,3178,unknown,none,test-descriptive,path:convention,test,thesis-safe,no,not-a-figure-or-table-float,yes
results/cross_architecture/gru/gru_seed43_per_class_metrics.csv,csv,5ff5e6e6474041c2bc205c2408d3e1f31cfb04126d1994e581e3a5cfdce51349,333,unknown,none,test-descriptive,path:convention,test,thesis-safe,no,not-a-figure-or-table-float,yes
results/cross_architecture/gru/gru_seed43_pgd_epsilon_sweep_legacy.csv,csv,9a8eb4d61af18a1959be55ccdbd82056a7c42b8a399f68cc2f8fa248d4e67dfd,2624,unknown,none,test-descriptive,path:convention,test,thesis-safe,no,not-a-figure-or-table-float,yes
results/cross_architecture/gru/gru_seed43_pgd_epsilon_sweep_test.csv,csv,671341072f511b7583a7cfb6d2a5eeafb37b2d280d5f850eb698789cb21440d9,2584,unknown,none,test-descriptive,path:convention,test,thesis-safe,no,not-a-figure-or-table-float,yes
results/cross_architecture/gru/gru_seed43_pgd_predictions_legacy_epsilon_0_03.csv,predictions,274a93f2176ceb049f4f80a39eb58a30ee9da4b35e7d457ea1ec581df916dea5,80332,unknown,none,test-descriptive,path:convention,test,thesis-safe,no,not-a-figure-or-table-float,yes
results/cross_architecture/gru/gru_seed43_pgd_predictions_test_epsilon_0_03.csv,predictions,99b58ec9fea1eaf1ece3e86652665c741909fa08d903dd4437319f7cf790228f,40463,unknown,none,test-descriptive,path:convention,test,thesis-safe,no,not-a-figure-or-table-float,yes
results/cross_architecture/gru/gru_seed43_pgd_safety_metrics_legacy_epsilon_0_03.csv,csv,3c376e582b260333f45be91c695474bcb407c031c7b3ead22c50b0bad5d1bdb1,479,unknown,none,test-descriptive,path:convention,test,thesis-safe,no,not-a-figure-or-table-float,yes
results/cross_architecture/gru/gru_seed43_pgd_safety_metrics_test_epsilon_0_03.csv,csv,4d82d6e691fd929856ca6d137a9f8e6da21bff6a858c7f9e9faa85752bb40d35,477,unknown,none,test-descriptive,path:convention,test,thesis-safe,no,not-a-figure-or-table-float,yes
results/cross_architecture/gru/gru_seed43_pgd_sweep_predictions_legacy.csv,predictions,48bda0d69e9ed0f57af9a4149cb250e060041f5eef9f3d1e47d49cd3f410c24e,1438549,unknown,none,test-descriptive,path:convention,test,thesis-safe,no,not-a-figure-or-table-float,yes
results/cross_architecture/gru/gru_seed43_pgd_sweep_predictions_test.csv,predictions,52efadca2e8bc5932d3eadd90005ebe2fafa965e254ba0c11f9131be78f52a3f,721656,unknown,none,test-descriptive,path:convention,test,thesis-safe,no,not-a-figure-or-table-float,yes
results/cross_architecture/gru/gru_seed43_summary_metrics.csv,csv,1273d0512b9a7199924b183562ca044c583abd2c5fcb6b797a5094f4048157b6,428,unknown,none,test-descriptive,path:convention,test,thesis-safe,no,not-a-figure-or-table-float,yes
results/cross_architecture/gru/gru_seed43_sweep_metadata.json,metadata,a7928c0580bce28ce864a0b832314cf892af52bafae2269c96c39dad6643b07e,3581,unknown,none,test-descriptive,path:convention,test,thesis-safe,no,not-a-figure-or-table-float,yes
results/cross_architecture/gru/gru_seed43_test_predictions.csv,csv,b60d0bb59cacbddb3192e195a1f52f710af030da9ebc0f7f7706bf3583aebe74,18077,unknown,none,test-descriptive,path:convention,test,thesis-safe,no,not-a-figure-or-table-float,yes
results/cross_architecture/gru/gru_seed43_training_curve.csv,csv,4fc8406a2812abf65444b9865d00219b863ec68f69189bf6c102e91fbbe33f00,8510,unknown,none,test-descriptive,path:convention,test,thesis-safe,no,not-a-figure-or-table-float,yes
results/cross_architecture/gru/gru_seed44_attacks_metadata.json,metadata,5ff2dc6083e6ccd5b26c6cfb72c348855c8274dae46f76179c850777f7c81440,5539,unknown,none,test-descriptive,path:convention,test,thesis-safe,no,not-a-figure-or-table-float,yes
results/cross_architecture/gru/gru_seed44_fall_binary_metrics.csv,csv,327efec94f45e7eb2565aaec5b77bb48ea2bfd58c098b03b8b73f7e737dc1642,289,unknown,none,test-descriptive,path:convention,test,thesis-safe,no,not-a-figure-or-table-float,yes
results/cross_architecture/gru/gru_seed44_fgsm_epsilon_sweep_legacy.csv,csv,abfaa07591aac2e85fdea88cf294999c21f659d685c0be5fbf33ea016499cd99,2566,unknown,none,test-descriptive,path:convention,test,thesis-safe,no,not-a-figure-or-table-float,yes
results/cross_architecture/gru/gru_seed44_fgsm_epsilon_sweep_test.csv,csv,8cfe37ffcae61f2fd4d97afb99bd8affa32ed21c341d5706ec2a96312c3a6086,2521,unknown,none,test-descriptive,path:convention,test,thesis-safe,no,not-a-figure-or-table-float,yes
results/cross_architecture/gru/gru_seed44_fgsm_predictions_legacy_epsilon_0_03.csv,predictions,b297a1f92b3dad3bf7ed2088c6f20fa2ecc753877162e26977e67870684086df,67747,unknown,none,test-descriptive,path:convention,test,thesis-safe,no,not-a-figure-or-table-float,yes
results/cross_architecture/gru/gru_seed44_fgsm_predictions_test_epsilon_0_03.csv,predictions,b38375771bbbe36ef2fa1d7f18f0779c86b62bfac62270f379e6ae25932b4195,34144,unknown,none,test-descriptive,path:convention,test,thesis-safe,no,not-a-figure-or-table-float,yes
results/cross_architecture/gru/gru_seed44_fgsm_safety_metrics_legacy_epsilon_0_03.csv,csv,86c1dfc4b36cc44a10628948323b72cb0106dd18a84ccb6e278d4eba267c8f06,476,unknown,none,test-descriptive,path:convention,test,thesis-safe,no,not-a-figure-or-table-float,yes
results/cross_architecture/gru/gru_seed44_fgsm_safety_metrics_test_epsilon_0_03.csv,csv,154bd8cc33d14390888c81d3287649045d3993b12a1271ee4906676d4fe8d906,474,unknown,none,test-descriptive,path:convention,test,thesis-safe,no,not-a-figure-or-table-float,yes
results/cross_architecture/gru/gru_seed44_fgsm_sweep_predictions_legacy.csv,predictions,4cc4815093d59d3a234b3703ad7e6d0ce5d64aa5429f230a27570ac6721bbe98,1214430,unknown,none,test-descriptive,path:convention,test,thesis-safe,no,not-a-figure-or-table-float,yes
results/cross_architecture/gru/gru_seed44_fgsm_sweep_predictions_test.csv,predictions,2c50b668abfbc8ac4bd9a36439c1bb042a5b757a19aa7da87086d287366c6b14,608963,unknown,none,test-descriptive,path:convention,test,thesis-safe,no,not-a-figure-or-table-float,yes
results/cross_architecture/gru/gru_seed44_legacy_eval_fall_binary_metrics.csv,csv,6dbafe6e865d6c5b3503c0a2541c37994102528ef86b8fadc42590e05d863729,289,unknown,none,test-descriptive,path:convention,test,thesis-safe,no,not-a-figure-or-table-float,yes
results/cross_architecture/gru/gru_seed44_legacy_eval_per_class_metrics.csv,csv,a8806f8f927f471fde4621b773ef2b5dd0bc507f9b7047d08521204d176ef4ed,334,unknown,none,test-descriptive,path:convention,test,thesis-safe,no,not-a-figure-or-table-float,yes
results/cross_architecture/gru/gru_seed44_legacy_eval_predictions.csv,csv,887f31d3d40407c079cf010dfb3d95c0c1e76178532d1038d37da29c9565383d,35956,unknown,none,test-descriptive,path:convention,test,thesis-safe,no,not-a-figure-or-table-float,yes
results/cross_architecture/gru/gru_seed44_legacy_eval_summary_metrics.csv,csv,0ceb011381cf9a28dc04bfe195eb97bd4104732c7c9427b6b87e573a33b2f66f,296,unknown,none,test-descriptive,path:convention,test,thesis-safe,no,not-a-figure-or-table-float,yes
results/cross_architecture/gru/gru_seed44_metadata.json,metadata,dd3e49a04c8063168b46d0559598c259434e9dbc11e4821499c9c67ca4021570,3177,unknown,none,test-descriptive,path:convention,test,thesis-safe,no,not-a-figure-or-table-float,yes
results/cross_architecture/gru/gru_seed44_per_class_metrics.csv,csv,f692f7ee253f74f6434581cc65aa415587f0b03e1b7549b36897a6ebb0f4c5da,333,unknown,none,test-descriptive,path:convention,test,thesis-safe,no,not-a-figure-or-table-float,yes
results/cross_architecture/gru/gru_seed44_pgd_epsilon_sweep_legacy.csv,csv,92ef4ed055c3cc09d32d08aead01bed1eb73525a6ca1f5fc22d55a65e5ffe728,2620,unknown,none,test-descriptive,path:convention,test,thesis-safe,no,not-a-figure-or-table-float,yes
results/cross_architecture/gru/gru_seed44_pgd_epsilon_sweep_test.csv,csv,3710347e09b56e6ddcdae331479b79ba518b13ce6acda5d1b855069bdde81a12,2578,unknown,none,test-descriptive,path:convention,test,thesis-safe,no,not-a-figure-or-table-float,yes
results/cross_architecture/gru/gru_seed44_pgd_predictions_legacy_epsilon_0_03.csv,predictions,a88c141417207cc53251705a3283d610f0fcddde28ce0f05c8e5a55244cc1235,80133,unknown,none,test-descriptive,path:convention,test,thesis-safe,no,not-a-figure-or-table-float,yes
results/cross_architecture/gru/gru_seed44_pgd_predictions_test_epsilon_0_03.csv,predictions,5972a0f002a04edf2f2cd607d06f37d51823a66a1c510c6a4b226c08ad223ab8,40323,unknown,none,test-descriptive,path:convention,test,thesis-safe,no,not-a-figure-or-table-float,yes
results/cross_architecture/gru/gru_seed44_pgd_safety_metrics_legacy_epsilon_0_03.csv,csv,ea79731274b815ebb0047f67fe2d647bb4f605e38c214ff48789a46279c25ef2,479,unknown,none,test-descriptive,path:convention,test,thesis-safe,no,not-a-figure-or-table-float,yes
results/cross_architecture/gru/gru_seed44_pgd_safety_metrics_test_epsilon_0_03.csv,csv,bd4983f0d2f20b4583902950335d0003f6ecdae6e2e734c74e681368e9a42b59,477,unknown,none,test-descriptive,path:convention,test,thesis-safe,no,not-a-figure-or-table-float,yes
results/cross_architecture/gru/gru_seed44_pgd_sweep_predictions_legacy.csv,predictions,690806d964377d7ab66bce46fdc3e2f2f09fd6612b1d09558af773ff7bc0f0c0,1434729,unknown,none,test-descriptive,path:convention,test,thesis-safe,no,not-a-figure-or-table-float,yes
results/cross_architecture/gru/gru_seed44_pgd_sweep_predictions_test.csv,predictions,013422e8d98d230d7903e238e74da6fab40c0722b41837ea24e0cadfe414851b,719377,unknown,none,test-descriptive,path:convention,test,thesis-safe,no,not-a-figure-or-table-float,yes
results/cross_architecture/gru/gru_seed44_summary_metrics.csv,csv,12f791c943408baf6d82dfce388828d9a35795aa07f02533dd1bd7d02c89ec5e,428,unknown,none,test-descriptive,path:convention,test,thesis-safe,no,not-a-figure-or-table-float,yes
results/cross_architecture/gru/gru_seed44_sweep_metadata.json,metadata,b180639986bace30d871a3654d319cd37209346a33218019ef388f468a50500f,3580,unknown,none,test-descriptive,path:convention,test,thesis-safe,no,not-a-figure-or-table-float,yes
results/cross_architecture/gru/gru_seed44_test_predictions.csv,csv,20a8146216bb6d8109b29ca1d9e90e681663a14209a87cf0fe472117daab4135,18053,unknown,none,test-descriptive,path:convention,test,thesis-safe,no,not-a-figure-or-table-float,yes
results/cross_architecture/gru/gru_seed44_training_curve.csv,csv,929f926b9d5e8ef62ee2051660bd802a3591d16b7c00bd56db28be1c07a95b14,8460,unknown,none,test-descriptive,path:convention,test,thesis-safe,no,not-a-figure-or-table-float,yes
results/cross_architecture/gru/gru_seed45_attacks_metadata.json,metadata,18cf03e28535d3b4563883758eeb8514d703b7d5aa22f688eedac06e3dee8824,5652,unknown,none,test-descriptive,path:convention,test,thesis-safe,no,not-a-figure-or-table-float,yes
results/cross_architecture/gru/gru_seed45_fall_binary_metrics.csv,csv,773eec11650888e33f82335b0b49c472b5a0ae574480b9be3dfb668ca8c264d6,289,unknown,none,test-descriptive,path:convention,test,thesis-safe,no,not-a-figure-or-table-float,yes
results/cross_architecture/gru/gru_seed45_fgsm_epsilon_sweep_legacy.csv,csv,7d7b3c7fbe6f762be64cc5741eeafd1cd722d755d80a3153fee072762add009b,2571,unknown,none,test-descriptive,path:convention,test,thesis-safe,no,not-a-figure-or-table-float,yes
results/cross_architecture/gru/gru_seed45_fgsm_epsilon_sweep_test.csv,csv,5637ee0a216cfe28ef22560033e42f945d26670c91be3b92d435378114dbc529,2530,unknown,none,test-descriptive,path:convention,test,thesis-safe,no,not-a-figure-or-table-float,yes
results/cross_architecture/gru/gru_seed45_fgsm_predictions_legacy_epsilon_0_03.csv,predictions,0c930c85d5a4b16c8e9354604b675116462cecdba5b7081db60e15de216f8523,67763,unknown,none,test-descriptive,path:convention,test,thesis-safe,no,not-a-figure-or-table-float,yes
results/cross_architecture/gru/gru_seed45_fgsm_predictions_test_epsilon_0_03.csv,predictions,5e1f5d944aaa1284abbda9f1416b18e012b5091e861abf0c88bc91a33ff0bbd5,34094,unknown,none,test-descriptive,path:convention,test,thesis-safe,no,not-a-figure-or-table-float,yes
results/cross_architecture/gru/gru_seed45_fgsm_safety_metrics_legacy_epsilon_0_03.csv,csv,8f7a475396ee8b4bbfcc4b97b8031f96824727804aec63e21e17e3c5ad519c41,476,unknown,none,test-descriptive,path:convention,test,thesis-safe,no,not-a-figure-or-table-float,yes
results/cross_architecture/gru/gru_seed45_fgsm_safety_metrics_test_epsilon_0_03.csv,csv,00f14de029798411fe9c6275cfccb4d1ccf7e80b1bf155f83b2eba50eddfeefa,474,unknown,none,test-descriptive,path:convention,test,thesis-safe,no,not-a-figure-or-table-float,yes
results/cross_architecture/gru/gru_seed45_fgsm_sweep_predictions_legacy.csv,predictions,a5f1f4d684fd07fc279b08f92d3ddd10705740d932b048ab7af0baaafbd0fc19,1214769,unknown,none,test-descriptive,path:convention,test,thesis-safe,no,not-a-figure-or-table-float,yes
results/cross_architecture/gru/gru_seed45_fgsm_sweep_predictions_test.csv,predictions,23be32b3dc4ced5412de7ee5b2270090ebfcd54b76f3e413262f538ba56ab6ed,608711,unknown,none,test-descriptive,path:convention,test,thesis-safe,no,not-a-figure-or-table-float,yes
results/cross_architecture/gru/gru_seed45_legacy_eval_fall_binary_metrics.csv,csv,bc0e69491b7efffc09efac8a70f104ef42ca319cb591929d4f58c76be8d29a8b,289,unknown,none,test-descriptive,path:convention,test,thesis-safe,no,not-a-figure-or-table-float,yes
results/cross_architecture/gru/gru_seed45_legacy_eval_per_class_metrics.csv,csv,e4853d306913106513b501dba41709ea7347c7102ce8503d545d1d3a6a589834,334,unknown,none,test-descriptive,path:convention,test,thesis-safe,no,not-a-figure-or-table-float,yes
results/cross_architecture/gru/gru_seed45_legacy_eval_predictions.csv,csv,1a67bcafa3ec8d234bbe805b110927dfc26b203d64faa481f6900fe048a086b6,35940,unknown,none,test-descriptive,path:convention,test,thesis-safe,no,not-a-figure-or-table-float,yes
results/cross_architecture/gru/gru_seed45_legacy_eval_summary_metrics.csv,csv,0c47f925760133a2a383c22dd687b6998a2e7cf7b5d78ed7e329a630392ab40a,296,unknown,none,test-descriptive,path:convention,test,thesis-safe,no,not-a-figure-or-table-float,yes
results/cross_architecture/gru/gru_seed45_metadata.json,metadata,e94140e5dfdb26ae4c18e4dc4cceece154f58e9c11bc6b3b19fed82adb59a0b0,3178,unknown,none,test-descriptive,path:convention,test,thesis-safe,no,not-a-figure-or-table-float,yes
results/cross_architecture/gru/gru_seed45_per_class_metrics.csv,csv,5649d17fb81d2e90b327692a425d426dc776ad9c478c1af7753c4c98d40eecb9,333,unknown,none,test-descriptive,path:convention,test,thesis-safe,no,not-a-figure-or-table-float,yes
results/cross_architecture/gru/gru_seed45_pgd_epsilon_sweep_legacy.csv,csv,e8eabcc2a12842170bc52f82cebcbecf7d124e3d16cef66df3c4b35857f13550,2624,unknown,none,test-descriptive,path:convention,test,thesis-safe,no,not-a-figure-or-table-float,yes
results/cross_architecture/gru/gru_seed45_pgd_epsilon_sweep_test.csv,csv,7055781d5cb4144a4010fc1a44bc579c2c33b23e095e285877b2178595698cc1,2584,unknown,none,test-descriptive,path:convention,test,thesis-safe,no,not-a-figure-or-table-float,yes
results/cross_architecture/gru/gru_seed45_pgd_predictions_legacy_epsilon_0_03.csv,predictions,35a5c5ee003b5c221d020c572ace7a7f6b36c905160a4fd574f6f520af189bf1,80170,unknown,none,test-descriptive,path:convention,test,thesis-safe,no,not-a-figure-or-table-float,yes
results/cross_architecture/gru/gru_seed45_pgd_predictions_test_epsilon_0_03.csv,predictions,946a9496ec6e2556de5753b0c0cec01e550a3472460b8e287418febc759e042e,40353,unknown,none,test-descriptive,path:convention,test,thesis-safe,no,not-a-figure-or-table-float,yes
results/cross_architecture/gru/gru_seed45_pgd_safety_metrics_legacy_epsilon_0_03.csv,csv,5d3f2ef98cfd03c2e377edc4e621e4b1b45a628d872c1f550992ebd3e191f2cc,479,unknown,none,test-descriptive,path:convention,test,thesis-safe,no,not-a-figure-or-table-float,yes
results/cross_architecture/gru/gru_seed45_pgd_safety_metrics_test_epsilon_0_03.csv,csv,5574942d75a97fbf25d8ac2e1c0814ac2672698064e76838c3342bfe051da9f2,477,unknown,none,test-descriptive,path:convention,test,thesis-safe,no,not-a-figure-or-table-float,yes
results/cross_architecture/gru/gru_seed45_pgd_sweep_predictions_legacy.csv,predictions,29d318eaf4270433340219f5bae05de88c9d4d41c93f612c6a2b17c972294587,1435719,unknown,none,test-descriptive,path:convention,test,thesis-safe,no,not-a-figure-or-table-float,yes
results/cross_architecture/gru/gru_seed45_pgd_sweep_predictions_test.csv,predictions,843bf282753b9b6fa8eecf2507ed2e378253c98c3747f1dd40c13a1690152136,719869,unknown,none,test-descriptive,path:convention,test,thesis-safe,no,not-a-figure-or-table-float,yes
results/cross_architecture/gru/gru_seed45_summary_metrics.csv,csv,4d46d0d7427df3d8221fc4f2f9e5690d01d31a4ca895f52ea80d162b0f37c509,427,unknown,none,test-descriptive,path:convention,test,thesis-safe,no,not-a-figure-or-table-float,yes
results/cross_architecture/gru/gru_seed45_sweep_metadata.json,metadata,ec35960e03d4257f2e6a69c8be37dc29eca3160565c2036794a1a6fde0a917ef,3578,unknown,none,test-descriptive,path:convention,test,thesis-safe,no,not-a-figure-or-table-float,yes
results/cross_architecture/gru/gru_seed45_test_predictions.csv,csv,fd2c1c24785a9c4bf621d2f96aa60ba311bc67dfbc0ba7bf1e3548d299167e87,18040,unknown,none,test-descriptive,path:convention,test,thesis-safe,no,not-a-figure-or-table-float,yes
results/cross_architecture/gru/gru_seed45_training_curve.csv,csv,c47e14b0facccf98d357f57e5b8fbd331b73a7be5fb86be77dfba57cd1e35056,7160,unknown,none,test-descriptive,path:convention,test,thesis-safe,no,not-a-figure-or-table-float,yes
results/cross_architecture/gru/gru_seed46_attacks_metadata.json,metadata,aa149ac8d4ed639b7a0f8fd78a8abc6df639fc165e994aa3fc80ef1d03ec22fa,5534,unknown,none,test-descriptive,path:convention,test,thesis-safe,no,not-a-figure-or-table-float,yes
results/cross_architecture/gru/gru_seed46_fall_binary_metrics.csv,csv,896048f9fa685598074fa8b473aa203607385ac7d034d90bc5c471612d15839f,289,unknown,none,test-descriptive,path:convention,test,thesis-safe,no,not-a-figure-or-table-float,yes
results/cross_architecture/gru/gru_seed46_fgsm_epsilon_sweep_legacy.csv,csv,b23da2fc6c75fb5dedde4e610a8460629feb7406fb0e2a40b9dc1cc43540e7a9,2570,unknown,none,test-descriptive,path:convention,test,thesis-safe,no,not-a-figure-or-table-float,yes
results/cross_architecture/gru/gru_seed46_fgsm_epsilon_sweep_test.csv,csv,cf8e4c0f015d093d6a12939c284e2b08d5d3c11713c60f19311f030b03746087,2528,unknown,none,test-descriptive,path:convention,test,thesis-safe,no,not-a-figure-or-table-float,yes
results/cross_architecture/gru/gru_seed46_fgsm_predictions_legacy_epsilon_0_03.csv,predictions,5558a1dff44e25f1a79b71bfac3074da54812dc376f8f941376999d9a13469a8,68127,unknown,none,test-descriptive,path:convention,test,thesis-safe,no,not-a-figure-or-table-float,yes
results/cross_architecture/gru/gru_seed46_fgsm_predictions_test_epsilon_0_03.csv,predictions,5ad44429ae9355917f891f629f5442b8107b5cfdbcad92f9878ecf94ee010b5f,34314,unknown,none,test-descriptive,path:convention,test,thesis-safe,no,not-a-figure-or-table-float,yes
results/cross_architecture/gru/gru_seed46_fgsm_safety_metrics_legacy_epsilon_0_03.csv,csv,a4fac956df575e3240a5190376ef5c11d2cc2c7a5335e2e74d8b781ce0acbdd3,476,unknown,none,test-descriptive,path:convention,test,thesis-safe,no,not-a-figure-or-table-float,yes
results/cross_architecture/gru/gru_seed46_fgsm_safety_metrics_test_epsilon_0_03.csv,csv,63fb8d42c27e01f7c6776ea1bae4b832d17831291fa3ddbb4085daed99ca1774,474,unknown,none,test-descriptive,path:convention,test,thesis-safe,no,not-a-figure-or-table-float,yes
results/cross_architecture/gru/gru_seed46_fgsm_sweep_predictions_legacy.csv,predictions,92231671d8fb7755e85029b575b77c049cd59efc265ed8927da905589a5bd4ef,1220220,unknown,none,test-descriptive,path:convention,test,thesis-safe,no,not-a-figure-or-table-float,yes
results/cross_architecture/gru/gru_seed46_fgsm_sweep_predictions_test.csv,predictions,042c2d459a870ac53f7f84d65b3b537f6c0e67e5595132a790459fab42efbf81,611817,unknown,none,test-descriptive,path:convention,test,thesis-safe,no,not-a-figure-or-table-float,yes
results/cross_architecture/gru/gru_seed46_legacy_eval_fall_binary_metrics.csv,csv,2816f37b08938f1d81ce526db23cbb0011305ac349b7672109a1f3aae4b4d896,289,unknown,none,test-descriptive,path:convention,test,thesis-safe,no,not-a-figure-or-table-float,yes
results/cross_architecture/gru/gru_seed46_legacy_eval_per_class_metrics.csv,csv,208a7ef6d916aabecd706422d993413b9069f96b87966536a1cacccde3c2b661,334,unknown,none,test-descriptive,path:convention,test,thesis-safe,no,not-a-figure-or-table-float,yes
results/cross_architecture/gru/gru_seed46_legacy_eval_predictions.csv,csv,402072e89378564bf62f1b6f58296e5b4261188e84dd7bfb9d744ef8f6aa2773,35964,unknown,none,test-descriptive,path:convention,test,thesis-safe,no,not-a-figure-or-table-float,yes
results/cross_architecture/gru/gru_seed46_legacy_eval_summary_metrics.csv,csv,629afbfd0a1611362b871747df16d555765700c5c733de8f8d39326d34e35e10,296,unknown,none,test-descriptive,path:convention,test,thesis-safe,no,not-a-figure-or-table-float,yes
results/cross_architecture/gru/gru_seed46_metadata.json,metadata,84cbc08423b1865f2b9b4083fee40c802d327e90253679a36b14139955f8f26a,3175,unknown,none,test-descriptive,path:convention,test,thesis-safe,no,not-a-figure-or-table-float,yes
results/cross_architecture/gru/gru_seed46_per_class_metrics.csv,csv,b8331fee07dbd510bc4efe077729b90242f4444b7a3337b6302fbd9fd6db686b,333,unknown,none,test-descriptive,path:convention,test,thesis-safe,no,not-a-figure-or-table-float,yes
results/cross_architecture/gru/gru_seed46_pgd_epsilon_sweep_legacy.csv,csv,54ec14a3c69718f1470a0c27c409724ab66db951f5241165446c23acb1a86297,2642,unknown,none,test-descriptive,path:convention,test,thesis-safe,no,not-a-figure-or-table-float,yes
results/cross_architecture/gru/gru_seed46_pgd_epsilon_sweep_test.csv,csv,72f979428f5d110022bebcec95e597ecabfbdbcdc675359aa7c1b37e9fe0d268,2582,unknown,none,test-descriptive,path:convention,test,thesis-safe,no,not-a-figure-or-table-float,yes
results/cross_architecture/gru/gru_seed46_pgd_predictions_legacy_epsilon_0_03.csv,predictions,579984ffefc09d25ee91adc3b81cc3666d79be14620ab0e8d982dde599d86b25,80184,unknown,none,test-descriptive,path:convention,test,thesis-safe,no,not-a-figure-or-table-float,yes
results/cross_architecture/gru/gru_seed46_pgd_predictions_test_epsilon_0_03.csv,predictions,368b0dc31a36ff76eb8661b4bf07caf16b2ce1b5c92deefebc3fe653f93e8faa,40381,unknown,none,test-descriptive,path:convention,test,thesis-safe,no,not-a-figure-or-table-float,yes
results/cross_architecture/gru/gru_seed46_pgd_safety_metrics_legacy_epsilon_0_03.csv,csv,787c7c24d420984fe1f2d7a778d6c6b35fbf5f3e72934092bf1e56d461606a18,481,unknown,none,test-descriptive,path:convention,test,thesis-safe,no,not-a-figure-or-table-float,yes
results/cross_architecture/gru/gru_seed46_pgd_safety_metrics_test_epsilon_0_03.csv,csv,dd3cd8067657d87804bdc79c0fd79ec566548f7a0ec3ca46634fac40d1715a91,477,unknown,none,test-descriptive,path:convention,test,thesis-safe,no,not-a-figure-or-table-float,yes
results/cross_architecture/gru/gru_seed46_pgd_sweep_predictions_legacy.csv,predictions,ddd310ae9cebbd025d1f3b21c108e9781ab173a0f33094f4395317c904f62d5f,1436476,unknown,none,test-descriptive,path:convention,test,thesis-safe,no,not-a-figure-or-table-float,yes
results/cross_architecture/gru/gru_seed46_pgd_sweep_predictions_test.csv,predictions,314c7f327bbd77064b485e201184b37f8bd5d5add230496b72dcae11f7275ac6,720480,unknown,none,test-descriptive,path:convention,test,thesis-safe,no,not-a-figure-or-table-float,yes
results/cross_architecture/gru/gru_seed46_summary_metrics.csv,csv,f19af0e02436b02fd33f42068f5bed328812f5226af017f5cc67f97fe42ea442,426,unknown,none,test-descriptive,path:convention,test,thesis-safe,no,not-a-figure-or-table-float,yes
results/cross_architecture/gru/gru_seed46_sweep_metadata.json,metadata,d54bcfa1c07bf2dfe24b7cdc748b8f88ac2622cc0a0508ca058758b04c6daee6,3573,unknown,none,test-descriptive,path:convention,test,thesis-safe,no,not-a-figure-or-table-float,yes
results/cross_architecture/gru/gru_seed46_test_predictions.csv,csv,364b671ab020d3c1af9efdbca12013577b874f9d7d6b15b9e3594e95df2400d4,18062,unknown,none,test-descriptive,path:convention,test,thesis-safe,no,not-a-figure-or-table-float,yes
results/cross_architecture/gru/gru_seed46_training_curve.csv,csv,391474a701d6bba15e18eae054d4944e4d304aaf6e0af66bbe586e16a1b2cac1,5460,unknown,none,test-descriptive,path:convention,test,thesis-safe,no,not-a-figure-or-table-float,yes
results/cross_architecture/gru/gru_seed_convergence_status.csv,csv,3b345c2547f78ee14524578893b870934f763332903ef270f1e5d65ae6cd2b4d,890,unknown,none,test-descriptive,path:convention,test,thesis-safe,no,not-a-figure-or-table-float,yes
results/cross_architecture/resnet/figures/resnet18_clean_qualified_fall_recall_vs_epsilon.png,figure,abbdfb78c3f0434c87219285f72073aad3cedb05682c5090d44466c66a9641bc,127537,scripts/reconstruct_ch04_cross_arch_resnet_artifacts.py,literal,test-descriptive,path:convention,test,thesis-safe,no,generator-not-committed,yes
results/cross_architecture/resnet/figures/resnet18_collapse_threshold_distribution.png,figure,aff2d8040b6680fa86cd7a1c485355babe2dcfdfd0058193329f5ce3a0196323,71432,unknown,none,test-descriptive,path:convention,test,thesis-safe,no,generator-unknown,yes
results/cross_architecture/resnet/figures/resnet18_pgd_false_alarms_at_003_clean_qualified.png,figure,c3b9972dcd03914484eff84ffc3b66468c8dc68fdf2dbd9a62cdb822e72e66de,51834,unknown,none,test-descriptive,path:convention,test,thesis-safe,no,generator-unknown,yes
results/cross_architecture/resnet/resnet18_clean_qualified_seedwise_metrics.csv,csv,f252d1014618e70198b6f52563602ca0488acfa63e74bace5e5c5e1b4fd72354,2582,scripts/reconstruct_ch04_cross_arch_resnet_artifacts.py,literal,test-descriptive,path:convention,test,thesis-safe,no,not-a-figure-or-table-float,yes
results/cross_architecture/resnet/resnet18_clean_qualified_summary.csv,csv,793555feb61fdfe4c2e6d33b19bc3211673ead28261fe891a184b5161975fb2f,897,scripts/reconstruct_ch04_cross_arch_resnet_artifacts.py,literal,test-descriptive,path:convention,test,thesis-safe,no,not-a-figure-or-table-float,yes
results/cross_architecture/resnet/resnet18_clean_qualified_thresholds.csv,csv,7d6dafb4d16b9e1a3c3903098c1a0307c3a29a82ff964441701b357916802f28,1313,scripts/reconstruct_ch04_cross_arch_resnet_artifacts.py,literal,test-descriptive,path:convention,test,thesis-safe,no,not-a-figure-or-table-float,yes
results/cross_architecture/resnet/resnet18_seed42_attacks_metadata.json,metadata,32d8892a042d0cfe58869b8f92c52967c3fa7c33824f186580a19104abb71d17,5632,unknown,none,test-descriptive,path:convention,test,thesis-safe,no,not-a-figure-or-table-float,yes
results/cross_architecture/resnet/resnet18_seed42_fall_binary_metrics.csv,csv,1d8aabdcc7253ccdd0aaa0047c4ac04cd683e997a5789b0c4e7ad13163d0a85c,289,unknown,none,test-descriptive,path:convention,test,thesis-safe,no,not-a-figure-or-table-float,yes
results/cross_architecture/resnet/resnet18_seed42_fgsm_epsilon_sweep_legacy.csv,csv,1f246b040cb713d97208150e94d46287f036a9db7e3a69bdb23d51a7c57dd006,2563,unknown,none,test-descriptive,path:convention,test,thesis-safe,no,not-a-figure-or-table-float,yes
results/cross_architecture/resnet/resnet18_seed42_fgsm_epsilon_sweep_test.csv,csv,cf852a36da9ef3121ee7cde159dd6a038343b9bddcfc82a0e8a7a75143100292,2521,unknown,none,test-descriptive,path:convention,test,thesis-safe,no,not-a-figure-or-table-float,yes
results/cross_architecture/resnet/resnet18_seed42_fgsm_predictions_legacy_epsilon_0_03.csv,predictions,a69ba928b9c7037622f46035e6794c4f738fd52645e62851272bf31f28197868,66731,unknown,none,test-descriptive,path:convention,test,thesis-safe,no,not-a-figure-or-table-float,yes
results/cross_architecture/resnet/resnet18_seed42_fgsm_predictions_test_epsilon_0_03.csv,predictions,af6765ca53eadd5160f3e31fc072e2f4be26838b68f171f925f7b89c13657a78,33603,unknown,none,test-descriptive,path:convention,test,thesis-safe,no,not-a-figure-or-table-float,yes
results/cross_architecture/resnet/resnet18_seed42_fgsm_safety_metrics_legacy_epsilon_0_03.csv,csv,7fc22b9b4c70de84b47a3dd7a51c58be617bc25f2ac850f0c339dbacfb42a46a,476,unknown,none,test-descriptive,path:convention,test,thesis-safe,no,not-a-figure-or-table-float,yes
results/cross_architecture/resnet/resnet18_seed42_fgsm_safety_metrics_test_epsilon_0_03.csv,csv,95bd1050c46f278c5a47e0582e3ed2021aa7e74dd3bef16526927f570f1189fc,474,unknown,none,test-descriptive,path:convention,test,thesis-safe,no,not-a-figure-or-table-float,yes
results/cross_architecture/resnet/resnet18_seed42_fgsm_sweep_predictions_legacy.csv,predictions,a60a9dfb77398a9fd3a943c8065380f01ff221a24fe0c95fb61b69c781530ad7,1204755,unknown,none,test-descriptive,path:convention,test,thesis-safe,no,not-a-figure-or-table-float,yes
results/cross_architecture/resnet/resnet18_seed42_fgsm_sweep_predictions_test.csv,predictions,9ddae0f63bcd487c8d5899f8ccd84dd9d14dc3768e82aad681ec3dc096212760,604230,unknown,none,test-descriptive,path:convention,test,thesis-safe,no,not-a-figure-or-table-float,yes
results/cross_architecture/resnet/resnet18_seed42_legacy_eval_fall_binary_metrics.csv,csv,a1aa119502da6629668b6ab4fc1c274653a0685774b203db1c4991562c12e864,289,unknown,none,test-descriptive,path:convention,test,thesis-safe,no,not-a-figure-or-table-float,yes
results/cross_architecture/resnet/resnet18_seed42_legacy_eval_per_class_metrics.csv,csv,cc69dd7e8ff83a77f3b154ea4be152349d1da316a0aeabb5f28af3ab26b7ab55,334,unknown,none,test-descriptive,path:convention,test,thesis-safe,no,not-a-figure-or-table-float,yes
results/cross_architecture/resnet/resnet18_seed42_legacy_eval_predictions.csv,csv,6ee80a29c0a86fff6b660b6b39491607a7da2e52e9243169dd5a1c651c55bde7,35990,unknown,none,test-descriptive,path:convention,test,thesis-safe,no,not-a-figure-or-table-float,yes
results/cross_architecture/resnet/resnet18_seed42_legacy_eval_summary_metrics.csv,csv,219fc1c9ab2ac5e3ef7494f7e291b307b2e154b53d4dd7025d21809707563a54,301,unknown,none,test-descriptive,path:convention,test,thesis-safe,no,not-a-figure-or-table-float,yes
results/cross_architecture/resnet/resnet18_seed42_metadata.json,metadata,fb494ad6476f7f6e8e0339ba91a4b51537854c560e54f9ee6b9e9ecf456c701b,3108,unknown,none,test-descriptive,path:convention,test,thesis-safe,no,not-a-figure-or-table-float,yes
results/cross_architecture/resnet/resnet18_seed42_per_class_metrics.csv,csv,cd5ec28da36585de76dfe7dabc16bd51ec349afc002e71bc9dd3e494f494ac0f,333,unknown,none,test-descriptive,path:convention,test,thesis-safe,no,not-a-figure-or-table-float,yes
results/cross_architecture/resnet/resnet18_seed42_pgd_epsilon_sweep_legacy.csv,csv,2c011d9c979b08a2905b580627845f7c457b72016f2d32ea991fec8c9832c1db,2620,unknown,none,test-descriptive,path:convention,test,thesis-safe,no,not-a-figure-or-table-float,yes
results/cross_architecture/resnet/resnet18_seed42_pgd_epsilon_sweep_test.csv,csv,3a6e91961b8e3e5874022334fc48eb25f27a8de081064c8f43dfbee9a6df4cba,2584,unknown,none,test-descriptive,path:convention,test,thesis-safe,no,not-a-figure-or-table-float,yes
results/cross_architecture/resnet/resnet18_seed42_pgd_predictions_legacy_epsilon_0_03.csv,predictions,2f4f0ee3f7b1d38c453d3e072b5be997db65754b88e3e9629e46fab0e036b2ce,80841,unknown,none,test-descriptive,path:convention,test,thesis-safe,no,not-a-figure-or-table-float,yes
results/cross_architecture/resnet/resnet18_seed42_pgd_predictions_test_epsilon_0_03.csv,predictions,ff2318aad886b3abf24340cbad8708d866ee7ee3f6a64bf3b61cd95ef74a29d4,40721,unknown,none,test-descriptive,path:convention,test,thesis-safe,no,not-a-figure-or-table-float,yes
results/cross_architecture/resnet/resnet18_seed42_pgd_safety_metrics_legacy_epsilon_0_03.csv,csv,89f288c8e5a58f1d09f30fee699af34418511bf244fc1b754eafb1319f06274a,479,unknown,none,test-descriptive,path:convention,test,thesis-safe,no,not-a-figure-or-table-float,yes
results/cross_architecture/resnet/resnet18_seed42_pgd_safety_metrics_test_epsilon_0_03.csv,csv,71216ef30b145c9f9320e091e86dff77329491b39d663a8e200aa74cfef35915,477,unknown,none,test-descriptive,path:convention,test,thesis-safe,no,not-a-figure-or-table-float,yes
results/cross_architecture/resnet/resnet18_seed42_pgd_sweep_predictions_legacy.csv,predictions,d4c1ca45891a06bf5d5567a1e6981092f0eaa13a43fe7b8f2efd6030e5796829,1446346,unknown,none,test-descriptive,path:convention,test,thesis-safe,no,not-a-figure-or-table-float,yes
results/cross_architecture/resnet/resnet18_seed42_pgd_sweep_predictions_test.csv,predictions,727a830fecf69b1c466c0a36a1cfd6111f62d6f798ab2e40f63db77f4dc3ecdd,725830,unknown,none,test-descriptive,path:convention,test,thesis-safe,no,not-a-figure-or-table-float,yes
results/cross_architecture/resnet/resnet18_seed42_summary_metrics.csv,csv,44f4b34457056ebf65f5d3ba2d755a88a23fbde31eea88b92526879487f15ad2,432,unknown,none,test-descriptive,path:convention,test,thesis-safe,no,not-a-figure-or-table-float,yes
results/cross_architecture/resnet/resnet18_seed42_sweep_metadata.json,metadata,52788318627168026855d73143e9871607d4084f967eb4501f13e0130820d38a,3601,unknown,none,test-descriptive,path:convention,test,thesis-safe,no,not-a-figure-or-table-float,yes
results/cross_architecture/resnet/resnet18_seed42_test_predictions.csv,csv,fec69b1f4510f6847e8be6b260d51cc2281489c19d3bf4208c6be4d33350caf6,18083,unknown,none,test-descriptive,path:convention,test,thesis-safe,no,not-a-figure-or-table-float,yes
results/cross_architecture/resnet/resnet18_seed42_training_curve.csv,csv,3c58960fb237a2031375b30d1581daa2027c687f42fcc41eb5a2a31b668e182a,3147,unknown,none,test-descriptive,path:convention,test,thesis-safe,no,not-a-figure-or-table-float,yes
results/cross_architecture/resnet/resnet18_seed43_attacks_metadata.json,metadata,1fce38fe588ecb22206943ce859c9729b0645dbc01b4b7e3586d59a9a6b073d6,5514,unknown,none,test-descriptive,path:convention,test,thesis-safe,no,not-a-figure-or-table-float,yes
results/cross_architecture/resnet/resnet18_seed43_fall_binary_metrics.csv,csv,6afc5fc6aa20fc6c8673ea161ba2613e058cc6e7db939a7365e0d99f34baa575,289,unknown,none,test-descriptive,path:convention,test,thesis-safe,no,not-a-figure-or-table-float,yes
results/cross_architecture/resnet/resnet18_seed43_fgsm_epsilon_sweep_legacy.csv,csv,2e114a0a9f42ae2b271bdf3065485f5169100289d0da3c8794500128bb414aa0,2586,unknown,none,test-descriptive,path:convention,test,thesis-safe,no,not-a-figure-or-table-float,yes
results/cross_architecture/resnet/resnet18_seed43_fgsm_epsilon_sweep_test.csv,csv,d292b8d8504cd5bd79c7cd63a787015b25fce3afa15a022b3928852edf7ed0f2,2536,unknown,none,test-descriptive,path:convention,test,thesis-safe,no,not-a-figure-or-table-float,yes
results/cross_architecture/resnet/resnet18_seed43_fgsm_predictions_legacy_epsilon_0_03.csv,predictions,aca4de755da1561a42780ea9d97b7a3f026e696c02853d0b6771741819beb64b,67416,unknown,none,test-descriptive,path:convention,test,thesis-safe,no,not-a-figure-or-table-float,yes
results/cross_architecture/resnet/resnet18_seed43_fgsm_predictions_test_epsilon_0_03.csv,predictions,36ea91ececeecae1a0ff0418df462194284c41d99c08c92d95c62c42aabe0fe0,33980,unknown,none,test-descriptive,path:convention,test,thesis-safe,no,not-a-figure-or-table-float,yes
results/cross_architecture/resnet/resnet18_seed43_fgsm_safety_metrics_legacy_epsilon_0_03.csv,csv,7f8e9b287570acdb9624e9816aec660c3e6138996ef31831af9c33e211e98b93,478,unknown,none,test-descriptive,path:convention,test,thesis-safe,no,not-a-figure-or-table-float,yes
results/cross_architecture/resnet/resnet18_seed43_fgsm_safety_metrics_test_epsilon_0_03.csv,csv,3ca78000a3fcfbde8fe7577caf9a656649c08d7ad70e5028cc21c0ab5fad4b80,474,unknown,none,test-descriptive,path:convention,test,thesis-safe,no,not-a-figure-or-table-float,yes
results/cross_architecture/resnet/resnet18_seed43_fgsm_sweep_predictions_legacy.csv,predictions,a1db7b607535c0c7c72f7d2b32480f234b50dabc7b127cc90c4ccfd844063e17,1210755,unknown,none,test-descriptive,path:convention,test,thesis-safe,no,not-a-figure-or-table-float,yes
results/cross_architecture/resnet/resnet18_seed43_fgsm_sweep_predictions_test.csv,predictions,1a4e54c430f5e03fdaf16574dd563959741f13c27da24516d9df16ba8ebc3694,607308,unknown,none,test-descriptive,path:convention,test,thesis-safe,no,not-a-figure-or-table-float,yes
results/cross_architecture/resnet/resnet18_seed43_legacy_eval_fall_binary_metrics.csv,csv,5d943dcf23cf25498bf3a798eb46f169b9bb44e4f9f87a21ca3a97b499dd768e,289,unknown,none,test-descriptive,path:convention,test,thesis-safe,no,not-a-figure-or-table-float,yes
results/cross_architecture/resnet/resnet18_seed43_legacy_eval_per_class_metrics.csv,csv,a5fa98667e01560215da66e49e7fd5236f70c4719c53a083a6b2fd2efd9acb7c,334,unknown,none,test-descriptive,path:convention,test,thesis-safe,no,not-a-figure-or-table-float,yes
results/cross_architecture/resnet/resnet18_seed43_legacy_eval_predictions.csv,csv,1a055f4ab06d7334435c6e484f9954e221cbcd5dc2bff6c934acdc2cf6f75b41,35979,unknown,none,test-descriptive,path:convention,test,thesis-safe,no,not-a-figure-or-table-float,yes
results/cross_architecture/resnet/resnet18_seed43_legacy_eval_summary_metrics.csv,csv,e2a74b359f82ed0cfa7444c6ac2431248a633041c57dde2c20d2d67c50d4e6fa,301,unknown,none,test-descriptive,path:convention,test,thesis-safe,no,not-a-figure-or-table-float,yes
results/cross_architecture/resnet/resnet18_seed43_metadata.json,metadata,a9a5336e5b4637949fa6728240f80345ccb1387840efa91a5b068e1136fdcf20,3107,unknown,none,test-descriptive,path:convention,test,thesis-safe,no,not-a-figure-or-table-float,yes
results/cross_architecture/resnet/resnet18_seed43_per_class_metrics.csv,csv,8b5f3abb986985454697f97df822b1354d88d6a25816c0ff6feed57c0b5fd9bd,333,unknown,none,test-descriptive,path:convention,test,thesis-safe,no,not-a-figure-or-table-float,yes
results/cross_architecture/resnet/resnet18_seed43_pgd_epsilon_sweep_legacy.csv,csv,3638a3ae307d0cff93cdfa171c4dac601cc1dd429d56649b5df799802690a766,2654,unknown,none,test-descriptive,path:convention,test,thesis-safe,no,not-a-figure-or-table-float,yes
results/cross_architecture/resnet/resnet18_seed43_pgd_epsilon_sweep_test.csv,csv,6f6893c8780dbe357fd74f01fe0e4600ac584bbe3aac812d35983729ec2a18a1,2604,unknown,none,test-descriptive,path:convention,test,thesis-safe,no,not-a-figure-or-table-float,yes
results/cross_architecture/resnet/resnet18_seed43_pgd_predictions_legacy_epsilon_0_03.csv,predictions,2c2c2277b42736723ae20e2777fb68a25fab369d4aa3a56c3d07e3eed3056062,80398,unknown,none,test-descriptive,path:convention,test,thesis-safe,no,not-a-figure-or-table-float,yes
results/cross_architecture/resnet/resnet18_seed43_pgd_predictions_test_epsilon_0_03.csv,predictions,e839aa5c72ed1f6c2b74b4d4b53e187b18df0b7b936a87118596ba3d91be5d77,40528,unknown,none,test-descriptive,path:convention,test,thesis-safe,no,not-a-figure-or-table-float,yes
results/cross_architecture/resnet/resnet18_seed43_pgd_safety_metrics_legacy_epsilon_0_03.csv,csv,4964f197e3493acf030a71e5ca5be6a743e22d77e4ef7dea4e6b40dd239a212e,481,unknown,none,test-descriptive,path:convention,test,thesis-safe,no,not-a-figure-or-table-float,yes
results/cross_architecture/resnet/resnet18_seed43_pgd_safety_metrics_test_epsilon_0_03.csv,csv,8a67d9fb087935db21b99757b46ce94f2c84229bfd838705bd8e7d5ac8a9e731,479,unknown,none,test-descriptive,path:convention,test,thesis-safe,no,not-a-figure-or-table-float,yes
results/cross_architecture/resnet/resnet18_seed43_pgd_sweep_predictions_legacy.csv,predictions,5594c6bd5c1636a2e8a61cbdc2147300032e0cbe8c300cffe31fddd0c64461b5,1440756,unknown,none,test-descriptive,path:convention,test,thesis-safe,no,not-a-figure-or-table-float,yes
results/cross_architecture/resnet/resnet18_seed43_pgd_sweep_predictions_test.csv,predictions,8b0e157cf93b2628f0e1a41c669aabf5b718a69a88f9bc366bd8673022b83a0c,722894,unknown,none,test-descriptive,path:convention,test,thesis-safe,no,not-a-figure-or-table-float,yes
results/cross_architecture/resnet/resnet18_seed43_summary_metrics.csv,csv,bb50dd66e894cf96fa3f419c0dd2bd3a7c91953c59e178a4b1d71a183f265630,430,unknown,none,test-descriptive,path:convention,test,thesis-safe,no,not-a-figure-or-table-float,yes
results/cross_architecture/resnet/resnet18_seed43_sweep_metadata.json,metadata,38ab41546d1463deddd6d2a7015304e189f3b348e63c138589801b3b13219ca3,3605,unknown,none,test-descriptive,path:convention,test,thesis-safe,no,not-a-figure-or-table-float,yes
results/cross_architecture/resnet/resnet18_seed43_test_predictions.csv,csv,65fa554f06ed44f84f2cf5541257d1a2c2e69a243e85a5e2083e824215307a7e,18073,unknown,none,test-descriptive,path:convention,test,thesis-safe,no,not-a-figure-or-table-float,yes
results/cross_architecture/resnet/resnet18_seed43_training_curve.csv,csv,aa2b10702eb5634bdc6cdd765ff66a3fbed697ea31090fe6075e2180ed1f16bc,2068,unknown,none,test-descriptive,path:convention,test,thesis-safe,no,not-a-figure-or-table-float,yes
results/cross_architecture/resnet/resnet18_seed44_attacks_metadata.json,metadata,7819af8de31255983edfb30f6918e9e4650f1b8253d4bc52febf57d6d504f994,5626,unknown,none,test-descriptive,path:convention,test,thesis-safe,no,not-a-figure-or-table-float,yes
results/cross_architecture/resnet/resnet18_seed44_fall_binary_metrics.csv,csv,bd0eac5574c3b49e7964a8eca331423ced186578fb44178d3e8d49cc2edffeea,289,unknown,none,test-descriptive,path:convention,test,thesis-safe,no,not-a-figure-or-table-float,yes
results/cross_architecture/resnet/resnet18_seed44_fgsm_epsilon_sweep_legacy.csv,csv,54fe657e2ef1b57bae3d7715e2b98bbd3a7a52199867b0ddb0936907968ee07c,2563,unknown,none,test-descriptive,path:convention,test,thesis-safe,no,not-a-figure-or-table-float,yes
results/cross_architecture/resnet/resnet18_seed44_fgsm_epsilon_sweep_test.csv,csv,21c950e5a55a6fd8f813067cdea28d5a2f6fbb0711409a43a132c31caee4c5c8,2518,unknown,none,test-descriptive,path:convention,test,thesis-safe,no,not-a-figure-or-table-float,yes
results/cross_architecture/resnet/resnet18_seed44_fgsm_predictions_legacy_epsilon_0_03.csv,predictions,5a781e9e9d6a2f2a4290ddb6dca9b4e31406697d0439ae731aa3493250863e70,68050,unknown,none,test-descriptive,path:convention,test,thesis-safe,no,not-a-figure-or-table-float,yes
results/cross_architecture/resnet/resnet18_seed44_fgsm_predictions_test_epsilon_0_03.csv,predictions,b734f4943dc187eed6bc7b615eb7c2c422e0d09b69550ab1987182a20a970179,34280,unknown,none,test-descriptive,path:convention,test,thesis-safe,no,not-a-figure-or-table-float,yes
results/cross_architecture/resnet/resnet18_seed44_fgsm_safety_metrics_legacy_epsilon_0_03.csv,csv,d63c93b179d40a59e6effd5420d29befad318d56c36969f74097e936b38bd234,476,unknown,none,test-descriptive,path:convention,test,thesis-safe,no,not-a-figure-or-table-float,yes
results/cross_architecture/resnet/resnet18_seed44_fgsm_safety_metrics_test_epsilon_0_03.csv,csv,8f9b6ec2eae529129546050a39939c849a115fc5899a59d3b9afba4420d8081f,474,unknown,none,test-descriptive,path:convention,test,thesis-safe,no,not-a-figure-or-table-float,yes
results/cross_architecture/resnet/resnet18_seed44_fgsm_sweep_predictions_legacy.csv,predictions,a69c7d2af5bce479cb81acddc368e67ecaf8baccb9cecf3132c4b1c1e724d724,1218758,unknown,none,test-descriptive,path:convention,test,thesis-safe,no,not-a-figure-or-table-float,yes
results/cross_architecture/resnet/resnet18_seed44_fgsm_sweep_predictions_test.csv,predictions,996a18733c35269af460ff1e9c7579196154c8b6aacb6bf9cdb24feb08e4e7b3,610955,unknown,none,test-descriptive,path:convention,test,thesis-safe,no,not-a-figure-or-table-float,yes
results/cross_architecture/resnet/resnet18_seed44_legacy_eval_fall_binary_metrics.csv,csv,3e2099a9abbb257fa31cff401efcdaf0d1c315aaf749582c56e6e28674537f16,289,unknown,none,test-descriptive,path:convention,test,thesis-safe,no,not-a-figure-or-table-float,yes
results/cross_architecture/resnet/resnet18_seed44_legacy_eval_per_class_metrics.csv,csv,ec1263aee4eb37b64f74cbc87023be9ef0fdad2974857e09ff33fbcf9efaef8e,334,unknown,none,test-descriptive,path:convention,test,thesis-safe,no,not-a-figure-or-table-float,yes
results/cross_architecture/resnet/resnet18_seed44_legacy_eval_predictions.csv,csv,14b87eca4c91f466ea40ebe1e286134ca656465fac85873f07336a5d7e9088e0,35981,unknown,none,test-descriptive,path:convention,test,thesis-safe,no,not-a-figure-or-table-float,yes
results/cross_architecture/resnet/resnet18_seed44_legacy_eval_summary_metrics.csv,csv,f8f65c157bbba3fb1ee74670ad500e3abd15812eb6db72a6d48a3a6d29aba7aa,301,unknown,none,test-descriptive,path:convention,test,thesis-safe,no,not-a-figure-or-table-float,yes
results/cross_architecture/resnet/resnet18_seed44_metadata.json,metadata,357fff5b883e15d9471cf742bd302ece7590570433f41758fea19e4dfc27af5f,3109,unknown,none,test-descriptive,path:convention,test,thesis-safe,no,not-a-figure-or-table-float,yes
results/cross_architecture/resnet/resnet18_seed44_per_class_metrics.csv,csv,b7561b1e71aa6323ec4d326dec64a3265b6e2b7dfc5c6deaf1ac48c8af62eb1c,333,unknown,none,test-descriptive,path:convention,test,thesis-safe,no,not-a-figure-or-table-float,yes
results/cross_architecture/resnet/resnet18_seed44_pgd_epsilon_sweep_legacy.csv,csv,a9a3a388b9b7638d562c0032bddc7cf73a45edb37d7a0f412674bfcd6e579f6f,2620,unknown,none,test-descriptive,path:convention,test,thesis-safe,no,not-a-figure-or-table-float,yes
results/cross_architecture/resnet/resnet18_seed44_pgd_epsilon_sweep_test.csv,csv,cc3dc8ba9b561f4571d8d459a3a3ac0f8836f6b1de2a28aa11c0e90739eac564,2584,unknown,none,test-descriptive,path:convention,test,thesis-safe,no,not-a-figure-or-table-float,yes
results/cross_architecture/resnet/resnet18_seed44_pgd_predictions_legacy_epsilon_0_03.csv,predictions,8f2f6e83213f4f71ff070c2eb66f268ca4bc22d6a9171464a7845dcf0f93707e,80619,unknown,none,test-descriptive,path:convention,test,thesis-safe,no,not-a-figure-or-table-float,yes
results/cross_architecture/resnet/resnet18_seed44_pgd_predictions_test_epsilon_0_03.csv,predictions,9e2ee3fb75f236f158babbab50722d3a1b8459b6d6f1d9c7e36b2e210500d808,40578,unknown,none,test-descriptive,path:convention,test,thesis-safe,no,not-a-figure-or-table-float,yes
results/cross_architecture/resnet/resnet18_seed44_pgd_safety_metrics_legacy_epsilon_0_03.csv,csv,9bd7f70328c2c23d234f946a3703f61f7c396f451ac5b2c2651498293003d97a,479,unknown,none,test-descriptive,path:convention,test,thesis-safe,no,not-a-figure-or-table-float,yes
results/cross_architecture/resnet/resnet18_seed44_pgd_safety_metrics_test_epsilon_0_03.csv,csv,dbc3fba6aa07df89a2d750ff3a5709320a3145dfacc50738e8521cabdfa71efd,477,unknown,none,test-descriptive,path:convention,test,thesis-safe,no,not-a-figure-or-table-float,yes
results/cross_architecture/resnet/resnet18_seed44_pgd_sweep_predictions_legacy.csv,predictions,71d3d018a9a5351d848ccc612d5b03f1ec220fc071cb621709a7b27c1287f093,1444442,unknown,none,test-descriptive,path:convention,test,thesis-safe,no,not-a-figure-or-table-float,yes
results/cross_architecture/resnet/resnet18_seed44_pgd_sweep_predictions_test.csv,predictions,7e11f2bea93d59436eb28e3e3a7cb7608525116f5c764992ff1eae2a506385ec,724310,unknown,none,test-descriptive,path:convention,test,thesis-safe,no,not-a-figure-or-table-float,yes
results/cross_architecture/resnet/resnet18_seed44_summary_metrics.csv,csv,f5a6f03c8f63e83dd8fd4e761bf31c7e3eb865c49a25cef0e1de039e3189775e,431,unknown,none,test-descriptive,path:convention,test,thesis-safe,no,not-a-figure-or-table-float,yes
results/cross_architecture/resnet/resnet18_seed44_sweep_metadata.json,metadata,672235adac0957cb64edd3116c367128574d797f7120e923e44f96f892fc9328,3597,unknown,none,test-descriptive,path:convention,test,thesis-safe,no,not-a-figure-or-table-float,yes
results/cross_architecture/resnet/resnet18_seed44_test_predictions.csv,csv,5b22f650ace2c8c18d8a2ea9a4d30ee0d535c0786e9d47024de36ad6ddfe9ddd,18073,unknown,none,test-descriptive,path:convention,test,thesis-safe,no,not-a-figure-or-table-float,yes
results/cross_architecture/resnet/resnet18_seed44_training_curve.csv,csv,547a054a53b1cbc77990e3e1bde5e25442121061d13b89325f3884a6e1288a46,4470,unknown,none,test-descriptive,path:convention,test,thesis-safe,no,not-a-figure-or-table-float,yes
results/cross_architecture/resnet/resnet18_seed45_attacks_metadata.json,metadata,6549e442e1f3fefb4a922f79f4982646b01c6eadca8dc4f0f695b7f65504bfa9,5460,unknown,none,test-descriptive,path:convention,test,thesis-safe,no,not-a-figure-or-table-float,yes
results/cross_architecture/resnet/resnet18_seed45_fall_binary_metrics.csv,csv,0ce5c178e6afaeb609cfd8b826cf3a64969648e88ed5b8911d47ea00b7d840e9,289,unknown,none,test-descriptive,path:convention,test,thesis-safe,no,not-a-figure-or-table-float,yes
results/cross_architecture/resnet/resnet18_seed45_fgsm_epsilon_sweep_legacy.csv,csv,5a7a928da23f1b74dc05b49bff4189ef68b38e4f8ccd18198cf585ad952d6a84,2531,unknown,none,test-descriptive,path:convention,test,thesis-safe,no,not-a-figure-or-table-float,yes
results/cross_architecture/resnet/resnet18_seed45_fgsm_epsilon_sweep_test.csv,csv,925aafe158d91adcf22d90e02becc4b5fad0d6d29d4fc5d822afef95a041dc31,2495,unknown,none,test-descriptive,path:convention,test,thesis-safe,no,not-a-figure-or-table-float,yes
results/cross_architecture/resnet/resnet18_seed45_fgsm_predictions_legacy_epsilon_0_03.csv,predictions,f7c94fd5b661f084b0223b401870760a703a274d4a7a58a5749a807d0becfbdb,66003,unknown,none,test-descriptive,path:convention,test,thesis-safe,no,not-a-figure-or-table-float,yes
results/cross_architecture/resnet/resnet18_seed45_fgsm_predictions_test_epsilon_0_03.csv,predictions,facef5215931d1a41d99f5bf8ddf4ec2687e245a255273cb5c01bf40e523ec93,33242,unknown,none,test-descriptive,path:convention,test,thesis-safe,no,not-a-figure-or-table-float,yes
results/cross_architecture/resnet/resnet18_seed45_fgsm_safety_metrics_legacy_epsilon_0_03.csv,csv,1242a9957447c76d2169c45455c6213cd740dc1beb861e9f783531bbfa907505,474,unknown,none,test-descriptive,path:convention,test,thesis-safe,no,not-a-figure-or-table-float,yes
results/cross_architecture/resnet/resnet18_seed45_fgsm_safety_metrics_test_epsilon_0_03.csv,csv,172775e13322535c3db675dbf19f51aac5c22583ba31b1c21440924f62e556fd,472,unknown,none,test-descriptive,path:convention,test,thesis-safe,no,not-a-figure-or-table-float,yes
results/cross_architecture/resnet/resnet18_seed45_fgsm_sweep_predictions_legacy.csv,predictions,0c7db15e3e3af290e6a84bafbc9f54b3c945102718ae9b5ce8ae2ea1b8bc2a8c,1182529,unknown,none,test-descriptive,path:convention,test,thesis-safe,no,not-a-figure-or-table-float,yes
results/cross_architecture/resnet/resnet18_seed45_fgsm_sweep_predictions_test.csv,predictions,2b6ab292ff7d874916dee8c5382945b68273df450b6c2595ff954a66a5b39466,592831,unknown,none,test-descriptive,path:convention,test,thesis-safe,no,not-a-figure-or-table-float,yes
results/cross_architecture/resnet/resnet18_seed45_legacy_eval_fall_binary_metrics.csv,csv,16dac3a98f4b8546bd2561ebf671a7388acd1cbb9102e7824490d862dc78dc7f,289,unknown,none,test-descriptive,path:convention,test,thesis-safe,no,not-a-figure-or-table-float,yes
results/cross_architecture/resnet/resnet18_seed45_legacy_eval_per_class_metrics.csv,csv,dbe1ea9625599376babc89f0992a0ccadcff9ca8156910ebcab201492bc7058b,334,unknown,none,test-descriptive,path:convention,test,thesis-safe,no,not-a-figure-or-table-float,yes
results/cross_architecture/resnet/resnet18_seed45_legacy_eval_predictions.csv,csv,2a7e84cc27ec807bdfd5b3f76a75fde5b84e8cb7aeb00097a212f79b1704022d,34941,unknown,none,test-descriptive,path:convention,test,thesis-safe,no,not-a-figure-or-table-float,yes
results/cross_architecture/resnet/resnet18_seed45_legacy_eval_summary_metrics.csv,csv,430cc31d826c8533e0996ea2c5eef88fbf3b606530a8ce8867e3fa54bd8ec634,307,unknown,none,test-descriptive,path:convention,test,thesis-safe,no,not-a-figure-or-table-float,yes
results/cross_architecture/resnet/resnet18_seed45_metadata.json,metadata,36554ebf241ccaa2f9c4bbe847e35fc97b403275c16ce3cad1df383685416798,3048,unknown,none,test-descriptive,path:convention,test,thesis-safe,no,not-a-figure-or-table-float,yes
results/cross_architecture/resnet/resnet18_seed45_per_class_metrics.csv,csv,8ffb2d1319b82ef2da1f95cc3d72588013347431bd75b6a4f1d0861d83ca07b5,333,unknown,none,test-descriptive,path:convention,test,thesis-safe,no,not-a-figure-or-table-float,yes
results/cross_architecture/resnet/resnet18_seed45_pgd_epsilon_sweep_legacy.csv,csv,b17d40990e24006041af1f0103a4b80c78457c4772d358bc3012c538d9659984,2585,unknown,none,test-descriptive,path:convention,test,thesis-safe,no,not-a-figure-or-table-float,yes
results/cross_architecture/resnet/resnet18_seed45_pgd_epsilon_sweep_test.csv,csv,bf0377877d2558748af429458bbcececdc65c92b518e3500743b521fa7cbbfad,2549,unknown,none,test-descriptive,path:convention,test,thesis-safe,no,not-a-figure-or-table-float,yes
results/cross_architecture/resnet/resnet18_seed45_pgd_predictions_legacy_epsilon_0_03.csv,predictions,9a515b1994c5dacfd3328ddfa40c81224a51338ef79a8d1629fa4d382290792b,77971,unknown,none,test-descriptive,path:convention,test,thesis-safe,no,not-a-figure-or-table-float,yes
results/cross_architecture/resnet/resnet18_seed45_pgd_predictions_test_epsilon_0_03.csv,predictions,deefefb7bc3ade4c478746bec6637e69106ed59ca6d31e98dc7d6d7cd96d6987,39258,unknown,none,test-descriptive,path:convention,test,thesis-safe,no,not-a-figure-or-table-float,yes
results/cross_architecture/resnet/resnet18_seed45_pgd_safety_metrics_legacy_epsilon_0_03.csv,csv,835b24eee86b379fbe9c1aba002c17c7bb76fd68b7c285d65c5f8b97e0b0bfb4,477,unknown,none,test-descriptive,path:convention,test,thesis-safe,no,not-a-figure-or-table-float,yes
results/cross_architecture/resnet/resnet18_seed45_pgd_safety_metrics_test_epsilon_0_03.csv,csv,4bbad8043ca454a0e340347b52296c659e99e86560aadf18a19da458fed440f4,475,unknown,none,test-descriptive,path:convention,test,thesis-safe,no,not-a-figure-or-table-float,yes
results/cross_architecture/resnet/resnet18_seed45_pgd_sweep_predictions_legacy.csv,predictions,66358eb8f9b311abbca913af880c35f36405581bc916654b1602c0453f3099f2,1397681,unknown,none,test-descriptive,path:convention,test,thesis-safe,no,not-a-figure-or-table-float,yes
results/cross_architecture/resnet/resnet18_seed45_pgd_sweep_predictions_test.csv,predictions,f6db12f22071df65806d94ba90879cedb0d10bb8cae71cdfae3fa020b039e00e,700847,unknown,none,test-descriptive,path:convention,test,thesis-safe,no,not-a-figure-or-table-float,yes
results/cross_architecture/resnet/resnet18_seed45_summary_metrics.csv,csv,596f4846eccaf45e5e11e682d2ae18b666e5b1c3620487b140c34c66f23cba6e,441,unknown,none,test-descriptive,path:convention,test,thesis-safe,no,not-a-figure-or-table-float,yes
results/cross_architecture/resnet/resnet18_seed45_sweep_metadata.json,metadata,4738f780f4132808e1c73a04d6bf32f92b23f60097cbb510a126b36e4b5b182d,3513,unknown,none,test-descriptive,path:convention,test,thesis-safe,no,not-a-figure-or-table-float,yes
results/cross_architecture/resnet/resnet18_seed45_test_predictions.csv,csv,0387fc94ad420bba9f9e990cadfadb05640ad3002928e7e9e52605f7269eb7b5,17556,unknown,none,test-descriptive,path:convention,test,thesis-safe,no,not-a-figure-or-table-float,yes
results/cross_architecture/resnet/resnet18_seed45_training_curve.csv,csv,60f1db64c372c9adc9c02ac6f5547650c0600933a5258d871ef11296bf6b5cb6,1393,unknown,none,test-descriptive,path:convention,test,thesis-safe,no,not-a-figure-or-table-float,yes
results/cross_architecture/resnet/resnet18_seed46_attacks_metadata.json,metadata,40ecd32feaf7b3a97c59afda9a6bb047c5a868b70b439da292e630fb12f71b60,5508,unknown,none,test-descriptive,path:convention,test,thesis-safe,no,not-a-figure-or-table-float,yes
results/cross_architecture/resnet/resnet18_seed46_fall_binary_metrics.csv,csv,52c57d45fd32e84d88e03ec124ec3df0e744611de9755cc0a0279cc84e8513a4,289,unknown,none,test-descriptive,path:convention,test,thesis-safe,no,not-a-figure-or-table-float,yes
results/cross_architecture/resnet/resnet18_seed46_fgsm_epsilon_sweep_legacy.csv,csv,d6b57b3d420e8acfe089cd7d47495aad8a97253c23ed87d6d406edf74d10edc8,2567,unknown,none,test-descriptive,path:convention,test,thesis-safe,no,not-a-figure-or-table-float,yes
results/cross_architecture/resnet/resnet18_seed46_fgsm_epsilon_sweep_test.csv,csv,acb0ba7823000268b077b9b4ceedac10618c430697363028c786f09fc764ce9e,2530,unknown,none,test-descriptive,path:convention,test,thesis-safe,no,not-a-figure-or-table-float,yes
results/cross_architecture/resnet/resnet18_seed46_fgsm_predictions_legacy_epsilon_0_03.csv,predictions,8548c91dfd5d8153c1b532bd13e05d12a7e92a75c2e0a3e3879400a7edd4475b,66811,unknown,none,test-descriptive,path:convention,test,thesis-safe,no,not-a-figure-or-table-float,yes
results/cross_architecture/resnet/resnet18_seed46_fgsm_predictions_test_epsilon_0_03.csv,predictions,d9fdc17822a29d7144eaebd56c7eea1d94eb6a92902c8dc6657aaf1f4074c2f1,33644,unknown,none,test-descriptive,path:convention,test,thesis-safe,no,not-a-figure-or-table-float,yes
results/cross_architecture/resnet/resnet18_seed46_fgsm_safety_metrics_legacy_epsilon_0_03.csv,csv,d07c3836ac3c98e9fe7455f7730fd8316afcdd233668e5942fc7f2395f4d7724,476,unknown,none,test-descriptive,path:convention,test,thesis-safe,no,not-a-figure-or-table-float,yes
results/cross_architecture/resnet/resnet18_seed46_fgsm_safety_metrics_test_epsilon_0_03.csv,csv,f36c977127e486ac6c2ec0652c0307639dd90c5814aed5eb68732b574415b3ef,474,unknown,none,test-descriptive,path:convention,test,thesis-safe,no,not-a-figure-or-table-float,yes
results/cross_architecture/resnet/resnet18_seed46_fgsm_sweep_predictions_legacy.csv,predictions,e1564e06f3711b16dead1cd3da91de4c66c9754bf5c2297419758505c4409d4b,1202460,unknown,none,test-descriptive,path:convention,test,thesis-safe,no,not-a-figure-or-table-float,yes
results/cross_architecture/resnet/resnet18_seed46_fgsm_sweep_predictions_test.csv,predictions,a584a11212081054a67e1902e567247fcbe6b5023e9b47c93dfd75828e1db065,602907,unknown,none,test-descriptive,path:convention,test,thesis-safe,no,not-a-figure-or-table-float,yes
results/cross_architecture/resnet/resnet18_seed46_legacy_eval_fall_binary_metrics.csv,csv,5a9c76c48a09d2d96d733323495fda3b4069a192c370eececf777a5aedeebfb5,289,unknown,none,test-descriptive,path:convention,test,thesis-safe,no,not-a-figure-or-table-float,yes
results/cross_architecture/resnet/resnet18_seed46_legacy_eval_per_class_metrics.csv,csv,d637fba89eb4c6465d23d99cb3a289e2e6477bd9c1a9717d1bd5544a723724d8,334,unknown,none,test-descriptive,path:convention,test,thesis-safe,no,not-a-figure-or-table-float,yes
results/cross_architecture/resnet/resnet18_seed46_legacy_eval_predictions.csv,csv,518e889561f5b570caeeed51623f968e1da08c118c1910dda8fa976575815383,35988,unknown,none,test-descriptive,path:convention,test,thesis-safe,no,not-a-figure-or-table-float,yes
results/cross_architecture/resnet/resnet18_seed46_legacy_eval_summary_metrics.csv,csv,eb14f3da67fe1d8367e34edea8bd398df4ae350c51f228ba5f0db6a0a5a740fd,301,unknown,none,test-descriptive,path:convention,test,thesis-safe,no,not-a-figure-or-table-float,yes
results/cross_architecture/resnet/resnet18_seed46_metadata.json,metadata,01d98375442e8b6d979f93405d78d3e3e1e560063991c7b79c58e06122e4fb04,3094,unknown,none,test-descriptive,path:convention,test,thesis-safe,no,not-a-figure-or-table-float,yes
results/cross_architecture/resnet/resnet18_seed46_per_class_metrics.csv,csv,23ae061695dcb178423a9e30e981b0b797c234fe7e2cda66350039916a4a6c04,333,unknown,none,test-descriptive,path:convention,test,thesis-safe,no,not-a-figure-or-table-float,yes
results/cross_architecture/resnet/resnet18_seed46_pgd_epsilon_sweep_legacy.csv,csv,800ab0ee612fc0c4ce3bef848b9cb8f9ce23f38c0bf3c3d7ce4f7498e56fc763,2642,unknown,none,test-descriptive,path:convention,test,thesis-safe,no,not-a-figure-or-table-float,yes
results/cross_architecture/resnet/resnet18_seed46_pgd_epsilon_sweep_test.csv,csv,2309be8e8ef23ae7d8e3ae6e83f79772411bf88bc3a22f4399db374b82b8d643,2584,unknown,none,test-descriptive,path:convention,test,thesis-safe,no,not-a-figure-or-table-float,yes
results/cross_architecture/resnet/resnet18_seed46_pgd_predictions_legacy_epsilon_0_03.csv,predictions,03852830423715d2f5663d788f8831c2a2e2a54f21e478588674a3e260301897,79936,unknown,none,test-descriptive,path:convention,test,thesis-safe,no,not-a-figure-or-table-float,yes
results/cross_architecture/resnet/resnet18_seed46_pgd_predictions_test_epsilon_0_03.csv,predictions,061d2ad047e2b2cc7f26d5628d4dcaa9f2d91ce071d8d6a5db531b5284506beb,40274,unknown,none,test-descriptive,path:convention,test,thesis-safe,no,not-a-figure-or-table-float,yes
results/cross_architecture/resnet/resnet18_seed46_pgd_safety_metrics_legacy_epsilon_0_03.csv,csv,272034e93fdc1f81b260c606d8bc5977b08cf6d7599e9ea7718977ec42b673fd,481,unknown,none,test-descriptive,path:convention,test,thesis-safe,no,not-a-figure-or-table-float,yes
results/cross_architecture/resnet/resnet18_seed46_pgd_safety_metrics_test_epsilon_0_03.csv,csv,9808326ae338fe38ceb3f4b745655a1cacf53de3b99c0bd4d8edc7fa7bb475f8,477,unknown,none,test-descriptive,path:convention,test,thesis-safe,no,not-a-figure-or-table-float,yes
results/cross_architecture/resnet/resnet18_seed46_pgd_sweep_predictions_legacy.csv,predictions,2e981cadf0196bc49cda8f7b67637c6b1414edb367f8cf76a97c9b586d75415e,1432937,unknown,none,test-descriptive,path:convention,test,thesis-safe,no,not-a-figure-or-table-float,yes
results/cross_architecture/resnet/resnet18_seed46_pgd_sweep_predictions_test.csv,predictions,6eac13fefd42233782dbf7078c6a9af00c191cdf96de85215b63b8189b4fb685,718787,unknown,none,test-descriptive,path:convention,test,thesis-safe,no,not-a-figure-or-table-float,yes
results/cross_architecture/resnet/resnet18_seed46_summary_metrics.csv,csv,c86e535d250b47d2fa02d200362473c7b82497527e9da157cbd161d438ead8d4,431,unknown,none,test-descriptive,path:convention,test,thesis-safe,no,not-a-figure-or-table-float,yes
results/cross_architecture/resnet/resnet18_seed46_sweep_metadata.json,metadata,4c24b0a2a4a4340f95bb9b74bda476dcfc48f93309900c546888b5750c03ba57,3601,unknown,none,test-descriptive,path:convention,test,thesis-safe,no,not-a-figure-or-table-float,yes
results/cross_architecture/resnet/resnet18_seed46_test_predictions.csv,csv,20cba688c69bbfd886110ac28c27fd61814a0b995d49224757cbf43b6c7ab107,18084,unknown,none,test-descriptive,path:convention,test,thesis-safe,no,not-a-figure-or-table-float,yes
results/cross_architecture/resnet/resnet18_seed46_training_curve.csv,csv,f4422598d0c36fb759098222c4779936ea7292d1c155f52761e87025b43ce020,3195,unknown,none,test-descriptive,path:convention,test,thesis-safe,no,not-a-figure-or-table-float,yes
results/cross_architecture/resnet/resnet18_seed47_fall_binary_metrics.csv,csv,0ce5c178e6afaeb609cfd8b826cf3a64969648e88ed5b8911d47ea00b7d840e9,289,unknown,none,test-descriptive,path:convention,test,thesis-safe,no,not-a-figure-or-table-float,yes
results/cross_architecture/resnet/resnet18_seed47_legacy_eval_fall_binary_metrics.csv,csv,16dac3a98f4b8546bd2561ebf671a7388acd1cbb9102e7824490d862dc78dc7f,289,unknown,none,test-descriptive,path:convention,test,thesis-safe,no,not-a-figure-or-table-float,yes
results/cross_architecture/resnet/resnet18_seed47_legacy_eval_per_class_metrics.csv,csv,dbe1ea9625599376babc89f0992a0ccadcff9ca8156910ebcab201492bc7058b,334,unknown,none,test-descriptive,path:convention,test,thesis-safe,no,not-a-figure-or-table-float,yes
results/cross_architecture/resnet/resnet18_seed47_legacy_eval_predictions.csv,csv,2a7e84cc27ec807bdfd5b3f76a75fde5b84e8cb7aeb00097a212f79b1704022d,34941,unknown,none,test-descriptive,path:convention,test,thesis-safe,no,not-a-figure-or-table-float,yes
results/cross_architecture/resnet/resnet18_seed47_legacy_eval_summary_metrics.csv,csv,4c408365df7ae123932b7f95be3f485814eb6bd567efd2c2aaeee8aa758323f4,307,unknown,none,test-descriptive,path:convention,test,thesis-safe,no,not-a-figure-or-table-float,yes
results/cross_architecture/resnet/resnet18_seed47_metadata.json,metadata,fc44137b66ae23cdcefea019fe90be16d09b48fe09ef2b49e9235df2f97c7b8e,3214,unknown,none,test-descriptive,path:convention,test,thesis-safe,no,not-a-figure-or-table-float,yes
results/cross_architecture/resnet/resnet18_seed47_per_class_metrics.csv,csv,8ffb2d1319b82ef2da1f95cc3d72588013347431bd75b6a4f1d0861d83ca07b5,333,unknown,none,test-descriptive,path:convention,test,thesis-safe,no,not-a-figure-or-table-float,yes
results/cross_architecture/resnet/resnet18_seed47_summary_metrics.csv,csv,cb7728fa016ea116b982d2f7c09e9964d4d49b97328e70b146bd5cd3f97032f8,441,unknown,none,test-descriptive,path:convention,test,thesis-safe,no,not-a-figure-or-table-float,yes
results/cross_architecture/resnet/resnet18_seed47_test_predictions.csv,csv,0387fc94ad420bba9f9e990cadfadb05640ad3002928e7e9e52605f7269eb7b5,17556,unknown,none,test-descriptive,path:convention,test,thesis-safe,no,not-a-figure-or-table-float,yes
results/cross_architecture/resnet/resnet18_seed47_training_curve.csv,csv,46d81151343141808c7710273521cd34fe0080ff3e2530193631f8a157606bcb,1502,unknown,none,test-descriptive,path:convention,test,thesis-safe,no,not-a-figure-or-table-float,yes
results/cross_architecture/resnet/resnet18_seed48_attacks_metadata.json,metadata,6853225272e0e3061fa773befb19db8c1c0e0a133ac91d1cfb5a25a12136d1bf,5575,unknown,none,test-descriptive,path:convention,test,thesis-safe,no,not-a-figure-or-table-float,yes
results/cross_architecture/resnet/resnet18_seed48_fall_binary_metrics.csv,csv,bd6f30b8c29142bdb72fbcd9e8320ba5bd787953f5955b7389c81d18a3122c0f,289,unknown,none,test-descriptive,path:convention,test,thesis-safe,no,not-a-figure-or-table-float,yes
results/cross_architecture/resnet/resnet18_seed48_fgsm_epsilon_sweep_legacy.csv,csv,ac9777bce78bf5ddbbf4d011458a583d352b538cc8a63c99b2ac343d32419c39,2577,unknown,none,test-descriptive,path:convention,test,thesis-safe,no,not-a-figure-or-table-float,yes
results/cross_architecture/resnet/resnet18_seed48_fgsm_epsilon_sweep_test.csv,csv,bc895e64625e0f73e08fd262d702cf6b507ef0f2e8cd3e935574e5fd82205e5d,2531,unknown,none,test-descriptive,path:convention,test,thesis-safe,no,not-a-figure-or-table-float,yes
results/cross_architecture/resnet/resnet18_seed48_fgsm_predictions_legacy_epsilon_0_03.csv,predictions,d945c25837b6dc5e0c42a9685a63e46ad3e37ce7a344ff63ea3f64454c27eba9,67525,unknown,none,test-descriptive,path:convention,test,thesis-safe,no,not-a-figure-or-table-float,yes
results/cross_architecture/resnet/resnet18_seed48_fgsm_predictions_test_epsilon_0_03.csv,predictions,8698dba068619ab239a9e32a78b79ff9183b56bb63e960664537bffd9f5c77a4,34013,unknown,none,test-descriptive,path:convention,test,thesis-safe,no,not-a-figure-or-table-float,yes
results/cross_architecture/resnet/resnet18_seed48_fgsm_safety_metrics_legacy_epsilon_0_03.csv,csv,810228f94f1dae3756e96b45cc03b1dbba78382cb1b92a11082df059a2adac0f,476,unknown,none,test-descriptive,path:convention,test,thesis-safe,no,not-a-figure-or-table-float,yes
results/cross_architecture/resnet/resnet18_seed48_fgsm_safety_metrics_test_epsilon_0_03.csv,csv,032ff35ca1a48529b64614c7c56a1fcae8b12cc146f26f9e48079f8f2be72396,474,unknown,none,test-descriptive,path:convention,test,thesis-safe,no,not-a-figure-or-table-float,yes
results/cross_architecture/resnet/resnet18_seed48_fgsm_sweep_predictions_legacy.csv,predictions,9b8796b9734410664dd819eec89be632358e5fb0cfe25ba568d889458a48e2f5,1212725,unknown,none,test-descriptive,path:convention,test,thesis-safe,no,not-a-figure-or-table-float,yes
results/cross_architecture/resnet/resnet18_seed48_fgsm_sweep_predictions_test.csv,predictions,761222951141b0ed77f75e9672e41567e1a88be1c532aff79ae0e717c4bc298d,607835,unknown,none,test-descriptive,path:convention,test,thesis-safe,no,not-a-figure-or-table-float,yes
results/cross_architecture/resnet/resnet18_seed48_legacy_eval_fall_binary_metrics.csv,csv,27a4a224bfcf987180af131daf3613d3077cd2f1cbaf55818998554dd8144207,289,unknown,none,test-descriptive,path:convention,test,thesis-safe,no,not-a-figure-or-table-float,yes
results/cross_architecture/resnet/resnet18_seed48_legacy_eval_per_class_metrics.csv,csv,644ee82428a2cd61cd3a56f803878ddfea1cf4e9057c03f378c64c7aaad5de26,334,unknown,none,test-descriptive,path:convention,test,thesis-safe,no,not-a-figure-or-table-float,yes
results/cross_architecture/resnet/resnet18_seed48_legacy_eval_predictions.csv,csv,af931376ee9221a3444d708483dec1c7dec40cf9436c0879468c1e5eac8fd84b,35972,unknown,none,test-descriptive,path:convention,test,thesis-safe,no,not-a-figure-or-table-float,yes
results/cross_architecture/resnet/resnet18_seed48_legacy_eval_summary_metrics.csv,csv,ef296450462bf9d46f760ec43c3b8d5304487044ff08b4d84a9d78c8987e15a2,301,unknown,none,test-descriptive,path:convention,test,thesis-safe,no,not-a-figure-or-table-float,yes
results/cross_architecture/resnet/resnet18_seed48_metadata.json,metadata,51c22597be732d772192415a5e07cd461fa8a511724817d4df06479803bac333,3242,unknown,none,test-descriptive,path:convention,test,thesis-safe,no,not-a-figure-or-table-float,yes
results/cross_architecture/resnet/resnet18_seed48_per_class_metrics.csv,csv,3b203921aac11fc8f489b443ab623d6fbe31bb54b99da6db8d58d0dbeacfbdd1,333,unknown,none,test-descriptive,path:convention,test,thesis-safe,no,not-a-figure-or-table-float,yes
results/cross_architecture/resnet/resnet18_seed48_pgd_epsilon_sweep_legacy.csv,csv,8504e0e49c4b77ba1cfce7fe2485e75e43b01dbe3b57d2ae4b8bd4e8edbc9ebe,2651,unknown,none,test-descriptive,path:convention,test,thesis-safe,no,not-a-figure-or-table-float,yes
results/cross_architecture/resnet/resnet18_seed48_pgd_epsilon_sweep_test.csv,csv,e8aa6ef8d9bfe71106270cd1535fa5b644ecd3c41810fd5498cbbea9c01ad8fb,2584,unknown,none,test-descriptive,path:convention,test,thesis-safe,no,not-a-figure-or-table-float,yes
results/cross_architecture/resnet/resnet18_seed48_pgd_predictions_legacy_epsilon_0_03.csv,predictions,5057731415cc6b078ce0c97ab432a8024d0ee00479652e4cf735c828dcb7da3d,80420,unknown,none,test-descriptive,path:convention,test,thesis-safe,no,not-a-figure-or-table-float,yes
results/cross_architecture/resnet/resnet18_seed48_pgd_predictions_test_epsilon_0_03.csv,predictions,bbeaa0049656aa188acce2acc1eefcccac59aee66f95dddd668cba56caf39b04,40505,unknown,none,test-descriptive,path:convention,test,thesis-safe,no,not-a-figure-or-table-float,yes
results/cross_architecture/resnet/resnet18_seed48_pgd_safety_metrics_legacy_epsilon_0_03.csv,csv,7044997ba84c94eaa7e7248cebb92d2b257fff7661c8b3ca2bec523210729acc,481,unknown,none,test-descriptive,path:convention,test,thesis-safe,no,not-a-figure-or-table-float,yes
results/cross_architecture/resnet/resnet18_seed48_pgd_safety_metrics_test_epsilon_0_03.csv,csv,c89e810a58e295225294fbe73d0912c259c5abf30c0a14c847502a7c8792c192,477,unknown,none,test-descriptive,path:convention,test,thesis-safe,no,not-a-figure-or-table-float,yes
results/cross_architecture/resnet/resnet18_seed48_pgd_sweep_predictions_legacy.csv,predictions,35ca5a315d0337e0f0db8a5c4064a49913eb9cf9cba06755a3143924bcc690ad,1440648,unknown,none,test-descriptive,path:convention,test,thesis-safe,no,not-a-figure-or-table-float,yes
results/cross_architecture/resnet/resnet18_seed48_pgd_sweep_predictions_test.csv,predictions,13c94bd36c38180de911f71bac4157f9b96e988ac5b07878681e86f5083857b0,722634,unknown,none,test-descriptive,path:convention,test,thesis-safe,no,not-a-figure-or-table-float,yes
results/cross_architecture/resnet/resnet18_seed48_summary_metrics.csv,csv,6d059c3099ef9b746d9ae60a5fe912d2d5a939199d00bd79bc4879710a501b8f,431,unknown,none,test-descriptive,path:convention,test,thesis-safe,no,not-a-figure-or-table-float,yes
results/cross_architecture/resnet/resnet18_seed48_sweep_metadata.json,metadata,e43759b829069af4089f1949c92c03ef99895eff7bd8f20195cc469cdda7cf54,3598,unknown,none,test-descriptive,path:convention,test,thesis-safe,no,not-a-figure-or-table-float,yes
results/cross_architecture/resnet/resnet18_seed48_test_predictions.csv,csv,ea043559a93db620ea7f718b06773c48c42b64307e269dd4822ae9920e2f58ea,18067,unknown,none,test-descriptive,path:convention,test,thesis-safe,no,not-a-figure-or-table-float,yes
results/cross_architecture/resnet/resnet18_seed48_training_curve.csv,csv,ad13d0fa1bcc132c46a8aa5c4f1e1a1732c921ac156b75a46435dd705469ab9d,4616,unknown,none,test-descriptive,path:convention,test,thesis-safe,no,not-a-figure-or-table-float,yes
results/cross_architecture/resnet/resnet18_seed_convergence_status.csv,csv,717a7871e1b1818a23eeaeab6467cda958e1ad29f04ac02ab431bab919e7a839,1040,scripts/reconstruct_ch04_cross_arch_resnet_artifacts.py,literal,test-descriptive,path:convention,test,thesis-safe,no,not-a-figure-or-table-float,yes
results/cross_architecture/transformer/figures/transformer_clean_qualified_fall_recall_clean_vs_fgsm_vs_pgd.png,figure,0b1fcbf1da28468b93b289a73f1fa6869f2013c82f7befea526451bcfea58ea4,79852,unknown,none,test-descriptive,path:convention,test,thesis-safe,no,generator-unknown,yes
results/cross_architecture/transformer/transformer_clean_qualified_seedwise_metrics.csv,csv,0d568f5ced06943cf5fe2e48881a96a84cb501f98e7c5de84475e10e1dd18757,2455,unknown,none,test-descriptive,path:convention,test,thesis-safe,no,not-a-figure-or-table-float,yes
results/cross_architecture/transformer/transformer_clean_qualified_summary.csv,csv,9285353cde5af021ec5f3a6296a5f063859cc214d93a8726d8c67b319c6b2f76,985,unknown,none,test-descriptive,path:convention,test,thesis-safe,no,not-a-figure-or-table-float,yes
results/cross_architecture/transformer/transformer_clean_qualified_thresholds.csv,csv,eada5d195fd9cb233f5c8b138e99d95d99e63dbf36a957aa49e8a38d98ed83ce,1589,unknown,none,test-descriptive,path:convention,test,thesis-safe,no,not-a-figure-or-table-float,yes
results/cross_architecture/transformer/transformer_seed42_attacks_metadata.json,metadata,b621efe24145ac2f3c0fa6ad8dc9cdb6efa929e7f12ef60327e092a00a2d35d1,5619,unknown,none,test-descriptive,path:convention,test,thesis-safe,no,not-a-figure-or-table-float,yes
results/cross_architecture/transformer/transformer_seed42_fall_binary_metrics.csv,csv,1d8aabdcc7253ccdd0aaa0047c4ac04cd683e997a5789b0c4e7ad13163d0a85c,289,unknown,none,test-descriptive,path:convention,test,thesis-safe,no,not-a-figure-or-table-float,yes
results/cross_architecture/transformer/transformer_seed42_fgsm_epsilon_sweep_legacy.csv,csv,0c1b3e8641e92fe6f45584439c55e23bfde39a5e014483d065d4ac4d1d7fcfd8,2569,unknown,none,test-descriptive,path:convention,test,thesis-safe,no,not-a-figure-or-table-float,yes
results/cross_architecture/transformer/transformer_seed42_fgsm_epsilon_sweep_test.csv,csv,32b9a442ad0d710899dbbc665baf59740a2ca9ff8f771fa47a01c5a35dcae01a,2528,unknown,none,test-descriptive,path:convention,test,thesis-safe,no,not-a-figure-or-table-float,yes
results/cross_architecture/transformer/transformer_seed42_fgsm_predictions_legacy_epsilon_0_03.csv,predictions,5fdf842f249f2ad295f200ba4ef47cda52a2fd30950d727ed85ef2bdab46ff2a,68822,unknown,none,test-descriptive,path:convention,test,thesis-safe,no,not-a-figure-or-table-float,yes
results/cross_architecture/transformer/transformer_seed42_fgsm_predictions_test_epsilon_0_03.csv,predictions,1710e85185bb8bd088a6f0dbfcffd6eeecc8999a75a82f98e9b61c9165f8c169,34675,unknown,none,test-descriptive,path:convention,test,thesis-safe,no,not-a-figure-or-table-float,yes
results/cross_architecture/transformer/transformer_seed42_fgsm_safety_metrics_legacy_epsilon_0_03.csv,csv,e22b6fb52bf23001d51434b28ae40b40c29996ecb8702618f980bcd895f2b810,476,unknown,none,test-descriptive,path:convention,test,thesis-safe,no,not-a-figure-or-table-float,yes
results/cross_architecture/transformer/transformer_seed42_fgsm_safety_metrics_test_epsilon_0_03.csv,csv,7637d51ab2c5cf8604fc066a82f912241a4c1e94f8289ac4d2d4a8162549ec4d,474,unknown,none,test-descriptive,path:convention,test,thesis-safe,no,not-a-figure-or-table-float,yes
results/cross_architecture/transformer/transformer_seed42_fgsm_sweep_predictions_legacy.csv,predictions,fb5ee124d88049e1514fbde68aba801327eb699a3bb37e9a56228cfda6a1c328,1232742,unknown,none,test-descriptive,path:convention,test,thesis-safe,no,not-a-figure-or-table-float,yes
results/cross_architecture/transformer/transformer_seed42_fgsm_sweep_predictions_test.csv,predictions,97d48f5620082e95a1965b7c0c8672789f39b0f9b3bb8efc8e1e936c9a22de36,618230,unknown,none,test-descriptive,path:convention,test,thesis-safe,no,not-a-figure-or-table-float,yes
results/cross_architecture/transformer/transformer_seed42_legacy_eval_fall_binary_metrics.csv,csv,72e434923f34e110dac6499df5c19ef19ea04e08b888fee575518de72a11bf8e,289,unknown,none,test-descriptive,path:convention,test,thesis-safe,no,not-a-figure-or-table-float,yes
results/cross_architecture/transformer/transformer_seed42_legacy_eval_per_class_metrics.csv,csv,2b6353e6931c3695cb69ad572ac9e003f5d14aa473252be2eb9feea5c3fdcd57,334,unknown,none,test-descriptive,path:convention,test,thesis-safe,no,not-a-figure-or-table-float,yes
results/cross_architecture/transformer/transformer_seed42_legacy_eval_predictions.csv,csv,aa73cbf86d3f1e46a19f7b23a3b4f38b81860954634764d043fafd45054669a7,35988,unknown,none,test-descriptive,path:convention,test,thesis-safe,no,not-a-figure-or-table-float,yes
results/cross_architecture/transformer/transformer_seed42_legacy_eval_summary_metrics.csv,csv,afed238ad47e15158cf7834bfa4e1f7eff71a9beab3d27c5bb600ee3d40c8086,304,unknown,none,test-descriptive,path:convention,test,thesis-safe,no,not-a-figure-or-table-float,yes
results/cross_architecture/transformer/transformer_seed42_metadata.json,metadata,e6725cc486061a5120a7d27876b3b410a5c1c5d4656aaace13231300fa59f940,3204,unknown,none,test-descriptive,path:convention,test,thesis-safe,no,not-a-figure-or-table-float,yes
results/cross_architecture/transformer/transformer_seed42_per_class_metrics.csv,csv,1b99520b4b7ac09cf310e8e9a6d670cdb4af7ee1510776573c9c4be8d73ed276,333,unknown,none,test-descriptive,path:convention,test,thesis-safe,no,not-a-figure-or-table-float,yes
results/cross_architecture/transformer/transformer_seed42_pgd_epsilon_sweep_legacy.csv,csv,fccf2a7606d28189c6636d49f06d5fcf5b38668640c994c99eff587f82bc612b,2623,unknown,none,test-descriptive,path:convention,test,thesis-safe,no,not-a-figure-or-table-float,yes
results/cross_architecture/transformer/transformer_seed42_pgd_epsilon_sweep_test.csv,csv,550099e396c523135494807681e6d6d8220c178c92694e8b8ad2fc6720548f1e,2583,unknown,none,test-descriptive,path:convention,test,thesis-safe,no,not-a-figure-or-table-float,yes
results/cross_architecture/transformer/transformer_seed42_pgd_predictions_legacy_epsilon_0_03.csv,predictions,98a46e3828d7564d5cef0419027d6f99583695abe9648646a21a727f259f2385,80746,unknown,none,test-descriptive,path:convention,test,thesis-safe,no,not-a-figure-or-table-float,yes
results/cross_architecture/transformer/transformer_seed42_pgd_predictions_test_epsilon_0_03.csv,predictions,30d5cbde9db7c100a2786022e9948d4e7aeb67921a5986c089440a82d19c9ff2,40642,unknown,none,test-descriptive,path:convention,test,thesis-safe,no,not-a-figure-or-table-float,yes
results/cross_architecture/transformer/transformer_seed42_pgd_safety_metrics_legacy_epsilon_0_03.csv,csv,965eafc8fcff3fe5364cc86b4b5922754ac9d7b396da1bf69b62436ecd0b8b24,479,unknown,none,test-descriptive,path:convention,test,thesis-safe,no,not-a-figure-or-table-float,yes
results/cross_architecture/transformer/transformer_seed42_pgd_safety_metrics_test_epsilon_0_03.csv,csv,fd78d0413b6afee6df5a8e277767f6f147982ba521594a06718b410add6f4286,477,unknown,none,test-descriptive,path:convention,test,thesis-safe,no,not-a-figure-or-table-float,yes
results/cross_architecture/transformer/transformer_seed42_pgd_sweep_predictions_legacy.csv,predictions,ec2bed959b6c03b8c285931cdd7e75685fb146b9beaa7d18f1a4b443a2de4489,1445226,unknown,none,test-descriptive,path:convention,test,thesis-safe,no,not-a-figure-or-table-float,yes
results/cross_architecture/transformer/transformer_seed42_pgd_sweep_predictions_test.csv,predictions,6d20ec9d8bcfd8766ef368f4e762108644ab9175fd5c049014d556e8b5ee227d,724585,unknown,none,test-descriptive,path:convention,test,thesis-safe,no,not-a-figure-or-table-float,yes
results/cross_architecture/transformer/transformer_seed42_summary_metrics.csv,csv,1aeb1b414c64c939d79202e15d922369e88f7c6166b6515b5862ff2cb3f88dd4,435,unknown,none,test-descriptive,path:convention,test,thesis-safe,no,not-a-figure-or-table-float,yes
results/cross_architecture/transformer/transformer_seed42_sweep_metadata.json,metadata,8b9215eee7d5a2bfa2fe9e61cf588585efaa02e38d9337aa08070869b9df607c,3666,unknown,none,test-descriptive,path:convention,test,thesis-safe,no,not-a-figure-or-table-float,yes
results/cross_architecture/transformer/transformer_seed42_test_predictions.csv,csv,a38282d9a28d9ba0b1a1622e285109fc669120e29e1015f1c033323e0ea5439e,18079,unknown,none,test-descriptive,path:convention,test,thesis-safe,no,not-a-figure-or-table-float,yes
results/cross_architecture/transformer/transformer_seed42_training_curve.csv,csv,5483922b95f0012eab54a1e14ca2c9c5e36302c60b2b941f9d28bc5035d19919,5210,unknown,none,test-descriptive,path:convention,test,thesis-safe,no,not-a-figure-or-table-float,yes
results/cross_architecture/transformer/transformer_seed43_attacks_metadata.json,metadata,4daef360df9d61cf40187dd7311082f0ce19607d72bbe0b92a31a9333bcc5a93,5823,unknown,none,test-descriptive,path:convention,test,thesis-safe,no,not-a-figure-or-table-float,yes
results/cross_architecture/transformer/transformer_seed43_fall_binary_metrics.csv,csv,1aad7843f9b4194f662747072fd48c31339bfa2bf3cb78be829a2613c9b59b38,290,unknown,none,test-descriptive,path:convention,test,thesis-safe,no,not-a-figure-or-table-float,yes
results/cross_architecture/transformer/transformer_seed43_fgsm_epsilon_sweep_legacy.csv,csv,de35876af0d15926a65b05df51a993d66a6e556e7f67e7211c961cee7bc3d653,2597,unknown,none,test-descriptive,path:convention,test,thesis-safe,no,not-a-figure-or-table-float,yes
results/cross_architecture/transformer/transformer_seed43_fgsm_epsilon_sweep_test.csv,csv,8b942c1525628075f57d7f890c1baf9d5e27fdbbf61668bbcb6a777000f12d9b,2535,unknown,none,test-descriptive,path:convention,test,thesis-safe,no,not-a-figure-or-table-float,yes
results/cross_architecture/transformer/transformer_seed43_fgsm_predictions_legacy_epsilon_0_03.csv,predictions,236c0da8d5c7cda6e7f00ed0fbbdb55b11b30f6c35fef6f118dabfa1a2f65370,69036,unknown,none,test-descriptive,path:convention,test,thesis-safe,no,not-a-figure-or-table-float,yes
results/cross_architecture/transformer/transformer_seed43_fgsm_predictions_test_epsilon_0_03.csv,predictions,057fd822e192ee13e5e6d31daf26627390731717b2adac5b7092b974a020523e,34764,unknown,none,test-descriptive,path:convention,test,thesis-safe,no,not-a-figure-or-table-float,yes
results/cross_architecture/transformer/transformer_seed43_fgsm_safety_metrics_legacy_epsilon_0_03.csv,csv,6d01b8d17a68afd2b552f50584e5eecdb62bcb15546e6a5e7458c401eccea8f0,478,unknown,none,test-descriptive,path:convention,test,thesis-safe,no,not-a-figure-or-table-float,yes
results/cross_architecture/transformer/transformer_seed43_fgsm_safety_metrics_test_epsilon_0_03.csv,csv,1fbf0bcc59dcc1ff075475fc858265a309e938dbc625cfc6c95577aff70fe9dd,474,unknown,none,test-descriptive,path:convention,test,thesis-safe,no,not-a-figure-or-table-float,yes
results/cross_architecture/transformer/transformer_seed43_fgsm_sweep_predictions_legacy.csv,predictions,bf0e2b76472f5328d262e953b9bcf50aeac72d3f00975d97b3925f0a6c4b5955,1234119,unknown,none,test-descriptive,path:convention,test,thesis-safe,no,not-a-figure-or-table-float,yes
results/cross_architecture/transformer/transformer_seed43_fgsm_sweep_predictions_test.csv,predictions,16fe0fd08281c2f194c74fd5ec718742a39edcc496e4132cd627ef7fa7392a1f,618772,unknown,none,test-descriptive,path:convention,test,thesis-safe,no,not-a-figure-or-table-float,yes
results/cross_architecture/transformer/transformer_seed43_legacy_eval_fall_binary_metrics.csv,csv,4d4aeea8257e359f1b3395ce5d94a38dad0ddeea63a90f188599e6cd5d81ceaf,291,unknown,none,test-descriptive,path:convention,test,thesis-safe,no,not-a-figure-or-table-float,yes
results/cross_architecture/transformer/transformer_seed43_legacy_eval_per_class_metrics.csv,csv,259801277ecab0f8792ea5efc683539028eaeaa86b93fdce20c8a29501d17c99,334,unknown,none,test-descriptive,path:convention,test,thesis-safe,no,not-a-figure-or-table-float,yes
results/cross_architecture/transformer/transformer_seed43_legacy_eval_predictions.csv,csv,690a4649a5ca017add63616294f9e2e8dd482b44ff0f3b33bc0a05d9d6cb0bd2,36151,unknown,none,test-descriptive,path:convention,test,thesis-safe,no,not-a-figure-or-table-float,yes
results/cross_architecture/transformer/transformer_seed43_legacy_eval_summary_metrics.csv,csv,e6be2c0b347dd16f9e241b25838ba00a83ffb82b65a960633f0db5a3f856d6c0,304,unknown,none,test-descriptive,path:convention,test,thesis-safe,no,not-a-figure-or-table-float,yes
results/cross_architecture/transformer/transformer_seed43_metadata.json,metadata,ad00c07bc03f54f0950e4163b4191e93af2d6549a640aec22dcc37deb82e3c75,3368,unknown,none,test-descriptive,path:convention,test,thesis-safe,no,not-a-figure-or-table-float,yes
results/cross_architecture/transformer/transformer_seed43_per_class_metrics.csv,csv,8812efc476ebd1c3ef83def20afad6978c5189c819b20c995f4afaeb15435723,333,unknown,none,test-descriptive,path:convention,test,thesis-safe,no,not-a-figure-or-table-float,yes
results/cross_architecture/transformer/transformer_seed43_pgd_epsilon_sweep_legacy.csv,csv,d96a1eee69310e0a1f732f5acd321f953257eae7ee413068b8d16758a2a3bd2b,2652,unknown,none,test-descriptive,path:convention,test,thesis-safe,no,not-a-figure-or-table-float,yes
results/cross_architecture/transformer/transformer_seed43_pgd_epsilon_sweep_test.csv,csv,a9fd624c2b585eafb1d1c89d270f205c75b578ed6b95f3b59fab4a31901dde0a,2591,unknown,none,test-descriptive,path:convention,test,thesis-safe,no,not-a-figure-or-table-float,yes
results/cross_architecture/transformer/transformer_seed43_pgd_predictions_legacy_epsilon_0_03.csv,predictions,8d56f247aa4cb8a9446a7d9d731eebc1500c6673cb12d5b225af6816e91f027f,81069,unknown,none,test-descriptive,path:convention,test,thesis-safe,no,not-a-figure-or-table-float,yes
results/cross_architecture/transformer/transformer_seed43_pgd_predictions_test_epsilon_0_03.csv,predictions,a9bdc8cbe6993de73caec75863f3dea4db458e74e2b0e0ce937fbeb0dbab0059,40824,unknown,none,test-descriptive,path:convention,test,thesis-safe,no,not-a-figure-or-table-float,yes
results/cross_architecture/transformer/transformer_seed43_pgd_safety_metrics_legacy_epsilon_0_03.csv,csv,3a8a847aa22f8c439e326cc2ffb992dacc138b04dda5b6c98d8a7e3c9a0c9b78,481,unknown,none,test-descriptive,path:convention,test,thesis-safe,no,not-a-figure-or-table-float,yes
results/cross_architecture/transformer/transformer_seed43_pgd_safety_metrics_test_epsilon_0_03.csv,csv,e3e019accfa4e4bf9fbd9676d23149db802c35b21bca0457af12dbc97091ebf5,477,unknown,none,test-descriptive,path:convention,test,thesis-safe,no,not-a-figure-or-table-float,yes
results/cross_architecture/transformer/transformer_seed43_pgd_sweep_predictions_legacy.csv,predictions,b91531333975d60f4564ca167f72c9b821c6716b6302c992eeaf5c57d1e4bd58,1450434,unknown,none,test-descriptive,path:convention,test,thesis-safe,no,not-a-figure-or-table-float,yes
results/cross_architecture/transformer/transformer_seed43_pgd_sweep_predictions_test.csv,predictions,0539b0f0d419bdc88d07de6abfc51a5e5d8592c320ea30c9b6164051d84ddf60,727414,unknown,none,test-descriptive,path:convention,test,thesis-safe,no,not-a-figure-or-table-float,yes
results/cross_architecture/transformer/transformer_seed43_summary_metrics.csv,csv,8d148caae0917e11f68e2a8cc44a080ce51e9ba25f898c209b40f02d232f2d92,434,unknown,none,test-descriptive,path:convention,test,thesis-safe,no,not-a-figure-or-table-float,yes
results/cross_architecture/transformer/transformer_seed43_sweep_metadata.json,metadata,61f97a55fde6265c4f0e3763602de3070742e1ea17c2e98688579425c686609a,3728,unknown,none,test-descriptive,path:convention,test,thesis-safe,no,not-a-figure-or-table-float,yes
results/cross_architecture/transformer/transformer_seed43_test_predictions.csv,csv,213eb554a641044c156dce131bbff5512c565022235592f938e9f0b69c3d3a05,18176,unknown,none,test-descriptive,path:convention,test,thesis-safe,no,not-a-figure-or-table-float,yes
results/cross_architecture/transformer/transformer_seed43_training_curve.csv,csv,9b6b0294d9d0873e8908590238ac62b4d618b9ef1c573e3f6a7c8978d68a66a9,2362,unknown,none,test-descriptive,path:convention,test,thesis-safe,no,not-a-figure-or-table-float,yes
results/cross_architecture/transformer/transformer_seed44_attacks_metadata.json,metadata,223c9be5ea42ec8bcc2838bd767c89041f56147fc8a5d441081dfd062de9de84,5694,unknown,none,test-descriptive,path:convention,test,thesis-safe,no,not-a-figure-or-table-float,yes
results/cross_architecture/transformer/transformer_seed44_fall_binary_metrics.csv,csv,bd0eac5574c3b49e7964a8eca331423ced186578fb44178d3e8d49cc2edffeea,289,unknown,none,test-descriptive,path:convention,test,thesis-safe,no,not-a-figure-or-table-float,yes
results/cross_architecture/transformer/transformer_seed44_fgsm_epsilon_sweep_legacy.csv,csv,1d6aec25476037daabc4e0e64c7606991a6fa6b75c78b276c5b424eb6a723e00,2565,unknown,none,test-descriptive,path:convention,test,thesis-safe,no,not-a-figure-or-table-float,yes
results/cross_architecture/transformer/transformer_seed44_fgsm_epsilon_sweep_test.csv,csv,b5e871c00b89e4fcd0933ff625e84b557859771035f2f0bdadc0ddd9b3084404,2525,unknown,none,test-descriptive,path:convention,test,thesis-safe,no,not-a-figure-or-table-float,yes
results/cross_architecture/transformer/transformer_seed44_fgsm_predictions_legacy_epsilon_0_03.csv,predictions,17832d5673d05aff3baa17b5b48211d20bd5d6555e22a0331c5284d81e0df79e,68264,unknown,none,test-descriptive,path:convention,test,thesis-safe,no,not-a-figure-or-table-float,yes
results/cross_architecture/transformer/transformer_seed44_fgsm_predictions_test_epsilon_0_03.csv,predictions,94c5481a09147bf59a3fde518b195365fcdb2c9592ae6cbbe2cc969415e7549b,34416,unknown,none,test-descriptive,path:convention,test,thesis-safe,no,not-a-figure-or-table-float,yes
results/cross_architecture/transformer/transformer_seed44_fgsm_safety_metrics_legacy_epsilon_0_03.csv,csv,2d765cfa2dda15ff1869a2db12d980971526185065b5a0776a23b637e1e1b71d,476,unknown,none,test-descriptive,path:convention,test,thesis-safe,no,not-a-figure-or-table-float,yes
results/cross_architecture/transformer/transformer_seed44_fgsm_safety_metrics_test_epsilon_0_03.csv,csv,96bc58b0d9369f3cf19de2d481ef65caa8718f5d494211b54007c44bffa21e88,474,unknown,none,test-descriptive,path:convention,test,thesis-safe,no,not-a-figure-or-table-float,yes
results/cross_architecture/transformer/transformer_seed44_fgsm_sweep_predictions_legacy.csv,predictions,719ad940589e56a3f62626dfff8ea878fe49b07c840ad4cc06d388816db84288,1223317,unknown,none,test-descriptive,path:convention,test,thesis-safe,no,not-a-figure-or-table-float,yes
results/cross_architecture/transformer/transformer_seed44_fgsm_sweep_predictions_test.csv,predictions,29e6508c392b540d8085fbfd8a838274734224cacabb561da0f18ac13b5371da,613960,unknown,none,test-descriptive,path:convention,test,thesis-safe,no,not-a-figure-or-table-float,yes
results/cross_architecture/transformer/transformer_seed44_legacy_eval_fall_binary_metrics.csv,csv,b14931a1a05ba807a666237adcc7186a055f979dda6d3f789ac4e25a2ada97e3,289,unknown,none,test-descriptive,path:convention,test,thesis-safe,no,not-a-figure-or-table-float,yes
results/cross_architecture/transformer/transformer_seed44_legacy_eval_per_class_metrics.csv,csv,09d1a31ef98af8cf21ff6ed698f646f154c65881beb18587b85a1a54ea0007f6,334,unknown,none,test-descriptive,path:convention,test,thesis-safe,no,not-a-figure-or-table-float,yes
results/cross_architecture/transformer/transformer_seed44_legacy_eval_predictions.csv,csv,2cbf8263401c3c6e896bc0a84940da6203c0b726e96394a7d21e4e53c4aa6106,35944,unknown,none,test-descriptive,path:convention,test,thesis-safe,no,not-a-figure-or-table-float,yes
results/cross_architecture/transformer/transformer_seed44_legacy_eval_summary_metrics.csv,csv,f5fdc878b2c24b95c57091d0cb0baf2acf7e17d34dfe44b6229e7fcdb180803b,304,unknown,none,test-descriptive,path:convention,test,thesis-safe,no,not-a-figure-or-table-float,yes
results/cross_architecture/transformer/transformer_seed44_metadata.json,metadata,f88c7095e0b3e7df3170f388a9d62825889969d66f71b2fa0f729e89e777bdaf,3370,unknown,none,test-descriptive,path:convention,test,thesis-safe,no,not-a-figure-or-table-float,yes
results/cross_architecture/transformer/transformer_seed44_per_class_metrics.csv,csv,177b3e43e9fd3cc1d58b871461dd9f8e0e121f719b0d88bcb29ebaa83f3d569e,333,unknown,none,test-descriptive,path:convention,test,thesis-safe,no,not-a-figure-or-table-float,yes
results/cross_architecture/transformer/transformer_seed44_pgd_epsilon_sweep_legacy.csv,csv,1dca397444b811fe30ab11efc48fb9ef8554c55daa783fe6a984ee16876dd4e6,2620,unknown,none,test-descriptive,path:convention,test,thesis-safe,no,not-a-figure-or-table-float,yes
results/cross_architecture/transformer/transformer_seed44_pgd_epsilon_sweep_test.csv,csv,77db72018cc149e37851cfbca4ba9c3d1d5bd322b5000dbbf084629108e40d28,2581,unknown,none,test-descriptive,path:convention,test,thesis-safe,no,not-a-figure-or-table-float,yes
results/cross_architecture/transformer/transformer_seed44_pgd_predictions_legacy_epsilon_0_03.csv,predictions,f249d28ee46d5f3d6a45e26982fd8fdbd5b44668eb14b42ef640b3378d1f01fc,80221,unknown,none,test-descriptive,path:convention,test,thesis-safe,no,not-a-figure-or-table-float,yes
results/cross_architecture/transformer/transformer_seed44_pgd_predictions_test_epsilon_0_03.csv,predictions,f133e628bdb0cd606b29708f80d77b4bf81b835134965712eb2ee13e3e1856f4,40425,unknown,none,test-descriptive,path:convention,test,thesis-safe,no,not-a-figure-or-table-float,yes
results/cross_architecture/transformer/transformer_seed44_pgd_safety_metrics_legacy_epsilon_0_03.csv,csv,28b95b08e026ed95a8e62755f7fe100104f5ab2b58d2af49c35f6b81a6247fe9,479,unknown,none,test-descriptive,path:convention,test,thesis-safe,no,not-a-figure-or-table-float,yes
results/cross_architecture/transformer/transformer_seed44_pgd_safety_metrics_test_epsilon_0_03.csv,csv,77784b4785988b3818165b7638c794f24d8ae8a00e7b583a7d98d7850f1adba0,477,unknown,none,test-descriptive,path:convention,test,thesis-safe,no,not-a-figure-or-table-float,yes
results/cross_architecture/transformer/transformer_seed44_pgd_sweep_predictions_legacy.csv,predictions,24c4535e6eb8807404fbdb6948c5e989edc818997816ad51c52d2e178ccfb361,1436951,unknown,none,test-descriptive,path:convention,test,thesis-safe,no,not-a-figure-or-table-float,yes
results/cross_architecture/transformer/transformer_seed44_pgd_sweep_predictions_test.csv,predictions,e0f71b55372c8c02cdafe5a8bd3dbb8e60b076d4d34359aa3eae004d9d3d3d53,721181,unknown,none,test-descriptive,path:convention,test,thesis-safe,no,not-a-figure-or-table-float,yes
results/cross_architecture/transformer/transformer_seed44_summary_metrics.csv,csv,6eff636d688e1bab799a1d0ff79b20fe0f6c783411dc057ead254ce34cba3f50,436,unknown,none,test-descriptive,path:convention,test,thesis-safe,no,not-a-figure-or-table-float,yes
results/cross_architecture/transformer/transformer_seed44_sweep_metadata.json,metadata,67570c1400213a604e64149cb393c1ec3d826dbf4e70637698b397c617c1b7b3,3729,unknown,none,test-descriptive,path:convention,test,thesis-safe,no,not-a-figure-or-table-float,yes
results/cross_architecture/transformer/transformer_seed44_test_predictions.csv,csv,3a73922a281abc368c958b91c62fa7e41b09193d8128762bd30a4b78d0cdf1c5,18063,unknown,none,test-descriptive,path:convention,test,thesis-safe,no,not-a-figure-or-table-float,yes
results/cross_architecture/transformer/transformer_seed44_training_curve.csv,csv,59fcd55375a5ab129a7f4c0d2f7f1f4ccaf8968e38fd1ae21623c7262c935537,6610,unknown,none,test-descriptive,path:convention,test,thesis-safe,no,not-a-figure-or-table-float,yes
results/cross_architecture/transformer/transformer_seed45_attacks_metadata.json,metadata,75d5c413ba020225f508547b2a3987703b0dadc6c1bda0f5fbff50bf2ab734d4,5770,unknown,none,test-descriptive,path:convention,test,thesis-safe,no,not-a-figure-or-table-float,yes
results/cross_architecture/transformer/transformer_seed45_fall_binary_metrics.csv,csv,6d691f9fb5a9d579726c78453e02054bb82fd2371b16875f81c19c3e4a88cedb,289,unknown,none,test-descriptive,path:convention,test,thesis-safe,no,not-a-figure-or-table-float,yes
results/cross_architecture/transformer/transformer_seed45_fgsm_epsilon_sweep_legacy.csv,csv,9f54003a85f295d0c8766466f116ecdd792fc09ee7bdabfc4984ab64102820f3,2570,unknown,none,test-descriptive,path:convention,test,thesis-safe,no,not-a-figure-or-table-float,yes
results/cross_architecture/transformer/transformer_seed45_fgsm_epsilon_sweep_test.csv,csv,315d939c093d3de56872ad223c044152650182cd2151e75491bbdd4f4806d16e,2532,unknown,none,test-descriptive,path:convention,test,thesis-safe,no,not-a-figure-or-table-float,yes
results/cross_architecture/transformer/transformer_seed45_fgsm_predictions_legacy_epsilon_0_03.csv,predictions,273f6e640eb4876462774eb6eb39d2c6765cc8c177f4678dcc5a12f98bd665af,68587,unknown,none,test-descriptive,path:convention,test,thesis-safe,no,not-a-figure-or-table-float,yes
results/cross_architecture/transformer/transformer_seed45_fgsm_predictions_test_epsilon_0_03.csv,predictions,7da4b46c70a7923300306c30ecd30d412ecd1bb2c8d26d2049cdd4d1e2460649,34509,unknown,none,test-descriptive,path:convention,test,thesis-safe,no,not-a-figure-or-table-float,yes
results/cross_architecture/transformer/transformer_seed45_fgsm_safety_metrics_legacy_epsilon_0_03.csv,csv,1017c5e991f6b19d6053589b440e4208fa1a73b066d70b52e7d20ec6d61016c2,476,unknown,none,test-descriptive,path:convention,test,thesis-safe,no,not-a-figure-or-table-float,yes
results/cross_architecture/transformer/transformer_seed45_fgsm_safety_metrics_test_epsilon_0_03.csv,csv,4c7bab53c4b1b6b410dd0c17ef6bf6c2d8ab16db04b1d2ecfbfc4029d494fb17,474,unknown,none,test-descriptive,path:convention,test,thesis-safe,no,not-a-figure-or-table-float,yes
results/cross_architecture/transformer/transformer_seed45_fgsm_sweep_predictions_legacy.csv,predictions,c2db65c679079cbfb63ef347c1f4d625c32c865d8172d188ca0a353b24348ece,1228084,unknown,none,test-descriptive,path:convention,test,thesis-safe,no,not-a-figure-or-table-float,yes
results/cross_architecture/transformer/transformer_seed45_fgsm_sweep_predictions_test.csv,predictions,e0d323a5afd32d1aa6f02a522f2d98675f031cbd402280a939dd82cd5caaa9d0,615127,unknown,none,test-descriptive,path:convention,test,thesis-safe,no,not-a-figure-or-table-float,yes
results/cross_architecture/transformer/transformer_seed45_legacy_eval_fall_binary_metrics.csv,csv,43d32495fd318a30fd255244a5cd32c479331a2eee4a528cbdc2cca62efb1866,289,unknown,none,test-descriptive,path:convention,test,thesis-safe,no,not-a-figure-or-table-float,yes
results/cross_architecture/transformer/transformer_seed45_legacy_eval_per_class_metrics.csv,csv,ebd242005c2aad28cb58d26294b65cdd0b8f91527fed977fb4d8befb09868889,334,unknown,none,test-descriptive,path:convention,test,thesis-safe,no,not-a-figure-or-table-float,yes
results/cross_architecture/transformer/transformer_seed45_legacy_eval_predictions.csv,csv,a9ca9faa34ac2f454ddf3e219bc0a39d9a3c9a55c1fe8067bff52f206aa79aa9,35974,unknown,none,test-descriptive,path:convention,test,thesis-safe,no,not-a-figure-or-table-float,yes
results/cross_architecture/transformer/transformer_seed45_legacy_eval_summary_metrics.csv,csv,70119e6447b08f9e8044fafb0e11ff6bd18141abd2fe76defd3e1871a0f2bc93,304,unknown,none,test-descriptive,path:convention,test,thesis-safe,no,not-a-figure-or-table-float,yes
results/cross_architecture/transformer/transformer_seed45_metadata.json,metadata,f75c15bd322ab1e4a30b2da96fdf60c539c27df51c160e526650c69086ea06b1,3367,unknown,none,test-descriptive,path:convention,test,thesis-safe,no,not-a-figure-or-table-float,yes
results/cross_architecture/transformer/transformer_seed45_per_class_metrics.csv,csv,fc02ac789e675a2a1584dc59e921e6f2f9b55a1d6357e8d3b95041924fd9d4f3,333,unknown,none,test-descriptive,path:convention,test,thesis-safe,no,not-a-figure-or-table-float,yes
results/cross_architecture/transformer/transformer_seed45_pgd_epsilon_sweep_legacy.csv,csv,b14f5968bb20fb833e04001bdeb8a12c89ede908e74a0e8b0ac753e845c9b3ab,2624,unknown,none,test-descriptive,path:convention,test,thesis-safe,no,not-a-figure-or-table-float,yes
results/cross_architecture/transformer/transformer_seed45_pgd_epsilon_sweep_test.csv,csv,2d0e141c8984d1c2712b43a8f7933c8915e620ccab43cf51219e2648f6d63266,2585,unknown,none,test-descriptive,path:convention,test,thesis-safe,no,not-a-figure-or-table-float,yes
results/cross_architecture/transformer/transformer_seed45_pgd_predictions_legacy_epsilon_0_03.csv,predictions,2f5555797cc85d7d2805ddade3487beb6b5b72379d6c6c44015424307ea74a3b,80556,unknown,none,test-descriptive,path:convention,test,thesis-safe,no,not-a-figure-or-table-float,yes
results/cross_architecture/transformer/transformer_seed45_pgd_predictions_test_epsilon_0_03.csv,predictions,b97b541700389a21ad409dd9ab3712cb093ea690dc6c33370331f4540b62d4ba,40525,unknown,none,test-descriptive,path:convention,test,thesis-safe,no,not-a-figure-or-table-float,yes
results/cross_architecture/transformer/transformer_seed45_pgd_safety_metrics_legacy_epsilon_0_03.csv,csv,96a8ee0557b45ecbf813d958cc55f7424b77fac6cdeffcecc947ffb7281e4f41,479,unknown,none,test-descriptive,path:convention,test,thesis-safe,no,not-a-figure-or-table-float,yes
results/cross_architecture/transformer/transformer_seed45_pgd_safety_metrics_test_epsilon_0_03.csv,csv,55e1a45865a7baa92bea9dd111b6a4f6b419c860c9dae5aac8ac5a46bf48349e,477,unknown,none,test-descriptive,path:convention,test,thesis-safe,no,not-a-figure-or-table-float,yes
results/cross_architecture/transformer/transformer_seed45_pgd_sweep_predictions_legacy.csv,predictions,effd6bd822b9e7a6cf8bba65ca7793388c7c10c721538d9126ef6f9e406a5d81,1442218,unknown,none,test-descriptive,path:convention,test,thesis-safe,no,not-a-figure-or-table-float,yes
results/cross_architecture/transformer/transformer_seed45_pgd_sweep_predictions_test.csv,predictions,342003f866df62fbbe46496cc4a3de4653b00008ca52f4899f04106cf38af1fe,722703,unknown,none,test-descriptive,path:convention,test,thesis-safe,no,not-a-figure-or-table-float,yes
results/cross_architecture/transformer/transformer_seed45_summary_metrics.csv,csv,b95c1032cddeaeb471c13ac313355f68e6304f6030a0eb7af6308fcdbb918c83,435,unknown,none,test-descriptive,path:convention,test,thesis-safe,no,not-a-figure-or-table-float,yes
results/cross_architecture/transformer/transformer_seed45_sweep_metadata.json,metadata,b64ccb170d65610c41bd6a3046fbd16f736120d45f7b14604ac03271c1c4160a,3720,unknown,none,test-descriptive,path:convention,test,thesis-safe,no,not-a-figure-or-table-float,yes
results/cross_architecture/transformer/transformer_seed45_test_predictions.csv,csv,7c140c0701390536fe81072fb2922d1643c62ecb026d68fd3ca7e03defba0128,18068,unknown,none,test-descriptive,path:convention,test,thesis-safe,no,not-a-figure-or-table-float,yes
results/cross_architecture/transformer/transformer_seed45_training_curve.csv,csv,c8768447e946ee6e3c3dad2917d472aed024a580de50742a751ee968d5944fbd,5810,unknown,none,test-descriptive,path:convention,test,thesis-safe,no,not-a-figure-or-table-float,yes
results/cross_architecture/transformer/transformer_seed46_attacks_metadata.json,metadata,8893c898c823be85864da43ff0fa263bab4cea34836e09470da8748571089500,5689,unknown,none,test-descriptive,path:convention,test,thesis-safe,no,not-a-figure-or-table-float,yes
results/cross_architecture/transformer/transformer_seed46_fall_binary_metrics.csv,csv,25ff98353d200e88cdc359bee1126808474deea4e221a3b7fb6bbdbe1930c1dc,289,unknown,none,test-descriptive,path:convention,test,thesis-safe,no,not-a-figure-or-table-float,yes
results/cross_architecture/transformer/transformer_seed46_fgsm_epsilon_sweep_legacy.csv,csv,4d9bd8535f3f714e83b5de11c46307ef3ee6619cdac8c01de8358fb452591957,2568,unknown,none,test-descriptive,path:convention,test,thesis-safe,no,not-a-figure-or-table-float,yes
results/cross_architecture/transformer/transformer_seed46_fgsm_epsilon_sweep_test.csv,csv,3178cf00c8075eb104e3a1869654eecb1a40ecf101f28917e03a0268ab181e47,2530,unknown,none,test-descriptive,path:convention,test,thesis-safe,no,not-a-figure-or-table-float,yes
results/cross_architecture/transformer/transformer_seed46_fgsm_predictions_legacy_epsilon_0_03.csv,predictions,ba3ce07804e6dd4cee94e74f23beac6357b117be51d643a79b73b8373a718573,68692,unknown,none,test-descriptive,path:convention,test,thesis-safe,no,not-a-figure-or-table-float,yes
results/cross_architecture/transformer/transformer_seed46_fgsm_predictions_test_epsilon_0_03.csv,predictions,aa71cdf18d027401574b7a29e8e6d17e605762c7b80add5473a789583b8c5942,34635,unknown,none,test-descriptive,path:convention,test,thesis-safe,no,not-a-figure-or-table-float,yes
results/cross_architecture/transformer/transformer_seed46_fgsm_safety_metrics_legacy_epsilon_0_03.csv,csv,cbd3fdd4cf28ac26ffbb7f696feb5cfe198f87855334f5fc053b3686f24573a2,476,unknown,none,test-descriptive,path:convention,test,thesis-safe,no,not-a-figure-or-table-float,yes
results/cross_architecture/transformer/transformer_seed46_fgsm_safety_metrics_test_epsilon_0_03.csv,csv,56eb2ef4c18a08f624c5f6654ce6d53ace3dbf0896b5e261058082c4447b8479,474,unknown,none,test-descriptive,path:convention,test,thesis-safe,no,not-a-figure-or-table-float,yes
results/cross_architecture/transformer/transformer_seed46_fgsm_sweep_predictions_legacy.csv,predictions,814f94e30fb54d14ed47005e46f204fc231d6680307bb6e42ed93f2310e8cde6,1230388,unknown,none,test-descriptive,path:convention,test,thesis-safe,no,not-a-figure-or-table-float,yes
results/cross_architecture/transformer/transformer_seed46_fgsm_sweep_predictions_test.csv,predictions,a9528da8eac68b1aac9dcfb12e1ca0900d2c82a28fe4a49ed7b38594614dce9b,617485,unknown,none,test-descriptive,path:convention,test,thesis-safe,no,not-a-figure-or-table-float,yes
results/cross_architecture/transformer/transformer_seed46_legacy_eval_fall_binary_metrics.csv,csv,1295837f9b69350327c6f28b1f2199e19a8a9d6725a7e24bb93214d1be04317d,290,unknown,none,test-descriptive,path:convention,test,thesis-safe,no,not-a-figure-or-table-float,yes
results/cross_architecture/transformer/transformer_seed46_legacy_eval_per_class_metrics.csv,csv,c002d4cbf324474c14cafc4e3f4b54f7ad05004e0f4e1f9258fd443c858857bc,334,unknown,none,test-descriptive,path:convention,test,thesis-safe,no,not-a-figure-or-table-float,yes
results/cross_architecture/transformer/transformer_seed46_legacy_eval_predictions.csv,csv,387b5fa0e7b4ffc7fa57034c64b77fc8f385de796ad6b2c1f1a23bb2b76ec6b2,36073,unknown,none,test-descriptive,path:convention,test,thesis-safe,no,not-a-figure-or-table-float,yes
results/cross_architecture/transformer/transformer_seed46_legacy_eval_summary_metrics.csv,csv,29edb230c02377ea1e024793674da4affc571207855df104b64e1a8b98c5f6ad,304,unknown,none,test-descriptive,path:convention,test,thesis-safe,no,not-a-figure-or-table-float,yes
results/cross_architecture/transformer/transformer_seed46_metadata.json,metadata,9fd95033617e856ff9a64fb2546352610c5ff56bd40d80c2b5f8a81aeec5a7b9,3366,unknown,none,test-descriptive,path:convention,test,thesis-safe,no,not-a-figure-or-table-float,yes
results/cross_architecture/transformer/transformer_seed46_per_class_metrics.csv,csv,2080ca6d67c1104c1a13ab4c685e235e3da603dcc4cd9af9239e95730f6c5e4c,333,unknown,none,test-descriptive,path:convention,test,thesis-safe,no,not-a-figure-or-table-float,yes
results/cross_architecture/transformer/transformer_seed46_pgd_epsilon_sweep_legacy.csv,csv,d1d83a3e46687c783477ea89e5cc17e668e3bd00df0ac372e82ff85df30216dd,2621,unknown,none,test-descriptive,path:convention,test,thesis-safe,no,not-a-figure-or-table-float,yes
results/cross_architecture/transformer/transformer_seed46_pgd_epsilon_sweep_test.csv,csv,20cbe54ce878ce7eeb698f54d294d49a625c0c6df88a3fef4ddb04084dd39581,2584,unknown,none,test-descriptive,path:convention,test,thesis-safe,no,not-a-figure-or-table-float,yes
results/cross_architecture/transformer/transformer_seed46_pgd_predictions_legacy_epsilon_0_03.csv,predictions,357d75a6b44b0428723f1d4986174ed4c9211da6af969d2f23a9ce19efe6b68b,80610,unknown,none,test-descriptive,path:convention,test,thesis-safe,no,not-a-figure-or-table-float,yes
results/cross_architecture/transformer/transformer_seed46_pgd_predictions_test_epsilon_0_03.csv,predictions,15956ee93d0be9b66e3b792fb80de787ffd21e819423bafd2ce576e96dcd21cc,40615,unknown,none,test-descriptive,path:convention,test,thesis-safe,no,not-a-figure-or-table-float,yes
results/cross_architecture/transformer/transformer_seed46_pgd_safety_metrics_legacy_epsilon_0_03.csv,csv,ffa3acfd0f2c99d7c4ee356644e2174b37085f1f83e76623c8e2119ca1a710b7,479,unknown,none,test-descriptive,path:convention,test,thesis-safe,no,not-a-figure-or-table-float,yes
results/cross_architecture/transformer/transformer_seed46_pgd_safety_metrics_test_epsilon_0_03.csv,csv,8de8d5fae7fcd77e4283cad8e6c235ce77b770ad34148b2479cd7f35582cb354,477,unknown,none,test-descriptive,path:convention,test,thesis-safe,no,not-a-figure-or-table-float,yes
results/cross_architecture/transformer/transformer_seed46_pgd_sweep_predictions_legacy.csv,predictions,4c4a893607c19ba2413c263abd065e3c5c4ad3f4e46a27d75009606290fdbeb6,1444273,unknown,none,test-descriptive,path:convention,test,thesis-safe,no,not-a-figure-or-table-float,yes
results/cross_architecture/transformer/transformer_seed46_pgd_sweep_predictions_test.csv,predictions,e69238cd1e07c5d2a151d5214aecdf85ee3e1ab225738eebf82cc0fd82f3adef,724743,unknown,none,test-descriptive,path:convention,test,thesis-safe,no,not-a-figure-or-table-float,yes
results/cross_architecture/transformer/transformer_seed46_summary_metrics.csv,csv,3c0737dcc521f9025e6fb1514a9e1f7cbc45372493ea944fc564f9736c656610,434,unknown,none,test-descriptive,path:convention,test,thesis-safe,no,not-a-figure-or-table-float,yes
results/cross_architecture/transformer/transformer_seed46_sweep_metadata.json,metadata,7bc15f470bc61afd5b81bc9f61bf6c416384beb2373d329de380f933cd66f248,3733,unknown,none,test-descriptive,path:convention,test,thesis-safe,no,not-a-figure-or-table-float,yes
results/cross_architecture/transformer/transformer_seed46_test_predictions.csv,csv,70142cb3db1b4ef04f71e371d177e69f727db90514b8bf19d43dcefd79a236fe,18127,unknown,none,test-descriptive,path:convention,test,thesis-safe,no,not-a-figure-or-table-float,yes
results/cross_architecture/transformer/transformer_seed46_training_curve.csv,csv,1d88e19342445f718e67c58fa65685a13c54ba3523c0e812725287417ae6ceb2,2950,unknown,none,test-descriptive,path:convention,test,thesis-safe,no,not-a-figure-or-table-float,yes
results/cross_architecture/transformer/transformer_seed_convergence_status.csv,csv,13a19d441c57bf2bcafa95a449b5138ac71c76479401384372319c0e7d27856f,1481,unknown,none,test-descriptive,path:convention,test,thesis-safe,no,not-a-figure-or-table-float,yes
results/d10_d11_locked_test_followup/PROVENANCE.md,report,b11ff02a906e65496bc1d5fde0db5e117500e894f4120bd9b6611c071bfb1066,3739,unknown,none,diagnostic-internal,default,none,unmapped,no,not-a-figure-or-table-float,no
results/d10_d11_locked_test_followup/README.md,report,4c6bbc59dbfb6b7afc1b51bb66aa360da2bb123b1951abd5260ed0ddd2e0431d,2155,scripts/create_thesis_table_15_figure_15_paired_safety_state_transitions.py,literal,diagnostic-internal,default,none,unmapped,no,not-a-figure-or-table-float,no
results/d10_d11_locked_test_followup/d10_d11_false_alarm_source_breakdown.csv,csv,0823c6916308c61764ab791106f237670ce561a9083de79a18f26e02449a4c10,1520,scripts/analysis/d10_d11_locked_test_followup.py,literal,diagnostic-internal,default,none,unmapped,no,not-a-figure-or-table-float,no
results/d10_d11_locked_test_followup/d10_d11_locked_test_summary.csv,csv,ae827d70775d4d513f570a933194f0899ea43d509c1becaf72a6928725d8eb0c,2121,scripts/analysis/d10_d11_locked_test_followup.py,literal,diagnostic-internal,default,none,unmapped,no,not-a-figure-or-table-float,no
results/d10_d11_locked_test_followup/d10_d11_locked_test_summary.md,report,c5ed5f59c8c1820348631d7642b225e4fdc2489b63a0c9579c8cd6ab0de18bd0,5327,unknown,none,diagnostic-internal,default,none,unmapped,no,not-a-figure-or-table-float,no
results/d10_d11_locked_test_followup/d10_d11_missed_fall_destination_breakdown.csv,csv,d404e159f4f5c4c45c4c4f6643824ae8df1555a204619f7c68f686ab1a6e6e02,964,scripts/analysis/d10_d11_locked_test_followup.py,literal,diagnostic-internal,default,none,unmapped,no,not-a-figure-or-table-float,no
results/d10_d11_locked_test_followup/d10_d11_posthoc_test_characterization.csv,csv,ccb62d3cdc92257d35b8aeb374fa6d0de363fa5f62bd72ef2f6b49331359a5d5,1207,scripts/analysis/d10_d11_posthoc_test_characterization.py,literal,diagnostic-internal,default,none,unmapped,no,not-a-figure-or-table-float,no
results/d10_d11_locked_test_followup/d10_d11_test_metrics_by_far_cap.csv,csv,802dfd3d714229b78788a600a8e58019177a92f6cd4602276e68be1516d50275,2680,scripts/analysis/d10_d11_locked_test_followup.py,literal,diagnostic-internal,default,none,unmapped,no,not-a-figure-or-table-float,no
results/d10_d11_locked_test_followup/d10_d11_threshold_selection_validation.csv,csv,9d928775ebec39fa2c5e71e960c2cf37bbdec65ed29b0c3a0c6618137dd79bcc,1572,scripts/analysis/d10_d11_locked_test_followup.py,literal,diagnostic-internal,default,none,unmapped,no,not-a-figure-or-table-float,no
results/d10_d11_locked_test_followup/test_eval/GR1_v2macroF1_clean_probabilities_test_epsilon_0_03.csv,predictions,310de5683666022f83b6bb19ad9dab04e53e2396b4d36f01bc646d49bc009555,93999,unknown,none,test-descriptive,path:convention,test,unmapped,no,not-a-figure-or-table-float,no
results/d10_d11_locked_test_followup/test_eval/GR1_v2macroF1_fgsm_probabilities_test_epsilon_0_03.csv,predictions,6fa401cfb805ebc1aeb996a3c8d3b20668b0d68b9e3040dc5d862e10a24d3277,93343,unknown,none,test-descriptive,path:convention,test,unmapped,no,not-a-figure-or-table-float,no
results/d10_d11_locked_test_followup/test_eval/GR1_v2macroF1_pgd_probabilities_test_epsilon_0_03.csv,predictions,28a91d07da9407d552dc5282c79acf41cf02dd39c81c19d968ab9d14e9428d8f,92897,scripts/analysis/d10_d11_transfer_failure_diagnosis.py,literal,test-descriptive,path:convention,test,unmapped,no,not-a-figure-or-table-float,no
results/d10_d11_locked_test_followup/test_eval/SA1_v2lowFA_clean_probabilities_test_epsilon_0_03.csv,predictions,dc23a78e4e41c1ee5f36db0db97da8ae35a3e2a6672beb33d8ecc425c5cbd5bb,93957,unknown,none,test-descriptive,path:convention,test,unmapped,no,not-a-figure-or-table-float,no
results/d10_d11_locked_test_followup/test_eval/SA1_v2lowFA_fgsm_probabilities_test_epsilon_0_03.csv,predictions,1c444c56db38c92bb6628c2a903056832a51d1f2989886c298ef078b7a566ebd,93444,unknown,none,test-descriptive,path:convention,test,unmapped,no,not-a-figure-or-table-float,no
results/d10_d11_locked_test_followup/test_eval/SA1_v2lowFA_pgd_probabilities_test_epsilon_0_03.csv,predictions,d59fe6ff87fb2f833f74f4c619daaa3714650847bb07d5e2e0872ea23765249d,93184,scripts/analysis/d10_d11_transfer_failure_diagnosis.py,literal,test-descriptive,path:convention,test,unmapped,no,not-a-figure-or-table-float,no
results/d10_d11_locked_test_followup/test_eval/ST1b6_v2lowFA_clean_probabilities_test_epsilon_0_03.csv,predictions,edadf7d0a09987438e9baec035e242a89d9103c8029ad240c2d73c6e3debdc7a,93901,unknown,none,test-descriptive,path:convention,test,unmapped,no,not-a-figure-or-table-float,no
results/d10_d11_locked_test_followup/test_eval/ST1b6_v2lowFA_fgsm_probabilities_test_epsilon_0_03.csv,predictions,43ad0d45297e53d0fa046539512d91af70c59384fd036bfd99bd789b799accd7,93178,unknown,none,test-descriptive,path:convention,test,unmapped,no,not-a-figure-or-table-float,no
results/d10_d11_locked_test_followup/test_eval/ST1b6_v2lowFA_pgd_probabilities_test_epsilon_0_03.csv,predictions,4a582bc76d01c2c3dbfb09ffc137ff64537e2e4f88926d6ca6306a878c1aee03,92700,scripts/analysis/d10_d11_transfer_failure_diagnosis.py,literal,test-descriptive,path:convention,test,unmapped,no,not-a-figure-or-table-float,no
results/d13_score_fusion/stage0_validation_complementarity_audit/D13_STAGE0_COMPLEMENTARITY_AUDIT.md,report,c907d117a2a7393986e7f0363f6d6757cb9d3315e4bce1f68b5fda3461c4d002,15257,unknown,none,diagnostic-internal,default,none,unmapped,no,not-a-figure-or-table-float,yes
results/d13_score_fusion/stage0_validation_complementarity_audit/PROVENANCE.md,report,633d2a0eb6a3d16522f4857ec9454aa9429de5224aa8b620f8f7bb58dc5e4df7,6195,unknown,none,diagnostic-internal,default,none,unmapped,no,not-a-figure-or-table-float,yes
results/d13_score_fusion/stage0_validation_complementarity_audit/README.md,report,bac81a03a2ee633bde52d7fa40ceeb7282aa3f3e788dde164c293eb7bf72be85,3791,scripts/create_thesis_table_15_figure_15_paired_safety_state_transitions.py,literal,diagnostic-internal,default,none,unmapped,no,not-a-figure-or-table-float,yes
results/d13_score_fusion/stage0_validation_complementarity_audit/d13_stage0_bootstrap_summary.csv,csv,da2e0617376cb3dcf2d75467ee588f859a18662cbefce962c4147eb0f5854d3b,414,scripts/analysis/d13_stage0_complementarity_audit.py,literal,diagnostic-internal,default,none,unmapped,no,not-a-figure-or-table-float,yes
results/d13_score_fusion/stage0_validation_complementarity_audit/d13_stage0_fp_fn_breakdown.csv,csv,76822902af980577de8de10bf97750ac3f97be7cbffc40d43e436956395be2de,508,scripts/analysis/d13_stage0_complementarity_audit.py,literal,diagnostic-internal,default,none,unmapped,no,not-a-figure-or-table-float,yes
results/d13_score_fusion/stage0_validation_complementarity_audit/d13_stage0_fp_fn_sets.json,json,aa8c8cfcedf186d0f67d1b2922bfaec6d1d93b9d6da537f841a0666c66691f24,3931,scripts/analysis/d13_stage0_complementarity_audit.py,literal,diagnostic-internal,default,none,unmapped,no,not-a-figure-or-table-float,yes
results/d13_score_fusion/stage0_validation_complementarity_audit/d13_stage0_ledger_entry.md,report,f8547c106ce78625f7bb9c59776cc6a155e4a0c60bcd229a898d66f5c1dd2a60,2265,unknown,none,diagnostic-internal,default,none,unmapped,no,not-a-figure-or-table-float,yes
results/d13_score_fusion/stage0_validation_complementarity_audit/d13_stage0_model_metrics.csv,csv,56ebd51c8966b2d9fcffdab1525cf9151065ae5ed4404583e808c1b62b042a7c,601,scripts/analysis/d13_stage0_complementarity_audit.py,literal,diagnostic-internal,default,none,unmapped,no,not-a-figure-or-table-float,yes
results/d13_score_fusion/stage0_validation_complementarity_audit/d13_stage0_oracle_bounds.csv,csv,2fa6d3b4d7c54ce59b91e172e27d92f8eeac9293d121e6561051abab6b1e4492,331,scripts/analysis/d13_stage0_complementarity_audit.py,literal,diagnostic-internal,default,none,unmapped,no,not-a-figure-or-table-float,yes
results/d13_score_fusion/stage0_validation_complementarity_audit/d13_stage0_overlap_metrics.csv,csv,0ad3b73b56c1aec8a1d4248ef3ecf91562243fb44a85ee2d2b614e4847663a73,267,scripts/analysis/d13_stage0_complementarity_audit.py,literal,diagnostic-internal,default,none,unmapped,no,not-a-figure-or-table-float,yes
results/d13_score_fusion/stage0_validation_complementarity_audit/d13_stage0_p0_probe.csv,csv,6936ce53b3dc6bb2907f7ae86c873aa401b19ac9832ffe31a59d58a351b80503,435,scripts/analysis/d13_stage0_complementarity_audit.py,literal,diagnostic-internal,default,none,unmapped,no,not-a-figure-or-table-float,yes
results/d13_score_fusion/stage0_validation_complementarity_audit/d13_stage0_rank_correlations.csv,csv,53a9076e56c0951ca5c94b5aca829071055804d102c4c5d2642114ef7897b3ac,255,scripts/analysis/d13_stage0_complementarity_audit.py,literal,diagnostic-internal,default,none,unmapped,no,not-a-figure-or-table-float,yes
results/d13_score_fusion/stage0_validation_complementarity_audit/d13_stage0_transfer_matrix.csv,csv,dbdabcbc9ff71beeb15b54c37cae6c6ba79cef064caf43f4acd0bb7737fb2b12,773,scripts/analysis/d13_stage0_transfer_audit.py,literal,diagnostic-internal,default,none,unmapped,no,not-a-figure-or-table-float,yes
results/d13_score_fusion/stage0_validation_complementarity_audit/d13_stage0_transfer_validity_summary.json,json,f6418ee9370fff750daeff0d225bc12e5c86faed910a6808983980fa94001afd,1479,scripts/analysis/d13_stage0_transfer_audit.py,literal,diagnostic-internal,default,none,unmapped,no,not-a-figure-or-table-float,yes
results/d13_score_fusion/stage0_validation_complementarity_audit/d13_stage0_vote_patterns.csv,csv,d38bab9f6662f6793416631f95c297e2f97fb1273038b05207f0ff6b170a4a26,832,scripts/analysis/d13_stage0_complementarity_audit.py,literal,diagnostic-internal,default,none,unmapped,no,not-a-figure-or-table-float,yes
results/d14_partial_auc_low_far_ranking/D14_FAIL_VALIDATION_GATE.md,report,d2df756288a2ac4ec72163d42cb5736f7b59cc6017290b7c1f312f727e1190e9,1790,scripts/d14_partial_auc_low_far_ranking/evaluate_d14_validation_gate.py,literal,diagnostic-internal,default,none,unmapped,no,not-a-figure-or-table-float,yes
results/d14_partial_auc_low_far_ranking/D14_GATE_DECISION_ADDENDUM.md,report,73cb7b53fa46d57ff982805e3ed74096826a56eaa84325cb71d6a901c4db9e9f,2645,unknown,none,diagnostic-internal,default,none,unmapped,no,not-a-figure-or-table-float,yes
results/d14_partial_auc_low_far_ranking/D14_IMPLEMENTATION_NOTES.md,report,09de26d82be7aa4b80e86d87af9d7f367ffc7efd38631095787c5d35b3651515,10303,scripts/d14_partial_auc_low_far_ranking/d14_common.py,literal,diagnostic-internal,default,none,unmapped,no,not-a-figure-or-table-float,yes
results/d14_partial_auc_low_far_ranking/D14_PREFLIGHT_CHECK.md,report,567d83716211e5cdaf994092acfe0e88d329a856195a85667dfb370451d95b95,13580,scripts/d14_partial_auc_low_far_ranking/d14_common.py,literal,diagnostic-internal,default,none,unmapped,no,not-a-figure-or-table-float,yes
results/d14_partial_auc_low_far_ranking/D14_SEED42_HEALTH_REVIEW.md,report,f8fb04c0207086d9980af94c71340ac6e5c78fabf04e4b9325c4a5e037ed6a37,5590,unknown,none,diagnostic-internal,default,none,unmapped,no,not-a-figure-or-table-float,yes
results/d14_partial_auc_low_far_ranking/D14_SEED43_HEALTH_REVIEW.md,report,448be9058f94d2a2730262038142655787eac83b31b5e87a603a5c2e4832f028,6136,unknown,none,diagnostic-internal,default,none,unmapped,no,not-a-figure-or-table-float,yes
results/d14_partial_auc_low_far_ranking/D14_SEED44_HEALTH_REVIEW.md,report,a3dd712de197b181e5d2b1147757b3764818adde89982105c66a85e77937bc11,7047,unknown,none,diagnostic-internal,default,none,unmapped,no,not-a-figure-or-table-float,yes
results/d14_partial_auc_low_far_ranking/config_A/seed42/d14_config_A_seed42_metadata.json,metadata,d65dce475f5cc66e379b6417bc336d1a0c5a5387e0f2a28e9d66894ec4aa3a1d,2067,unknown,none,diagnostic-internal,default,none,unmapped,no,not-a-figure-or-table-float,yes
results/d14_partial_auc_low_far_ranking/config_A/seed42/training_logs/d14_config_A_seed42_training_log.csv,csv,6b114083eb61125a73024896e044060f3fdefd4294c601a2b6693d33bdcdc52b,4167,unknown,none,diagnostic-internal,default,none,unmapped,no,not-a-figure-or-table-float,yes
results/d14_partial_auc_low_far_ranking/config_A/seed43/d14_config_A_seed43_metadata.json,metadata,35b1f0ca7beea152f7ead74b7b546675c9e0cc53b0557d5f20159e0c40d450de,2067,unknown,none,diagnostic-internal,default,none,unmapped,no,not-a-figure-or-table-float,yes
results/d14_partial_auc_low_far_ranking/config_A/seed43/training_logs/d14_config_A_seed43_training_log.csv,csv,a8d909cca326b10c78860653a4112517edc5092d748ce25d726a8ffd431f7391,4167,unknown,none,diagnostic-internal,default,none,unmapped,no,not-a-figure-or-table-float,yes
results/d14_partial_auc_low_far_ranking/config_A/seed44/d14_config_A_seed44_metadata.json,metadata,2335df9c712c507aa9405410a66526b64e1c960d96bc2cd7fdf9b27ea20e129c,2067,unknown,none,diagnostic-internal,default,none,unmapped,no,not-a-figure-or-table-float,yes
results/d14_partial_auc_low_far_ranking/config_A/seed44/training_logs/d14_config_A_seed44_training_log.csv,csv,cfa19f5afcdd4ecc581cbe85d23a610ac745e5a64b206c4acb56b03180cc8ce7,4167,unknown,none,diagnostic-internal,default,none,unmapped,no,not-a-figure-or-table-float,yes
results/d14_partial_auc_low_far_ranking/config_B/seed42/d14_config_B_seed42_metadata.json,metadata,22c48ac27dc6f7ac125d992a627719e9441bb909dd89d8634d814e3e84652848,2065,unknown,none,diagnostic-internal,default,none,unmapped,no,not-a-figure-or-table-float,yes
results/d14_partial_auc_low_far_ranking/config_B/seed42/training_logs/d14_config_B_seed42_training_log.csv,csv,a0e628460715be0469e9eec6dd213b596d12fcfea7253b03e1272262e4847045,4167,unknown,none,diagnostic-internal,default,none,unmapped,no,not-a-figure-or-table-float,yes
results/d14_partial_auc_low_far_ranking/config_B/seed43/d14_config_B_seed43_metadata.json,metadata,1471b9387291f6753f8d9dbd835fe0d3666e1fea375d1a76a8fae1a13bd63aed,2064,unknown,none,diagnostic-internal,default,none,unmapped,no,not-a-figure-or-table-float,yes
results/d14_partial_auc_low_far_ranking/config_B/seed43/training_logs/d14_config_B_seed43_training_log.csv,csv,9652042b03c53e869488fd6bfad592ea873e40478a0a0e75038b06d73cbb1882,4166,unknown,none,diagnostic-internal,default,none,unmapped,no,not-a-figure-or-table-float,yes
results/d14_partial_auc_low_far_ranking/config_B/seed43/val_eval/d14_config_B_seed43_clean_probabilities_val_epsilon_0_03.csv,predictions,cb9b899246146eae7ae1ca0fef4d160b996b56101932d2c7911a464b173f8e99,93117,unknown,none,validation-only,path:val,val,unmapped,no,not-a-figure-or-table-float,yes
results/d14_partial_auc_low_far_ranking/config_B/seed43/val_eval/d14_config_B_seed43_fgsm_probabilities_val_epsilon_0_03.csv,predictions,34d11dee596755ecfc084450239fd4cf24c4147c92d6a9c86cdd1c1c67d61b64,92421,unknown,none,validation-only,path:val,val,unmapped,no,not-a-figure-or-table-float,yes
results/d14_partial_auc_low_far_ranking/config_B/seed43/val_eval/d14_config_B_seed43_pgd_probabilities_val_epsilon_0_03.csv,predictions,5190eeaeb4b94325e64df258d6a3c6fac62e34b5607aeb963d9872e942d991ff,91908,scripts/analysis/h15_e0_hard_window_inventory.py,literal,validation-only,path:val,val,unmapped,no,not-a-figure-or-table-float,yes
results/d14_partial_auc_low_far_ranking/config_B/seed44/d14_config_B_seed44_metadata.json,metadata,4c564309bd181e2eb3f148c4db1ee2937d88f5b5353c1b66183e00a9966f3b2c,2063,unknown,none,diagnostic-internal,default,none,unmapped,no,not-a-figure-or-table-float,yes
results/d14_partial_auc_low_far_ranking/config_B/seed44/training_logs/d14_config_B_seed44_training_log.csv,csv,43dd6a5eeb7d5206420f9d4d9c5dc7736e0a110e0b321266dc6aa896c15ae7b0,4166,unknown,none,diagnostic-internal,default,none,unmapped,no,not-a-figure-or-table-float,yes
results/d14_partial_auc_low_far_ranking/config_B/seed44/val_eval/d14_config_B_seed44_clean_probabilities_val_epsilon_0_03.csv,predictions,58d7dde51020cdeea0720795ff69426284957ab16beb61a3d05b5b2f8cf3e824,93129,unknown,none,validation-only,path:val,val,unmapped,no,not-a-figure-or-table-float,yes
results/d14_partial_auc_low_far_ranking/config_B/seed44/val_eval/d14_config_B_seed44_fgsm_probabilities_val_epsilon_0_03.csv,predictions,f874661ae9eee80549ff68afe0808217e501bc6da041d83c42033a303220dd24,92448,unknown,none,validation-only,path:val,val,unmapped,no,not-a-figure-or-table-float,yes
results/d14_partial_auc_low_far_ranking/config_B/seed44/val_eval/d14_config_B_seed44_pgd_probabilities_val_epsilon_0_03.csv,predictions,731358d213cb8bcd05756cce9ef97e8e7e1503741f28cf9be2bd98eeb861f3e7,91908,scripts/analysis/h15_e0_hard_window_inventory.py,literal,validation-only,path:val,val,unmapped,no,not-a-figure-or-table-float,yes
results/defended_fgsm_predictions_short_epsilon_0_03.csv,predictions,66e6bd373418d3c1724f025d861278ce63b7356dd66bfa6b0345c50b1781e42f,35886,scripts/create_thesis_table_15_figure_15_paired_safety_state_transitions.py,literal,diagnostic-internal,default,none,unmapped,no,not-a-figure-or-table-float,yes
results/defended_pgd_predictions_short_epsilon_0_03.csv,predictions,528c39fd5a3abb236e9753a14f51eecb6135b747151f3aadf46e365a7e13632e,36119,scripts/create_thesis_table_15_figure_15_paired_safety_state_transitions.py,literal,diagnostic-internal,default,none,unmapped,no,not-a-figure-or-table-float,yes
results/defended_predictions_short.csv,predictions,1be0a90fe7b490af623253bb41218e32a0498d21e5727d27baa2409a1524c56c,77740,scripts/compare_defended_vs_undefended_safety_metrics.py,literal,diagnostic-internal,default,none,unmapped,no,not-a-figure-or-table-float,yes
results/defended_safety_proxy_metrics.csv,csv,7550656c851882686c36ecaf4df42a769b63279f933e33b053aef88e425f77e4,884,scripts/compute_defended_safety_metrics.py,literal,diagnostic-internal,default,none,unmapped,no,not-a-figure-or-table-float,yes
results/defended_vs_undefended_safety_comparison.csv,csv,620807b01cd21ebfd820d4beaeaf5e427fb3e55db8f7deed36464cf6a2d58f12,1925,scripts/compare_defended_vs_undefended_safety_metrics.py,literal,diagnostic-internal,default,none,unmapped,no,not-a-figure-or-table-float,yes
results/defense_attempt_inventory/D10_D11_TRANSFER_FAILURE_DIAGNOSIS.md,report,621e5040be9e3c11a9968de3819528727586c40ad84d1d000c518f706360f606,19378,unknown,none,diagnostic-internal,default,none,unmapped,no,not-a-figure-or-table-float,no
results/defense_attempt_inventory/H15_E0_HARD_WINDOW_INVENTORY.md,report,fc93158a12379e8cef252b14d21965b54638c802b04a7930d2475f6e96e6fcf0,12928,unknown,none,diagnostic-internal,default,none,unmapped,no,not-a-figure-or-table-float,yes
results/defense_attempt_inventory/H15_FROZEN_TEST_DECISION_MEMO.md,report,76671eb0555babba452fa155b1ec1d039a63f34d28381199f831c020726e3d5a,10758,scripts/automation/test_scan_artifacts.py,literal,diagnostic-internal,default,none,unmapped,no,not-a-figure-or-table-float,yes
results/defense_attempt_inventory/H15_PHASED_EXPERIMENT_ROADMAP.md,report,59ffacc42970cf4f31733facdc3d82d4e788d7af6245c053db34d16d52f29e76,29412,unknown,none,diagnostic-internal,default,none,unmapped,no,not-a-figure-or-table-float,yes
results/defense_attempt_inventory/PGD_EPSILON_FRONTIER_SWEEP_STATUS.md,report,3c732761474af4263755dfc991383db94f40a1f2b707af028fdff36ca5a385e9,4738,unknown,none,diagnostic-internal,default,none,unmapped,no,not-a-figure-or-table-float,yes
results/defense_attempt_inventory/PGD_EPSILON_RECALL_FAR_FRONTIER_PLAN.md,report,0a1811e54ce5402555e493e0c68387fcc73ef2550fb654da950c7e606e36b4bf,10539,unknown,none,diagnostic-internal,default,none,unmapped,no,not-a-figure-or-table-float,yes
results/defense_attempt_inventory/d10_d11_transfer_diagnostics/diag_class_source_breakdown.csv,csv,ffd0704ae6f196e723cafdd14a8b6e3615a10f4e13e8cf518970eec16e56e97f,3293,scripts/analysis/d10_d11_transfer_failure_diagnosis.py,literal,diagnostic-internal,default,none,unmapped,no,not-a-figure-or-table-float,no
results/defense_attempt_inventory/d10_d11_transfer_diagnostics/diag_f20_feasibility_on_test.csv,csv,c6442ddbf9fa63abc0d3aa0b3e2d48b5c82e28a35e40f7cf2899068c6e9be459,399,scripts/analysis/d10_d11_transfer_failure_diagnosis.py,literal,diagnostic-internal,default,none,unmapped,no,not-a-figure-or-table-float,no
results/defense_attempt_inventory/d10_d11_transfer_diagnostics/diag_fn_fp_distance_from_frozen_tau.csv,csv,3bcbd23e28e3301b6804a3c3557718962c5a8d39b9636324701fcf37daa4e9c3,617,scripts/analysis/d10_d11_transfer_failure_diagnosis.py,literal,diagnostic-internal,default,none,unmapped,no,not-a-figure-or-table-float,no
results/defense_attempt_inventory/d10_d11_transfer_diagnostics/diag_ks_val_vs_test.csv,csv,c46ebb33dac456a94e9ab8b54549e78694a6103af898870a4d99708c437e4c72,209,scripts/analysis/d10_d11_transfer_failure_diagnosis.py,literal,validation-only,path:val,val,unmapped,no,not-a-figure-or-table-float,no
results/defense_attempt_inventory/d10_d11_transfer_diagnostics/diag_recall_at_far_caps.csv,csv,99ce14b7970f40e1ed8fc870950f35b7d42aa19004cd2223063bdb3c06d090eb,2565,scripts/analysis/d10_d11_transfer_failure_diagnosis.py,literal,diagnostic-internal,default,none,unmapped,no,not-a-figure-or-table-float,no
results/defense_attempt_inventory/d10_d11_transfer_diagnostics/diag_recall_drop_decomposition.csv,csv,da60227b5781d3923761feca98876954c93b493cc1a4606b2ba47e121c159545,306,scripts/analysis/d10_d11_transfer_failure_diagnosis.py,literal,diagnostic-internal,default,none,unmapped,no,not-a-figure-or-table-float,no
results/defense_attempt_inventory/d10_d11_transfer_diagnostics/diag_score_quantiles_val_vs_test.csv,csv,8db0f1f4f2ae239494ef53b7c35fed11c841105e64e3ddfe34ca51a617799191,1249,scripts/analysis/d10_d11_transfer_failure_diagnosis.py,literal,validation-only,path:val,val,unmapped,no,not-a-figure-or-table-float,no
results/defense_attempt_inventory/d10_d11_transfer_diagnostics/diag_threshold_sensitivity_far020.csv,csv,5ea3537227434b84ac524a46e81eed36641e8d1cac51c470f90e0ea32f0f9952,894,scripts/analysis/d10_d11_transfer_failure_diagnosis.py,literal,diagnostic-internal,default,none,unmapped,no,not-a-figure-or-table-float,no
results/defense_attempt_inventory/d10_d11_transfer_diagnostics/fall_vs_nonfall_test_score_distributions.png,figure,88720f1b0a6aed2e95b78d23bf1ec6141098819b49b3acee761739ddfb5b9cac,86836,scripts/analysis/d10_d11_transfer_failure_diagnosis.py,literal,diagnostic-internal,default,none,unmapped,no,generator-not-committed;artifact-not-committed;evidence-not-admissible;claim-not-approved,no
results/defense_attempt_inventory/d10_d11_transfer_diagnostics/key_numbers.json,json,55a6becebbb3b81ed87795853e81ca0ca7ca7909ad78759ab9f25f0e7b3d26d1,23241,scripts/analysis/d10_d11_transfer_failure_diagnosis.py,literal,diagnostic-internal,default,none,unmapped,no,not-a-figure-or-table-float,no
results/defense_attempt_inventory/d10_d11_transfer_diagnostics/nonfall_upper_tail_by_source_class.png,figure,ac32f2cb26b0db69462b8e2c295e09ac606e95f04f617dca10b9ff6df41645c9,189071,scripts/analysis/d10_d11_transfer_failure_diagnosis.py,literal,diagnostic-internal,default,none,unmapped,no,generator-not-committed;artifact-not-committed;evidence-not-admissible;claim-not-approved,no
results/defense_attempt_inventory/d10_d11_transfer_diagnostics/tp_fp_vs_threshold_near_far020.png,figure,85d2b7c4d8f0efd485cd31fcf1083fada9394d795d64adf96234ec7a6754dc96,141883,scripts/analysis/d10_d11_transfer_failure_diagnosis.py,literal,diagnostic-internal,default,none,unmapped,no,generator-not-committed;artifact-not-committed;evidence-not-admissible;claim-not-approved,no
results/defense_attempt_inventory/d10_d11_transfer_diagnostics/val_vs_test_score_ecdf.png,figure,7db8ad16f28138ea59746bce32b879024466666f1a15242fa46181bc06b3eb44,124405,scripts/analysis/d10_d11_transfer_failure_diagnosis.py,literal,diagnostic-internal,default,none,unmapped,no,generator-not-committed;artifact-not-committed;evidence-not-admissible;claim-not-approved,no
results/defense_attempt_inventory/d1_d12_confusion_decomposition.pdf,figure,e89fbb6f621cb015af63c56bae4bbedd9cf14382e7af8edf12a8afc423d0bfc9,24543,scripts/analysis/plot_d1_d12_recall_far.py,literal,diagnostic-internal,default,none,unmapped,no,generator-not-committed;artifact-not-committed;evidence-not-admissible;claim-not-approved,no
results/defense_attempt_inventory/d1_d12_confusion_decomposition.png,figure,0b04af42ebe5d89b99ef5c668b000f1e6178ec309007fa1dd3708e223667c48d,532308,scripts/analysis/plot_d1_d12_recall_far.py,literal,diagnostic-internal,default,none,unmapped,no,generator-not-committed;artifact-not-committed;evidence-not-admissible;claim-not-approved,no
results/defense_attempt_inventory/d1_d12_confusion_decomposition_summary.md,report,8440ce1a7a76eeb04e9d27e422d33f39d9e786c04f3ea312d502f45d7c0d97fa,6344,scripts/analysis/plot_d1_d12_recall_far.py,literal,diagnostic-internal,default,none,unmapped,no,not-a-figure-or-table-float,no
results/defense_attempt_inventory/d1_d12_confusion_plot_data.csv,csv,66cdf2e56e26f7ab7d1558a419fa9a0e480eb84e424b48f73922f5d47ce0e72f,8259,scripts/analysis/plot_d1_d12_recall_far.py,literal,diagnostic-internal,default,none,unmapped,no,not-a-figure-or-table-float,no
results/defense_attempt_inventory/d1_d12_recall_far_plot_data.csv,csv,169233481b6e85c6c47abeb8468fba360c5f98736343d3e81a72f4bcfdd4f4cb,8693,scripts/analysis/plot_d1_d12_recall_far.py,literal,diagnostic-internal,default,none,unmapped,no,not-a-figure-or-table-float,no
results/defense_attempt_inventory/d1_d12_recall_vs_far.pdf,figure,77b42703e9d1ea4102cb334841b2140fc97716dd35b17dfbad1475ed564d836b,26207,unknown,none,diagnostic-internal,default,none,unmapped,no,generator-unknown;artifact-not-committed;evidence-not-admissible;claim-not-approved,no
results/defense_attempt_inventory/d1_d12_recall_vs_far.png,figure,e2a7ec39077509ade13c220912b33aabe935e93409c421427b1a7611d7f68460,261225,unknown,none,diagnostic-internal,default,none,unmapped,no,generator-unknown;artifact-not-committed;evidence-not-admissible;claim-not-approved,no
results/defense_attempt_inventory/d1_d12_recall_vs_far_compact.pdf,figure,55738a3bb18a13c8965ed9d2bd6bba44cc6e091fa50ba6cda069efca5e06b2cf,26105,scripts/analysis/plot_d1_d12_recall_far.py,literal,diagnostic-internal,default,none,unmapped,no,generator-not-committed;artifact-not-committed;evidence-not-admissible;claim-not-approved,no
results/defense_attempt_inventory/d1_d12_recall_vs_far_compact.png,figure,991c3aabde35df3896c251caaa70bb2409c999c3092016a7c8d927a128157565,202224,scripts/analysis/plot_d1_d12_recall_far.py,literal,diagnostic-internal,default,none,unmapped,no,generator-not-committed;artifact-not-committed;evidence-not-admissible;claim-not-approved,no
results/defense_attempt_inventory/d1_d12_recall_vs_far_full.pdf,figure,0e69dfbcb2b5c7a1051045ac986dfa4b84de097d5c8e4b3c3dd1730d63a10140,26340,scripts/analysis/plot_d1_d12_recall_far.py,literal,diagnostic-internal,default,none,unmapped,no,generator-not-committed;artifact-not-committed;evidence-not-admissible;claim-not-approved,no
results/defense_attempt_inventory/d1_d12_recall_vs_far_full.png,figure,2cc92ea4e0c04b44f7bf8af67b54e950c6d707f61fd53ffcc466a84fc730f8cb,249401,scripts/analysis/plot_d1_d12_recall_far.py,literal,diagnostic-internal,default,none,unmapped,no,generator-not-committed;artifact-not-committed;evidence-not-admissible;claim-not-approved,no
results/defense_attempt_inventory/d1_d12_recall_vs_far_midzoom.pdf,figure,2d9bd3ba1b007bf313a1daf63396285bc26b718a8a43fdee863a45470154b801,23317,scripts/analysis/plot_d1_d12_recall_far.py,literal,diagnostic-internal,default,none,unmapped,no,generator-not-committed;artifact-not-committed;evidence-not-admissible;claim-not-approved,no
results/defense_attempt_inventory/d1_d12_recall_vs_far_midzoom.png,figure,79e71237eb10d192757608658ddb410c6a0ed9c696f40b9f66a77e3200de61f9,153069,scripts/analysis/plot_d1_d12_recall_far.py,literal,diagnostic-internal,default,none,unmapped,no,generator-not-committed;artifact-not-committed;evidence-not-admissible;claim-not-approved,no
results/defense_attempt_inventory/d1_d12_recall_vs_far_summary.md,report,8b373249a95e2dd345017383b3d3faa109ba41ee556927a9130bcb3e768ccfd5,7812,scripts/analysis/plot_d1_d12_recall_far.py,literal,diagnostic-internal,default,none,unmapped,no,not-a-figure-or-table-float,no
results/defense_attempt_inventory/d1_d12_recall_vs_far_zoom.pdf,figure,abd3fd0281c2cb378b07bf060013a13401fe7c4f474965514061845f714c28e1,19471,scripts/analysis/plot_d1_d12_recall_far.py,literal,diagnostic-internal,default,none,unmapped,no,generator-not-committed;artifact-not-committed;evidence-not-admissible;claim-not-approved,no
results/defense_attempt_inventory/d1_d12_recall_vs_far_zoom.png,figure,d65b4d41f3fdc06f1ef7ee2be07300ca8ef0e549a597584b0d74713f5261f7a8,142371,scripts/analysis/plot_d1_d12_recall_far.py,literal,diagnostic-internal,default,none,unmapped,no,generator-not-committed;artifact-not-committed;evidence-not-admissible;claim-not-approved,no
results/defense_attempt_inventory/d1_d12_target_gap_quadrant.pdf,figure,0b866ad72015c1f9dcf6d33d9abdd6f4a7127138c0b27da0a0a2a190f8830ac5,28421,scripts/analysis/plot_d1_d12_recall_far.py,literal,diagnostic-internal,default,none,unmapped,no,generator-not-committed;artifact-not-committed;evidence-not-admissible;claim-not-approved,no
results/defense_attempt_inventory/d1_d12_target_gap_quadrant.png,figure,a129770f44b091f9380fcd280a6ccea38e434d8266b2aa5f132274c078fb579e,219603,scripts/analysis/plot_d1_d12_recall_far.py,literal,diagnostic-internal,default,none,unmapped,no,generator-not-committed;artifact-not-committed;evidence-not-admissible;claim-not-approved,no
results/defense_attempt_inventory/d1_d12_tp_fp_plot_data.csv,csv,352eb48439eea41366ab499bee77144fb255f04b99836238fab692f1976d03fc,8102,scripts/analysis/plot_d1_d12_recall_far.py,literal,diagnostic-internal,default,none,unmapped,no,not-a-figure-or-table-float,no
results/defense_attempt_inventory/d1_d12_tp_vs_fp.pdf,figure,ed55d75cd7f1be2da2d2c81acab3b528b40c467c943737edb0c7ae07519dec43,27122,scripts/analysis/plot_d1_d12_recall_far.py,literal,diagnostic-internal,default,none,unmapped,no,generator-not-committed;artifact-not-committed;evidence-not-admissible;claim-not-approved,no
results/defense_attempt_inventory/d1_d12_tp_vs_fp.png,figure,63341de847e7b58016a51088fa7f0d177c4fae862b7938177c47ddd432f64e38,250115,scripts/analysis/plot_d1_d12_recall_far.py,literal,diagnostic-internal,default,none,unmapped,no,generator-not-committed;artifact-not-committed;evidence-not-admissible;claim-not-approved,no
results/defense_attempt_inventory/d1_d12_tp_vs_fp_compact.pdf,figure,503ca1d0f21edde7b91415f68fc03ba60d32a7a6668732c0dfc241b861aaf190,26808,scripts/analysis/plot_d1_d12_recall_far.py,literal,diagnostic-internal,default,none,unmapped,no,generator-not-committed;artifact-not-committed;evidence-not-admissible;claim-not-approved,no
results/defense_attempt_inventory/d1_d12_tp_vs_fp_compact.png,figure,1e382766ade8834696635a46b21463e8f71495fd8ffd35832b414a1d7fe75dc8,210474,scripts/analysis/plot_d1_d12_recall_far.py,literal,diagnostic-internal,default,none,unmapped,no,generator-not-committed;artifact-not-committed;evidence-not-admissible;claim-not-approved,no
results/defense_attempt_inventory/d1_d12_tp_vs_fp_summary.md,report,3d3d0847c84178cf8699e2722e68872ff9d174f8485e6d374e7fc5678219c56e,5732,scripts/analysis/plot_d1_d12_recall_far.py,literal,diagnostic-internal,default,none,unmapped,no,not-a-figure-or-table-float,no
results/defense_attempt_inventory/defense_attempt_artifact_inventory.md,report,905c4df5f2a2bd0fcc76250d47617f4aaa3dde5437d558d6b6d32dfb7e443f3f,274314,scripts/analysis/build_defense_attempt_inventory.py,literal,diagnostic-internal,default,none,unmapped,no,not-a-figure-or-table-float,no
results/defense_attempt_inventory/defense_attempt_results_long.csv,ledger,d08afc360f8f40c9dfcd1a355453c35dc74f7165094890f37326a0d06fe42e13,2118124,scripts/analysis/build_defense_attempt_inventory.py,literal,diagnostic-internal,default,none,unmapped,no,not-a-figure-or-table-float,no
results/defense_attempt_inventory/defense_attempt_results_summary.md,report,eea87f6751c3b1ab24ed2a4d4a920f57c3fcbbe30aa10378f3771693457bfcf3,8610,scripts/analysis/build_defense_attempt_inventory.py,literal,diagnostic-internal,default,none,unmapped,no,not-a-figure-or-table-float,no
results/defense_attempt_inventory/defense_attempt_results_summary.tex,table_tex,ecf4a602c4b26b35b49c86eb57e094900139902721d68e2139ddce164e58c674,2604,scripts/analysis/build_defense_attempt_inventory.py,literal,diagnostic-internal,default,none,unmapped,no,generator-not-committed;artifact-not-committed;evidence-not-admissible;claim-not-approved,no
results/defense_attempt_inventory/h15_e0_hard_window_inventory/class_source_hard_negative_summary.csv,csv,2216c38e4dcb11d06492818f320d209a9838e3458a3e9eff83d6007cbd91f9df,1162,scripts/analysis/h15_e0_hard_window_inventory.py,literal,diagnostic-internal,default,none,unmapped,no,not-a-figure-or-table-float,yes
results/defense_attempt_inventory/h15_e0_hard_window_inventory/cross_model_hard_window_overlap.csv,csv,9898bf25289dc2358b9f5d2b8f8810ddad79a9ac0522ff240f0e6e92bdb04a7c,43210,scripts/analysis/h15_e0_hard_window_inventory.py,literal,diagnostic-internal,default,none,unmapped,no,not-a-figure-or-table-float,yes
results/defense_attempt_inventory/h15_e0_hard_window_inventory/h15_e0_key_numbers.json,json,0d3fb71d646314ed1618befb33b44cfe9d42f752f49c99754a1d41bcf53d386e,9392,scripts/analysis/h15_e0_hard_window_inventory.py,literal,diagnostic-internal,default,none,unmapped,no,not-a-figure-or-table-float,yes
results/defense_attempt_inventory/h15_e0_hard_window_inventory/hard_fall_overlap_heatmap.png,figure,7e812fa121d9ee180f2d4a5c46d9abf06781ba86bf01b84a445eba93f865bf2d,144534,scripts/analysis/h15_e0_hard_window_inventory.py,literal,diagnostic-internal,default,none,unmapped,no,evidence-not-admissible;claim-not-approved,yes
results/defense_attempt_inventory/h15_e0_hard_window_inventory/hard_fall_windows_by_model.csv,csv,e87003c6243153c1b77153f3cfead8c6e28be1854953775d9d421f6dd0b29409,49799,scripts/analysis/h15_e0_hard_window_inventory.py,literal,diagnostic-internal,default,none,unmapped,no,not-a-figure-or-table-float,yes
results/defense_attempt_inventory/h15_e0_hard_window_inventory/hard_negative_class_source_bar.png,figure,0b5b51d19c737da43cfb46beeeb2949df679e8fc432d4777e3b4f51e9484c0b3,46293,scripts/analysis/h15_e0_hard_window_inventory.py,literal,diagnostic-internal,default,none,unmapped,no,evidence-not-admissible;claim-not-approved,yes
results/defense_attempt_inventory/h15_e0_hard_window_inventory/hard_nonfall_overlap_heatmap.png,figure,3357c8ab246735707ab12163263aad5bf83923c041a0b42dfce5754a14e04dca,116988,scripts/analysis/h15_e0_hard_window_inventory.py,literal,diagnostic-internal,default,none,unmapped,no,evidence-not-admissible;claim-not-approved,yes
results/defense_attempt_inventory/h15_e0_hard_window_inventory/hard_nonfall_windows_by_model.csv,csv,74474b1df0221d5d264c908c2a6f2dd7e618c64aa0ff4ede51f0355e877581f8,81812,scripts/analysis/h15_e0_hard_window_inventory.py,literal,diagnostic-internal,default,none,unmapped,no,not-a-figure-or-table-float,yes
results/defense_attempt_inventory/h15_e0_hard_window_inventory/per_model_fall_rescue_fraction.csv,csv,fcd17f6d8470a02a4350de728417e78600c425ad94cc763bd16fda229e3c93d2,281,scripts/analysis/h15_e0_hard_window_inventory.py,literal,diagnostic-internal,default,none,unmapped,no,not-a-figure-or-table-float,yes
results/defense_attempt_inventory/h15_e0_hard_window_inventory/per_model_operating_points.csv,csv,193d0041f958ed63cd14815c0253e77c77444145df11f9218e9664d3b2c87621,6069,scripts/analysis/h15_e0_hard_window_inventory.py,literal,diagnostic-internal,default,none,unmapped,no,not-a-figure-or-table-float,yes
results/defense_attempt_inventory/h15_e0_hard_window_inventory/union_oracle_vs_best_single.png,figure,938ff2a517805f022fcf28ee85a018dfe60877ccdf04aa87181c9d7e16573134,82591,scripts/analysis/h15_e0_hard_window_inventory.py,literal,diagnostic-internal,default,none,unmapped,no,evidence-not-admissible;claim-not-approved,yes
results/defense_attempt_inventory/h15_e0_hard_window_inventory/val_recall_vs_far_by_model.png,figure,5df49941f385f850523c67a7d2aedaf3e7e8ccc2812bd3712912a50df5a29174,152384,scripts/analysis/h15_e0_hard_window_inventory.py,literal,diagnostic-internal,default,none,unmapped,no,evidence-not-admissible;claim-not-approved,yes
results/defense_attempt_inventory/h15_e0_hard_window_inventory/validation_union_oracle_summary.csv,csv,b336bdf2a9e9b26c3f69ed93fc288b579c8a106307cfeb71f191bc32dce6ce37,2924,scripts/analysis/h15_e0_hard_window_inventory.py,literal,diagnostic-internal,default,none,unmapped,no,not-a-figure-or-table-float,yes
results/defense_attempt_inventory/missing_metrics_todo.md,report,7602b5687d34e9b4d21c19f515e67f239f413504d1af88959834a6f1bf5cc1f2,1369,scripts/analysis/build_defense_attempt_inventory.py,literal,diagnostic-internal,default,none,unmapped,no,not-a-figure-or-table-float,no
results/defense_attempt_inventory/pgd_epsilon_frontier/AUTHORIZATION_REQUIRED_BEFORE_TEST.md,report,4ccf35b910258143cac9c03c58d3056811dd2374117b35cb4ca47fbeca66bd6e,2250,unknown,none,diagnostic-internal,default,none,unmapped,no,not-a-figure-or-table-float,yes
results/defense_attempt_inventory/pgd_epsilon_frontier/FROZEN_H15_TEST_PROTOCOL_EPS0015_AFAC.md,protocol,7a2d6bac01e9701aabe1235de46cbba6d15d7eca0f734de2c9701f1508447a4f,5686,unknown,none,diagnostic-internal,default,none,unmapped,no,not-a-figure-or-table-float,yes
results/defense_attempt_inventory/pgd_epsilon_frontier/UNDEFENDED_VS_AFAC_EPS0015_COMPARISON.md,report,8c4955e9342a01d2e7593d42464f1c720dbfee09fc0c709be6536429f16eefaa,6184,unknown,none,diagnostic-internal,default,none,unmapped,no,not-a-figure-or-table-float,yes
results/defense_attempt_inventory/pgd_epsilon_frontier/auroc_vs_epsilon.png,figure,998224cd34ee9dd01ffebd04ab7936e37e38751a6987412f02b679db9277c2d5,219752,scripts/analysis/pgd_epsilon_frontier_plan.py,literal,diagnostic-internal,default,none,unmapped,no,evidence-not-admissible;claim-not-approved,yes
results/defense_attempt_inventory/pgd_epsilon_frontier/epsilon_frontier_by_model.csv,csv,ab66688e044e143872394e538fb0e977663d267b50b3fafacd4e6214a920a6ba,8288,scripts/analysis/pgd_epsilon_frontier_plan.py,literal,diagnostic-internal,default,none,unmapped,no,not-a-figure-or-table-float,yes
results/defense_attempt_inventory/pgd_epsilon_frontier/epsilon_target_boundary.csv,csv,c24deba5cb3800c71887cb0a591fb82525f3d034ddf9e9b873cca1ea6098b3de,3915,scripts/analysis/pgd_epsilon_frontier_plan.py,literal,diagnostic-internal,default,none,unmapped,no,not-a-figure-or-table-float,yes
results/defense_attempt_inventory/pgd_epsilon_frontier/frontier_key_numbers.json,json,0b6a43e9b5f2d74ec3e81d57316e36a72dfd446f2279925423ee04ab4f4a8352,1341,scripts/analysis/pgd_epsilon_frontier_plan.py,literal,diagnostic-internal,default,none,unmapped,no,not-a-figure-or-table-float,yes
results/defense_attempt_inventory/pgd_epsilon_frontier/frozen_h15_test_protocol_eps0015_afac.json,protocol,dce11c9d002a7c10e6300d9a2d0bdf6509bcf75c91d099a368c7ac21f5fce485,3332,unknown,none,diagnostic-internal,default,none,unmapped,no,not-a-figure-or-table-float,yes
results/defense_attempt_inventory/pgd_epsilon_frontier/frozen_test_read/AFAC_maxscore_eps0015_TESTREAD_clean_probabilities_test_epsilon_0_015.csv,predictions,8356a693ca1b6bd9a611834e8bb2cb58df1349a60a584073a436ed7ed2c75fb3,93969,unknown,none,frozen-test,frozen-protocol-allowlist,test,thesis-safe,no,not-a-figure-or-table-float,yes
results/defense_attempt_inventory/pgd_epsilon_frontier/frozen_test_read/AFAC_maxscore_eps0015_TESTREAD_fgsm_probabilities_test_epsilon_0_015.csv,predictions,b460896830ef7dcb07ff2e7436ebdca0b62817ce482aaea848c9d62f0b324d09,93461,unknown,none,frozen-test,frozen-protocol-allowlist,test,thesis-safe,no,not-a-figure-or-table-float,yes
results/defense_attempt_inventory/pgd_epsilon_frontier/frozen_test_read/AFAC_maxscore_eps0015_TESTREAD_pgd_probabilities_test_epsilon_0_015.csv,predictions,4288514f5e3983258793133813b9e796990c06fbc56934ec979c2e7003dace45,92950,scripts/automation/test_scan_artifacts.py,literal,frozen-test,frozen-protocol-allowlist,test,thesis-safe,no,not-a-figure-or-table-float,yes
results/defense_attempt_inventory/pgd_epsilon_frontier/frozen_test_read/FROZEN_H15_TEST_RESULT.md,report,ad9f234816dba40b091f87ecd30440b5517b6c0453e8efbbb347bdafb4f28724,3815,scripts/automation/test_scan_artifacts.py,literal,frozen-test,frozen-protocol-allowlist,test,thesis-safe,no,not-a-figure-or-table-float,yes
results/defense_attempt_inventory/pgd_epsilon_frontier/frozen_test_read/frozen_h15_test_confusion.csv,csv,1eb340ee0ca7143ced8a400ed1e06219b17f0504f6f75259007ab0ee284c0024,182,unknown,none,frozen-test,frozen-protocol-allowlist,test,thesis-safe,no,not-a-figure-or-table-float,yes
results/defense_attempt_inventory/pgd_epsilon_frontier/h15_frozen_test_gate_numbers_eps0015.csv,csv,bdffd0ecca5fa95f4b4e30231d6fef4d47a245a30e1dd407f1d5128e28f0bf0a,620,unknown,none,diagnostic-internal,default,none,unmapped,no,not-a-figure-or-table-float,yes
results/defense_attempt_inventory/pgd_epsilon_frontier/missing_epsilon_artifacts.csv,csv,873acb3fb5c230d46e8ed763d6b44dab0c4424042a46448629d221f50178b193,2007,scripts/analysis/pgd_epsilon_frontier_plan.py,literal,diagnostic-internal,default,none,unmapped,no,not-a-figure-or-table-float,yes
results/defense_attempt_inventory/pgd_epsilon_frontier/recall_vs_epsilon_far10.png,figure,40b67fbd328085aa751d4b2fcc720910b91cf9d63840d9ee67f9e50df71f2010,257889,unknown,none,diagnostic-internal,default,none,unmapped,no,generator-unknown;evidence-not-admissible;claim-not-approved,yes
results/defense_attempt_inventory/pgd_epsilon_frontier/recall_vs_epsilon_far15.png,figure,c9c004b002f464841abdc0eafeeb5b3b55140873f23110693886b71335f31785,242399,unknown,none,diagnostic-internal,default,none,unmapped,no,generator-unknown;evidence-not-admissible;claim-not-approved,yes
results/defense_attempt_inventory/pgd_epsilon_frontier/recall_vs_epsilon_far20.png,figure,a1178610caec6613f633178cf391681d2d6fd529c4751ebdd3118202f291f64c,212480,unknown,none,diagnostic-internal,default,none,unmapped,no,generator-unknown;evidence-not-admissible;claim-not-approved,yes
results/defense_attempt_inventory/pgd_epsilon_frontier/target_boundary_plot.png,figure,6f429f982b0254ff9dbd21242aa9b3556cc26d14453bbc25d97f2fcaa7adcc40,90595,scripts/analysis/pgd_epsilon_frontier_plan.py,literal,diagnostic-internal,default,none,unmapped,no,evidence-not-admissible;claim-not-approved,yes
results/defense_attempt_inventory/pgd_epsilon_frontier/undefended_vs_afac_eps0015_comparison.csv,csv,2dc56f7d9a77d64274371a4a28573c1d14c53e2a3b6df1dfbbcc3454e5be891c,1256,unknown,none,diagnostic-internal,default,none,unmapped,no,not-a-figure-or-table-float,yes
results/defense_attempt_inventory/pgd_epsilon_frontier/val_sweep/eps0015/AFAC_maxscore_eps0015_clean_probabilities_val_epsilon_0_015.csv,predictions,280ad801cfa0e56418d446a6234ce90e90b3616e9d9d8019252ea08c29e7ac54,93239,unknown,none,validation-only,path:val,val,unmapped,no,not-a-figure-or-table-float,yes
results/defense_attempt_inventory/pgd_epsilon_frontier/val_sweep/eps0015/AFAC_maxscore_eps0015_fgsm_probabilities_val_epsilon_0_015.csv,predictions,8e2f7e88653d3cf0c4767d6bd2291f5ca89a1c3318ad06f0d260b59e858b90f5,92689,unknown,none,validation-only,path:val,val,unmapped,no,not-a-figure-or-table-float,yes
results/defense_attempt_inventory/pgd_epsilon_frontier/val_sweep/eps0015/AFAC_maxscore_eps0015_pgd_probabilities_val_epsilon_0_015.csv,predictions,13a6012bbb77c93ff9f20d3202a939da073dd47c0bec91d309d28a25b66d3721,92174,scripts/automation/test_scan_artifacts.py,literal,validation-only,path:val,val,unmapped,no,not-a-figure-or-table-float,yes
results/defense_attempt_inventory/pgd_epsilon_frontier/val_sweep/eps0015/D14B_seed44_eps0015_clean_probabilities_val_epsilon_0_015.csv,predictions,58d7dde51020cdeea0720795ff69426284957ab16beb61a3d05b5b2f8cf3e824,93129,unknown,none,validation-only,path:val,val,unmapped,no,not-a-figure-or-table-float,yes
results/defense_attempt_inventory/pgd_epsilon_frontier/val_sweep/eps0015/D14B_seed44_eps0015_fgsm_probabilities_val_epsilon_0_015.csv,predictions,62b07acb1b4aa4a365d6f6d8bc10c4531247add6113967ebe91f82829c14af99,92518,unknown,none,validation-only,path:val,val,unmapped,no,not-a-figure-or-table-float,yes
results/defense_attempt_inventory/pgd_epsilon_frontier/val_sweep/eps0015/D14B_seed44_eps0015_pgd_probabilities_val_epsilon_0_015.csv,predictions,bbf75df3df4a504d6113902702edf629273396ea40e809cf63c58b7abad4fa83,92013,unknown,none,validation-only,path:val,val,unmapped,no,not-a-figure-or-table-float,yes
results/defense_attempt_inventory/pgd_epsilon_frontier/val_sweep/eps0015/GR1_macroF1_eps0015_clean_probabilities_val_epsilon_0_015.csv,predictions,8d04a056b1498dcdec5f9c1d5cf55c9e49ae8cc2f8ed97e7d59d65319efffc45,93276,unknown,none,validation-only,path:val,val,unmapped,no,not-a-figure-or-table-float,yes
results/defense_attempt_inventory/pgd_epsilon_frontier/val_sweep/eps0015/GR1_macroF1_eps0015_fgsm_probabilities_val_epsilon_0_015.csv,predictions,1bd0ae7d9d07ca18be8a86643f5a83d8ec6e5aaf02677ba7d8a4fbe4a548710e,92710,unknown,none,validation-only,path:val,val,unmapped,no,not-a-figure-or-table-float,yes
results/defense_attempt_inventory/pgd_epsilon_frontier/val_sweep/eps0015/GR1_macroF1_eps0015_pgd_probabilities_val_epsilon_0_015.csv,predictions,cfebd6f801637ca8d0d013cebdc445c96e0973915e33e3dbd5b64f5a4cb2c540,92183,unknown,none,validation-only,path:val,val,unmapped,no,not-a-figure-or-table-float,yes
results/defense_attempt_inventory/pgd_epsilon_frontier/val_sweep/eps0015/SA1_lowFA_eps0015_clean_probabilities_val_epsilon_0_015.csv,predictions,0f2b455694bac5eace0ea3dd4086ca5794f2ad20abf6284e5434ac47e703d98c,93217,unknown,none,validation-only,path:val,val,unmapped,no,not-a-figure-or-table-float,yes
results/defense_attempt_inventory/pgd_epsilon_frontier/val_sweep/eps0015/SA1_lowFA_eps0015_fgsm_probabilities_val_epsilon_0_015.csv,predictions,1ca0661ba9b573ad73d962b69a6fe22ed77d18320a1dfaf24ca01a7f284c0909,92605,unknown,none,validation-only,path:val,val,unmapped,no,not-a-figure-or-table-float,yes
results/defense_attempt_inventory/pgd_epsilon_frontier/val_sweep/eps0015/SA1_lowFA_eps0015_pgd_probabilities_val_epsilon_0_015.csv,predictions,2cd6b5ae3ab935bad7bb7facb3f4fe297e75c3d91ebd320ba1e0f0ee555429f0,92156,unknown,none,validation-only,path:val,val,unmapped,no,not-a-figure-or-table-float,yes
results/defense_attempt_inventory/pgd_epsilon_frontier/val_sweep/eps0015/ST1b6_lowFA_eps0015_clean_probabilities_val_epsilon_0_015.csv,predictions,8e1229a2be338d9057dd84e55bbd94005b5c1483d7cc768addc7713935fd1cc7,93144,unknown,none,validation-only,path:val,val,unmapped,no,not-a-figure-or-table-float,yes
results/defense_attempt_inventory/pgd_epsilon_frontier/val_sweep/eps0015/ST1b6_lowFA_eps0015_fgsm_probabilities_val_epsilon_0_015.csv,predictions,3468217f7a586684580a581bb84b6afad7801db3c4a9da70ce30c023fc22aa54,92501,unknown,none,validation-only,path:val,val,unmapped,no,not-a-figure-or-table-float,yes
results/defense_attempt_inventory/pgd_epsilon_frontier/val_sweep/eps0015/ST1b6_lowFA_eps0015_pgd_probabilities_val_epsilon_0_015.csv,predictions,9bada3d24549692af932ee720124a1934a26a573a627069c2c78d29f31a6fb8f,91998,unknown,none,validation-only,path:val,val,unmapped,no,not-a-figure-or-table-float,yes
results/defense_attempt_inventory/pgd_epsilon_frontier/val_sweep/eps0015_frontier_results.csv,csv,0ad51def61a6e42c3b2ed8bffb3c8ec2db0b71b365d3d8e15845cd5e76716794,983,unknown,none,validation-only,path:val,val,unmapped,no,not-a-figure-or-table-float,yes
results/defense_attempt_inventory/pgd_epsilon_frontier/val_sweep/eps00225/AFAC_maxscore_eps00225_clean_probabilities_val_epsilon_0_0225.csv,predictions,280ad801cfa0e56418d446a6234ce90e90b3616e9d9d8019252ea08c29e7ac54,93239,unknown,none,validation-only,path:val,val,unmapped,no,not-a-figure-or-table-float,yes
results/defense_attempt_inventory/pgd_epsilon_frontier/val_sweep/eps00225/AFAC_maxscore_eps00225_fgsm_probabilities_val_epsilon_0_0225.csv,predictions,e637c0d2ef58056a48626c61b557bc963b428e6c10619de5576c12dd72dbb1a0,92670,unknown,none,validation-only,path:val,val,unmapped,no,not-a-figure-or-table-float,yes
results/defense_attempt_inventory/pgd_epsilon_frontier/val_sweep/eps00225/AFAC_maxscore_eps00225_pgd_probabilities_val_epsilon_0_0225.csv,predictions,c82119d88c08f19d6b10e9423869766f9a9949957ca80f0e9259751f046cd7c4,92125,unknown,none,validation-only,path:val,val,unmapped,no,not-a-figure-or-table-float,yes
results/defense_attempt_inventory/pgd_epsilon_frontier/val_sweep/eps00225/D14B_seed44_eps00225_clean_probabilities_val_epsilon_0_0225.csv,predictions,58d7dde51020cdeea0720795ff69426284957ab16beb61a3d05b5b2f8cf3e824,93129,unknown,none,validation-only,path:val,val,unmapped,no,not-a-figure-or-table-float,yes
results/defense_attempt_inventory/pgd_epsilon_frontier/val_sweep/eps00225/D14B_seed44_eps00225_fgsm_probabilities_val_epsilon_0_0225.csv,predictions,fa386f38aa8e65f995cff1d4fad1a9329f7a85a08257a91bf2f3b02968882f6d,92459,unknown,none,validation-only,path:val,val,unmapped,no,not-a-figure-or-table-float,yes
results/defense_attempt_inventory/pgd_epsilon_frontier/val_sweep/eps00225/D14B_seed44_eps00225_pgd_probabilities_val_epsilon_0_0225.csv,predictions,4dd98a82f08ee315c1e30fecee99c029af02daf1cac0ec4cbecfaa6611c0d2d7,91958,unknown,none,validation-only,path:val,val,unmapped,no,not-a-figure-or-table-float,yes
results/defense_attempt_inventory/pgd_epsilon_frontier/val_sweep/eps00225/GR1_macroF1_eps00225_clean_probabilities_val_epsilon_0_0225.csv,predictions,8d04a056b1498dcdec5f9c1d5cf55c9e49ae8cc2f8ed97e7d59d65319efffc45,93276,unknown,none,validation-only,path:val,val,unmapped,no,not-a-figure-or-table-float,yes
results/defense_attempt_inventory/pgd_epsilon_frontier/val_sweep/eps00225/GR1_macroF1_eps00225_fgsm_probabilities_val_epsilon_0_0225.csv,predictions,3dcb36739cebcb0db15d604def79316ea3f9055a6e4579bfacce1f89c4e03461,92637,unknown,none,validation-only,path:val,val,unmapped,no,not-a-figure-or-table-float,yes
results/defense_attempt_inventory/pgd_epsilon_frontier/val_sweep/eps00225/GR1_macroF1_eps00225_pgd_probabilities_val_epsilon_0_0225.csv,predictions,5ffb29073316bb83d3dc3f453a9e36f78c200116b548ea3fb303d48b5ba49674,92115,unknown,none,validation-only,path:val,val,unmapped,no,not-a-figure-or-table-float,yes
results/defense_attempt_inventory/pgd_epsilon_frontier/val_sweep/eps00225/SA1_lowFA_eps00225_clean_probabilities_val_epsilon_0_0225.csv,predictions,0f2b455694bac5eace0ea3dd4086ca5794f2ad20abf6284e5434ac47e703d98c,93217,unknown,none,validation-only,path:val,val,unmapped,no,not-a-figure-or-table-float,yes
results/defense_attempt_inventory/pgd_epsilon_frontier/val_sweep/eps00225/SA1_lowFA_eps00225_fgsm_probabilities_val_epsilon_0_0225.csv,predictions,5c03f3d676760c0e1062e89628b42fb9143716afcee9b235ce2968d0267c363f,92609,unknown,none,validation-only,path:val,val,unmapped,no,not-a-figure-or-table-float,yes
results/defense_attempt_inventory/pgd_epsilon_frontier/val_sweep/eps00225/SA1_lowFA_eps00225_pgd_probabilities_val_epsilon_0_0225.csv,predictions,9134eaf8c897440a3ca4b51eca06e6463a151f71b12092a2a0d5ee877f157130,92204,unknown,none,validation-only,path:val,val,unmapped,no,not-a-figure-or-table-float,yes
results/defense_attempt_inventory/pgd_epsilon_frontier/val_sweep/eps00225/ST1b6_lowFA_eps00225_clean_probabilities_val_epsilon_0_0225.csv,predictions,8e1229a2be338d9057dd84e55bbd94005b5c1483d7cc768addc7713935fd1cc7,93144,unknown,none,validation-only,path:val,val,unmapped,no,not-a-figure-or-table-float,yes
results/defense_attempt_inventory/pgd_epsilon_frontier/val_sweep/eps00225/ST1b6_lowFA_eps00225_fgsm_probabilities_val_epsilon_0_0225.csv,predictions,12ba7f33d65016d701a7f77fd3ff6ab4ec0ffbe7c7b5727a04a8dc63f2cf3e83,92447,unknown,none,validation-only,path:val,val,unmapped,no,not-a-figure-or-table-float,yes
results/defense_attempt_inventory/pgd_epsilon_frontier/val_sweep/eps00225/ST1b6_lowFA_eps00225_pgd_probabilities_val_epsilon_0_0225.csv,predictions,996ab8acbb1969cc70be22b9f991810068d1264b3cfaea1e79a087e62c32784d,91942,unknown,none,validation-only,path:val,val,unmapped,no,not-a-figure-or-table-float,yes
results/defense_attempt_inventory/pgd_epsilon_frontier/val_sweep/eps00225_frontier_results.csv,csv,e8e2a767e86cbbda21ff751dafe304f314794e99ffd17820a1599ccca08ecba1,998,unknown,none,validation-only,path:val,val,unmapped,no,not-a-figure-or-table-float,yes
results/defense_attempt_inventory/pgd_epsilon_frontier/val_sweep/eps0024375/AFAC_maxscore_eps0024375_clean_probabilities_val_epsilon_0_024375.csv,predictions,280ad801cfa0e56418d446a6234ce90e90b3616e9d9d8019252ea08c29e7ac54,93239,unknown,none,validation-only,path:val,val,unmapped,no,not-a-figure-or-table-float,yes
results/defense_attempt_inventory/pgd_epsilon_frontier/val_sweep/eps0024375/AFAC_maxscore_eps0024375_fgsm_probabilities_val_epsilon_0_024375.csv,predictions,a2636be3d36bd9158a5efcc29a00e828606de359cab371d4e7ead04db16134f5,92663,unknown,none,validation-only,path:val,val,unmapped,no,not-a-figure-or-table-float,yes
results/defense_attempt_inventory/pgd_epsilon_frontier/val_sweep/eps0024375/AFAC_maxscore_eps0024375_pgd_probabilities_val_epsilon_0_024375.csv,predictions,6e99329e17d9dc6bef0f587a31b11fee2bedf443bff701e1ea3aaf4c47142c95,92136,unknown,none,validation-only,path:val,val,unmapped,no,not-a-figure-or-table-float,yes
results/defense_attempt_inventory/pgd_epsilon_frontier/val_sweep/eps0024375/SA1_lowFA_eps0024375_clean_probabilities_val_epsilon_0_024375.csv,predictions,0f2b455694bac5eace0ea3dd4086ca5794f2ad20abf6284e5434ac47e703d98c,93217,unknown,none,validation-only,path:val,val,unmapped,no,not-a-figure-or-table-float,yes
results/defense_attempt_inventory/pgd_epsilon_frontier/val_sweep/eps0024375/SA1_lowFA_eps0024375_fgsm_probabilities_val_epsilon_0_024375.csv,predictions,0b432c64b4aee1993519a26777b078f60f44f2a45729119c4386e8df10213359,92605,unknown,none,validation-only,path:val,val,unmapped,no,not-a-figure-or-table-float,yes
results/defense_attempt_inventory/pgd_epsilon_frontier/val_sweep/eps0024375/SA1_lowFA_eps0024375_pgd_probabilities_val_epsilon_0_024375.csv,predictions,673770f26089e2b41dbbf166b923419aadef763c421718eb91dce93ac41bb574,92245,unknown,none,validation-only,path:val,val,unmapped,no,not-a-figure-or-table-float,yes
results/defense_attempt_inventory/pgd_epsilon_frontier/val_sweep/eps0024375/ST1b6_lowFA_eps0024375_clean_probabilities_val_epsilon_0_024375.csv,predictions,8e1229a2be338d9057dd84e55bbd94005b5c1483d7cc768addc7713935fd1cc7,93144,unknown,none,validation-only,path:val,val,unmapped,no,not-a-figure-or-table-float,yes
results/defense_attempt_inventory/pgd_epsilon_frontier/val_sweep/eps0024375/ST1b6_lowFA_eps0024375_fgsm_probabilities_val_epsilon_0_024375.csv,predictions,d8758930e29f4f08933500f9d16148f0f6c8bee8a00f66ab2237f79b5e332c14,92430,unknown,none,validation-only,path:val,val,unmapped,no,not-a-figure-or-table-float,yes
results/defense_attempt_inventory/pgd_epsilon_frontier/val_sweep/eps0024375/ST1b6_lowFA_eps0024375_pgd_probabilities_val_epsilon_0_024375.csv,predictions,766a3a20d200575057e71e9aee7687dcf5f751f7aa97e3c25f7cd5baceb41392,91948,unknown,none,validation-only,path:val,val,unmapped,no,not-a-figure-or-table-float,yes
results/defense_attempt_inventory/pgd_epsilon_frontier/val_sweep/eps0024375_frontier_results.csv,csv,a50605a84ec6f8bb0c67ca759d8aa7e0e3ea29774085b3ba02c5e5e4f93a8b09,711,unknown,none,validation-only,path:val,val,unmapped,no,not-a-figure-or-table-float,yes
results/defense_attempt_inventory/pgd_epsilon_frontier/val_sweep/eps002625/AFAC_maxscore_eps002625_clean_probabilities_val_epsilon_0_02625.csv,predictions,280ad801cfa0e56418d446a6234ce90e90b3616e9d9d8019252ea08c29e7ac54,93239,unknown,none,validation-only,path:val,val,unmapped,no,not-a-figure-or-table-float,yes
results/defense_attempt_inventory/pgd_epsilon_frontier/val_sweep/eps002625/AFAC_maxscore_eps002625_fgsm_probabilities_val_epsilon_0_02625.csv,predictions,219f3116aa0e261d6da44ef40f55e98fdd52bd5525c602bc5d4e4f37c4704567,92648,unknown,none,validation-only,path:val,val,unmapped,no,not-a-figure-or-table-float,yes
results/defense_attempt_inventory/pgd_epsilon_frontier/val_sweep/eps002625/AFAC_maxscore_eps002625_pgd_probabilities_val_epsilon_0_02625.csv,predictions,38e5553b1514449c0a129c8ab473547f607c7c10ee1beaae34c5ed3bb64c3c18,92122,unknown,none,validation-only,path:val,val,unmapped,no,not-a-figure-or-table-float,yes
results/defense_attempt_inventory/pgd_epsilon_frontier/val_sweep/eps002625/D14B_seed44_eps002625_clean_probabilities_val_epsilon_0_02625.csv,predictions,58d7dde51020cdeea0720795ff69426284957ab16beb61a3d05b5b2f8cf3e824,93129,unknown,none,validation-only,path:val,val,unmapped,no,not-a-figure-or-table-float,yes
results/defense_attempt_inventory/pgd_epsilon_frontier/val_sweep/eps002625/D14B_seed44_eps002625_fgsm_probabilities_val_epsilon_0_02625.csv,predictions,27852004483b095939aca4c5cb398dc71303d7e36804e2d24c075c9b408775d7,92451,unknown,none,validation-only,path:val,val,unmapped,no,not-a-figure-or-table-float,yes
results/defense_attempt_inventory/pgd_epsilon_frontier/val_sweep/eps002625/D14B_seed44_eps002625_pgd_probabilities_val_epsilon_0_02625.csv,predictions,1e39f4bcd74ea8bb9e161ebb774e4e344179ec02434b1fc394aafbebbb389380,91928,unknown,none,validation-only,path:val,val,unmapped,no,not-a-figure-or-table-float,yes
results/defense_attempt_inventory/pgd_epsilon_frontier/val_sweep/eps002625/GR1_macroF1_eps002625_clean_probabilities_val_epsilon_0_02625.csv,predictions,8d04a056b1498dcdec5f9c1d5cf55c9e49ae8cc2f8ed97e7d59d65319efffc45,93276,unknown,none,validation-only,path:val,val,unmapped,no,not-a-figure-or-table-float,yes
results/defense_attempt_inventory/pgd_epsilon_frontier/val_sweep/eps002625/GR1_macroF1_eps002625_fgsm_probabilities_val_epsilon_0_02625.csv,predictions,85c5de11b28c6626907f3efeb69361bc323ff73f9a7e84a01bbca7965aa537ee,92620,unknown,none,validation-only,path:val,val,unmapped,no,not-a-figure-or-table-float,yes
results/defense_attempt_inventory/pgd_epsilon_frontier/val_sweep/eps002625/GR1_macroF1_eps002625_pgd_probabilities_val_epsilon_0_02625.csv,predictions,f5a5ea3511a1e00e88881c688145f6c7b52416f0e808de2a475c24b0ff0a1fe7,92154,unknown,none,validation-only,path:val,val,unmapped,no,not-a-figure-or-table-float,yes
results/defense_attempt_inventory/pgd_epsilon_frontier/val_sweep/eps002625/SA1_lowFA_eps002625_clean_probabilities_val_epsilon_0_02625.csv,predictions,0f2b455694bac5eace0ea3dd4086ca5794f2ad20abf6284e5434ac47e703d98c,93217,unknown,none,validation-only,path:val,val,unmapped,no,not-a-figure-or-table-float,yes
results/defense_attempt_inventory/pgd_epsilon_frontier/val_sweep/eps002625/SA1_lowFA_eps002625_fgsm_probabilities_val_epsilon_0_02625.csv,predictions,0e3f73597d691538786e1589f0d4b5ef7bf29e94774775e3c6629ce8b186fcef,92611,unknown,none,validation-only,path:val,val,unmapped,no,not-a-figure-or-table-float,yes
results/defense_attempt_inventory/pgd_epsilon_frontier/val_sweep/eps002625/SA1_lowFA_eps002625_pgd_probabilities_val_epsilon_0_02625.csv,predictions,b9482befb3a193857f359fa46b9daeeb03f58fc5a6b543cbef97ee0875cf9a61,92334,unknown,none,validation-only,path:val,val,unmapped,no,not-a-figure-or-table-float,yes
results/defense_attempt_inventory/pgd_epsilon_frontier/val_sweep/eps002625/ST1b6_lowFA_eps002625_clean_probabilities_val_epsilon_0_02625.csv,predictions,8e1229a2be338d9057dd84e55bbd94005b5c1483d7cc768addc7713935fd1cc7,93144,unknown,none,validation-only,path:val,val,unmapped,no,not-a-figure-or-table-float,yes
results/defense_attempt_inventory/pgd_epsilon_frontier/val_sweep/eps002625/ST1b6_lowFA_eps002625_fgsm_probabilities_val_epsilon_0_02625.csv,predictions,4bc34ae165cf8e4eea2b5227920b04c5f75f8c7afe959fb369ed3b75b927b292,92417,unknown,none,validation-only,path:val,val,unmapped,no,not-a-figure-or-table-float,yes
results/defense_attempt_inventory/pgd_epsilon_frontier/val_sweep/eps002625/ST1b6_lowFA_eps002625_pgd_probabilities_val_epsilon_0_02625.csv,predictions,c14f2d1ad5e3087f4ec2e6ce9ed09458248f5e714eceda196a4d77f1f8fd2e96,91978,unknown,none,validation-only,path:val,val,unmapped,no,not-a-figure-or-table-float,yes
results/defense_attempt_inventory/pgd_epsilon_frontier/val_sweep/eps002625_frontier_results.csv,csv,33e980c660a29c4d7676b1d5c395e03aff6beb6152da6afd0062f8933ca339e3,1010,unknown,none,validation-only,path:val,val,unmapped,no,not-a-figure-or-table-float,yes
results/epsilon_sweep_predictions/attack_prediction_sweep_18eps_summary.csv,csv,a8ba7f9a71a9fa9a966864bfddd6383b2d8806ab73291f7166da805d0d596335,9912,scripts/create_thesis_table_27_figure_27_attack_severity_dose_response.py,literal,diagnostic-internal,default,none,unmapped,no,not-a-figure-or-table-float,yes
results/epsilon_sweep_predictions/fgsm_predictions_short_epsilon_0.csv,predictions,de3e852f308e4a93fb4a9733fdd4c6ad8a403690af21794ba56d30d0e7971da7,73827,scripts/export_attack_prediction_sweep_18eps.py,literal,diagnostic-internal,default,none,unmapped,no,not-a-figure-or-table-float,yes
results/epsilon_sweep_predictions/fgsm_predictions_short_epsilon_0_001.csv,predictions,c8daf9d4c5b748881ba993274e6e27290fe707fcf358f818a4afc300e24bb312,73798,scripts/export_attack_prediction_sweep_18eps.py,literal,diagnostic-internal,default,none,unmapped,no,not-a-figure-or-table-float,yes
results/epsilon_sweep_predictions/fgsm_predictions_short_epsilon_0_002.csv,predictions,deb97ec6dfe88afccdd797fe470571f89c9a1d503c3da342ec71940463b7e4b4,73760,unknown,none,diagnostic-internal,default,none,unmapped,no,not-a-figure-or-table-float,yes
results/epsilon_sweep_predictions/fgsm_predictions_short_epsilon_0_003.csv,predictions,f5661d6615ef6053b32c6e1e4139e7a79dcfe8093500373aa97b76d9d5d56c1c,73736,unknown,none,diagnostic-internal,default,none,unmapped,no,not-a-figure-or-table-float,yes
results/epsilon_sweep_predictions/fgsm_predictions_short_epsilon_0_004.csv,predictions,75721b95de940441790781c81f9d4e6ff9ef5d9a0f52e32b692bf09997399f13,73737,unknown,none,diagnostic-internal,default,none,unmapped,no,not-a-figure-or-table-float,yes
results/epsilon_sweep_predictions/fgsm_predictions_short_epsilon_0_005.csv,predictions,65c53f90525e6c4da8ca24bcf49be61920864f9f1b541a5cec20fbae3de5d6ea,73740,unknown,none,diagnostic-internal,default,none,unmapped,no,not-a-figure-or-table-float,yes
results/epsilon_sweep_predictions/fgsm_predictions_short_epsilon_0_0075.csv,predictions,15aaefbb8ee6de2edd91fb3ef6593cbcbb83ea693fc1d90d6be15f25dd65ca43,73698,unknown,none,diagnostic-internal,default,none,unmapped,no,not-a-figure-or-table-float,yes
results/epsilon_sweep_predictions/fgsm_predictions_short_epsilon_0_01.csv,predictions,a3f828bb7bb28af19eb2f256a6dd04b0464cf13f541bf2c977f920a4dcff2c50,73725,unknown,none,diagnostic-internal,default,none,unmapped,no,not-a-figure-or-table-float,yes
results/epsilon_sweep_predictions/fgsm_predictions_short_epsilon_0_0125.csv,predictions,27cc8bb819e55c0dc1e74369d7c7d337c55229f3f1a60044163e4727f5f73081,73782,unknown,none,diagnostic-internal,default,none,unmapped,no,not-a-figure-or-table-float,yes
results/epsilon_sweep_predictions/fgsm_predictions_short_epsilon_0_015.csv,predictions,2d79840ee910bc728fa277f57e98df8d5ab350d5019c1a6ca956b2cbc10cb7bc,73808,unknown,none,diagnostic-internal,default,none,unmapped,no,not-a-figure-or-table-float,yes
results/epsilon_sweep_predictions/fgsm_predictions_short_epsilon_0_0175.csv,predictions,cfe650a774940c594951c5f6e40c21623847760ac02026e84e388d1f1165d355,73849,unknown,none,diagnostic-internal,default,none,unmapped,no,not-a-figure-or-table-float,yes
results/epsilon_sweep_predictions/fgsm_predictions_short_epsilon_0_02.csv,predictions,bc983065797214a48c53051bf0a9ee7215484a5d4b4a40e0d79eb19f4cf259e7,73860,unknown,none,diagnostic-internal,default,none,unmapped,no,not-a-figure-or-table-float,yes
results/epsilon_sweep_predictions/fgsm_predictions_short_epsilon_0_025.csv,predictions,782d313cd808e574222636bda1d79ee725d4e3ce53a79f811f0824813d877bf0,73912,unknown,none,diagnostic-internal,default,none,unmapped,no,not-a-figure-or-table-float,yes
results/epsilon_sweep_predictions/fgsm_predictions_short_epsilon_0_03.csv,predictions,6ab4d9085e72430e7a3576e90d46fb3b1161c6a3de1d633bc7a33272cfa86d84,73991,scripts/compare_defended_vs_undefended_safety_metrics.py,literal,diagnostic-internal,default,none,unmapped,no,not-a-figure-or-table-float,yes
results/epsilon_sweep_predictions/fgsm_predictions_short_epsilon_0_035.csv,predictions,6338146b17611787fb9d55e112ab8ad4a60ded43b0b7b7be0e6bfe5591301167,74046,unknown,none,diagnostic-internal,default,none,unmapped,no,not-a-figure-or-table-float,yes
results/epsilon_sweep_predictions/fgsm_predictions_short_epsilon_0_04.csv,predictions,38b05534ae6e739950630a1cbad3cabeec4c97dad1d8628a5c9564954efc9930,74096,unknown,none,diagnostic-internal,default,none,unmapped,no,not-a-figure-or-table-float,yes
results/epsilon_sweep_predictions/fgsm_predictions_short_epsilon_0_05.csv,predictions,c0d5c4c9ec3f04e6805f959b9b2195c58b1c8b870e0a1e32fcd564114dc001e2,74168,unknown,none,diagnostic-internal,default,none,unmapped,no,not-a-figure-or-table-float,yes
results/epsilon_sweep_predictions/fgsm_predictions_short_epsilon_0_075.csv,predictions,fca12190dea1d9eaa3d336fcf4189348cdc0c19e38d795c5146ddf52baabd731,74330,scripts/export_attack_prediction_sweep_18eps.py,literal,diagnostic-internal,default,none,unmapped,no,not-a-figure-or-table-float,yes
results/epsilon_sweep_predictions/pgd_predictions_short_epsilon_0.csv,predictions,546dfe6fe577f5a275a14aa2601657bf1b2f3d078d215dd425b9e6ef96c292dc,82791,scripts/export_attack_prediction_sweep_18eps.py,literal,diagnostic-internal,default,none,unmapped,no,not-a-figure-or-table-float,yes
results/epsilon_sweep_predictions/pgd_predictions_short_epsilon_0_001.csv,predictions,bc8f83d22d2f3f4545344e51475e8e152eb3af0e629418386fb4f24e1a00fba8,82762,scripts/export_attack_prediction_sweep_18eps.py,literal,diagnostic-internal,default,none,unmapped,no,not-a-figure-or-table-float,yes
results/epsilon_sweep_predictions/pgd_predictions_short_epsilon_0_002.csv,predictions,c01d035911e77e15ee195ee2a47a11c23b2444ab832ee95a3e309de2a60ad8a8,82712,unknown,none,diagnostic-internal,default,none,unmapped,no,not-a-figure-or-table-float,yes
results/epsilon_sweep_predictions/pgd_predictions_short_epsilon_0_003.csv,predictions,f0a4db279167be2f0db8ce77b3bbb7f8292214fb06ba93fd5d74f49a8df4ba3a,82706,unknown,none,diagnostic-internal,default,none,unmapped,no,not-a-figure-or-table-float,yes
results/epsilon_sweep_predictions/pgd_predictions_short_epsilon_0_004.csv,predictions,a193c1781a829fb7b2c83198c8ad11303ea205351dc0e3fb5d0cc72a88e02503,82692,unknown,none,diagnostic-internal,default,none,unmapped,no,not-a-figure-or-table-float,yes
results/epsilon_sweep_predictions/pgd_predictions_short_epsilon_0_005.csv,predictions,39ce93e08adf7a27cb6850521df7c1591b49b1dc1cc87e0841c17fb2313cdb16,82695,unknown,none,diagnostic-internal,default,none,unmapped,no,not-a-figure-or-table-float,yes
results/epsilon_sweep_predictions/pgd_predictions_short_epsilon_0_0075.csv,predictions,b69eab8b10851cc998938c7b91e68c7a93a535749abe8a0b88bce90b7b36352c,82667,unknown,none,diagnostic-internal,default,none,unmapped,no,not-a-figure-or-table-float,yes
results/epsilon_sweep_predictions/pgd_predictions_short_epsilon_0_01.csv,predictions,06f21a22334963af53688bd690f50b76f58309f9a21b20d12ba54565cb2ebae4,82742,unknown,none,diagnostic-internal,default,none,unmapped,no,not-a-figure-or-table-float,yes
results/epsilon_sweep_predictions/pgd_predictions_short_epsilon_0_0125.csv,predictions,c89d174f5664d662c5b45d1ac625eaa23f161dbbeb4d42ae23476c7d4a23d432,82819,unknown,none,diagnostic-internal,default,none,unmapped,no,not-a-figure-or-table-float,yes
results/epsilon_sweep_predictions/pgd_predictions_short_epsilon_0_015.csv,predictions,af3390f9b85fd089ced26e56a1816d597a3541d819a7943a3b13421987faf64d,82859,unknown,none,diagnostic-internal,default,none,unmapped,no,not-a-figure-or-table-float,yes
results/epsilon_sweep_predictions/pgd_predictions_short_epsilon_0_0175.csv,predictions,748e91977441bd3d3527e409016a9f53b92687a120b3edf712031f1237222ebe,82940,unknown,none,diagnostic-internal,default,none,unmapped,no,not-a-figure-or-table-float,yes
results/epsilon_sweep_predictions/pgd_predictions_short_epsilon_0_02.csv,predictions,fc050cbe61ffe7cdcd16200d2e0301ced32466f5c7e383b4625a832a8ef47e18,82985,unknown,none,diagnostic-internal,default,none,unmapped,no,not-a-figure-or-table-float,yes
results/epsilon_sweep_predictions/pgd_predictions_short_epsilon_0_025.csv,predictions,2a594fd0a68c18f12fb199bfb6095831ec30f6f78959e55c73c14153b2f8a271,83065,unknown,none,diagnostic-internal,default,none,unmapped,no,not-a-figure-or-table-float,yes
results/epsilon_sweep_predictions/pgd_predictions_short_epsilon_0_03.csv,predictions,4112acaf969fdd6dbc7583d06beb6b0fc1236d449c3652efbef5b4c1a748084e,83113,scripts/compare_defended_vs_undefended_safety_metrics.py,literal,diagnostic-internal,default,none,unmapped,no,not-a-figure-or-table-float,yes
results/epsilon_sweep_predictions/pgd_predictions_short_epsilon_0_035.csv,predictions,6896c78916dc9d50eaeea5b24aa56372b8314ab827ca7874712630f754122e20,83131,unknown,none,diagnostic-internal,default,none,unmapped,no,not-a-figure-or-table-float,yes
results/epsilon_sweep_predictions/pgd_predictions_short_epsilon_0_04.csv,predictions,e4786c518ce07b559cd1d60d95591c3013af815030bcb0493e4ec381368b164b,83161,unknown,none,diagnostic-internal,default,none,unmapped,no,not-a-figure-or-table-float,yes
results/epsilon_sweep_predictions/pgd_predictions_short_epsilon_0_05.csv,predictions,8e4d53e83f9799f59eacc9735578b4d02e66efe17bdd0227122cd5c9249a4b00,83182,unknown,none,diagnostic-internal,default,none,unmapped,no,not-a-figure-or-table-float,yes
results/epsilon_sweep_predictions/pgd_predictions_short_epsilon_0_075.csv,predictions,5c227b775c0bb8252fb51137294512a3af042e9d608b8b2a39fa6c4fccfcb85d,83200,scripts/export_attack_prediction_sweep_18eps.py,literal,diagnostic-internal,default,none,unmapped,no,not-a-figure-or-table-float,yes
results/fgsm_adversarial_training_short_metrics.csv,csv,62e12c0ac67d0e6f08bc9ef5d31d7d25c7cf396caf6c02575bd5af648e19af5a,634,scripts/train_fgsm_adversarial_defense_short.py,literal,diagnostic-internal,default,none,unmapped,no,not-a-figure-or-table-float,yes
results/fgsm_epsilon_sweep_summary.csv,csv,50b76461dcdda5564f2709577c97b6ab3bdd256b8244a2e3a705765fcefbb816,1064,scripts/create_thesis_figure_2_fgsm_pgd_epsilon_sweep.py,literal,diagnostic-internal,default,none,unmapped,no,not-a-figure-or-table-float,yes
results/fgsm_predictions_short_epsilon_0_03.csv,predictions,90e5dc500c4d3935025e1488eabcdd0ba69a3986dfe6393abf608391ae13879d,66991,scripts/compare_defended_vs_undefended_safety_metrics.py,literal,diagnostic-internal,default,none,unmapped,no,not-a-figure-or-table-float,yes
results/fgsm_safety_proxy_metrics_epsilon_0_03.csv,csv,bf8b0ad3915ed5dcd5085ddadf3f6ac8536a001657b67267dd8ee862d9ad292a,2579,scripts/compute_fgsm_safety_metrics.py,literal,diagnostic-internal,default,none,unmapped,no,not-a-figure-or-table-float,yes
results/fgsm_vs_pgd_epsilon_comparison.csv,csv,e67dfd56873e4c415944bc39aeacf69cc38c27e80917ddceec95e56c9dcfc620,835,scripts/create_thesis_figure_7_failure_threshold_plot.py,literal,diagnostic-internal,default,none,unmapped,no,not-a-figure-or-table-float,yes
results/multiseed_robustness/multiseed_collapse_thresholds.csv,csv,a3653401185cc13e18f1e111a4b615bf394839583b36ef00814fe14bf3afa326,717,scripts/summarize_multiseed_robustness.py,literal,test-descriptive,path:convention,test,thesis-safe,no,not-a-figure-or-table-float,yes
results/multiseed_robustness/multiseed_condition_metrics.csv,csv,e168d9372cf3c4890fc70ad5b2c5d28c5794decd7980895aec62e0e14b613ab7,6451,scripts/summarize_multiseed_robustness.py,literal,test-descriptive,path:convention,test,thesis-safe,no,not-a-figure-or-table-float,yes
results/multiseed_robustness/multiseed_missing_inputs.csv,csv,bbdf2eebf70f6d7e09b24429d43c062a39373df75312d0c039add493dcd875ee,37,scripts/summarize_multiseed_robustness.py,literal,test-descriptive,path:convention,test,thesis-safe,no,not-a-figure-or-table-float,yes
results/multiseed_robustness/multiseed_summary_stats.csv,csv,9130bcf399d14436712a6d7f9e7cb4b508289b23ffa22f3d9c41982cadc03a1a,6382,scripts/summarize_multiseed_robustness.py,literal,test-descriptive,path:convention,test,thesis-safe,no,not-a-figure-or-table-float,yes
results/operating_region_characterization/operating_region_recall_far_curve.png,figure,726b4c843ece1f85b83ef4c335025ed51b7c873e3767727d0eaa15d6f1b943c2,125159,scripts/analysis/operating_region_characterization.py,literal,diagnostic-internal,default,none,unmapped,no,generator-not-committed;artifact-not-committed;evidence-not-admissible;claim-not-approved,no
results/operating_region_characterization/operating_region_recall_far_curve_thesis.png,figure,9f59913f90ce41e7a1232ef77690f35b2f64199759e05e9f503af7a8ac34f981,272515,scripts/analysis/operating_region_characterization.py,literal,diagnostic-internal,default,none,unmapped,no,generator-not-committed;artifact-not-committed;evidence-not-admissible;claim-not-approved,no
results/operating_region_characterization/operating_region_summary.csv,csv,eb0e08c65aaa9909e08069688d7b356bc64a3317be17e80d52895bce9644213f,22179,scripts/analysis/operating_region_characterization.py,literal,diagnostic-internal,default,none,unmapped,no,not-a-figure-or-table-float,no
results/operating_region_characterization/operating_region_summary.md,report,f110718d8b4e8f3019a15bf1bb7d1122be08d567eaf81d3156bab846131cd0ee,8554,scripts/analysis/operating_region_characterization.py,literal,diagnostic-internal,default,none,unmapped,no,not-a-figure-or-table-float,no
results/pgd_epsilon_sweep_summary.csv,csv,b2ab1fb261941e45eaae6d9cb7e4de5de4360f967c51d24279c61466e4897d03,921,scripts/create_thesis_figure_2_fgsm_pgd_epsilon_sweep.py,literal,diagnostic-internal,default,none,unmapped,no,not-a-figure-or-table-float,yes
results/pgd_predictions_short_epsilon_0_03.csv,predictions,343519721332505e0d0d4e25f8f98424d00120377c7e6dcf8b5c06fef6f039d4,53547,scripts/compare_defended_vs_undefended_safety_metrics.py,literal,diagnostic-internal,default,none,unmapped,no,not-a-figure-or-table-float,yes
results/pgd_safety_proxy_metrics_epsilon_0_03.csv,csv,ff8a5d55e423874d14cbfbe96e66231c8058733ae089fa9c296ae27577a45c11,487,scripts/compute_pgd_safety_metrics.py,literal,diagnostic-internal,default,none,unmapped,no,not-a-figure-or-table-float,yes
results/reconstructed_ch04_cross_arch_resnet/ch04_figure_4_7_cross_architecture_fall_recall_vs_epsilon_reconstructed.png,figure,54433561ed8ae11faeb46324399e5481e874b263a27655b1055d71a733d2c149,116537,scripts/generate_ch04_converged_artifacts.py,naming,test-descriptive,path:convention,test,thesis-safe,no,artifact-not-committed,no
results/reconstructed_ch04_cross_arch_resnet/ch04_figure_4_7_cross_architecture_fall_recall_vs_epsilon_thesis_clean.png,figure,9b2443f9cc90f87f6369090e7da87e905e977fe62fdf52ad68df4e3799101d58,110519,scripts/generate_ch04_converged_artifacts.py,naming,test-descriptive,path:convention,test,thesis-safe,no,artifact-not-committed,no
results/reconstructed_ch04_cross_arch_resnet/ch04_figure_4_8_resnet18_multiseed_fall_recall_vs_epsilon_reconstructed.png,figure,a4fafd29b8a4bcfa81b4b831d6cf4ce930102ea313cf699f90324a6bf4a4e0f2,122618,scripts/generate_ch04_converged_artifacts.py,naming,test-descriptive,path:convention,test,thesis-safe,no,artifact-not-committed,no
results/reconstructed_ch04_cross_arch_resnet/ch04_figure_4_8_resnet18_multiseed_fall_recall_vs_epsilon_thesis_clean.png,figure,3b713402fe51a8bc782ab5f141d21cbdd35c9240846cb194b8046f81d9ee39da,117622,scripts/generate_ch04_converged_artifacts.py,naming,test-descriptive,path:convention,test,thesis-safe,no,artifact-not-committed,no
results/reconstructed_ch04_cross_arch_resnet/reconstruction_report.md,report,69f72f22d3e1f6478a4bd3386dd46e51f6ac61dd8e025535c00fa1cd805cd167,6299,scripts/reconstruct_ch04_cross_arch_resnet_artifacts.py,literal,diagnostic-internal,default,none,unmapped,no,not-a-figure-or-table-float,no
results/reconstructed_ch04_cross_arch_resnet/table_4_7_cross_architecture_multiseed_reconstructed.csv,csv,5b37ad9521f30eb9c702350a078fd2f65d76abc38da059537f2480fcfd8acfb3,2295,scripts/reconstruct_ch04_cross_arch_resnet_artifacts.py,literal,test-descriptive,path:convention,test,unmapped,no,not-a-figure-or-table-float,no
results/reconstructed_ch04_cross_arch_resnet/table_4_7_cross_architecture_multiseed_reconstructed.md,report,703ab6d9c7afa4d9b00fa13a4f18385f9ba6738b40ba7d656a8311bd68cf9bcd,853,scripts/reconstruct_ch04_cross_arch_resnet_artifacts.py,literal,test-descriptive,path:convention,test,unmapped,no,not-a-figure-or-table-float,no
results/reconstructed_ch04_cross_arch_resnet/table_4_7_cross_architecture_multiseed_reconstructed.tex,table_tex,b3e7e3ee927cdf30d9f2c67f783ab7f54d8fc24f94e86631e89ba1a535e16ae5,1214,scripts/reconstruct_ch04_cross_arch_resnet_artifacts.py,literal,test-descriptive,path:convention,test,unmapped,no,generator-not-committed;artifact-not-committed;claim-not-approved,no
results/reconstructed_ch04_cross_arch_resnet/table_4_8_resnet18_multiseed_reconstructed.csv,csv,93dadc4b1f50f1ee220100a298025641f48c89342359311c8678e4826ef344f6,1117,scripts/reconstruct_ch04_cross_arch_resnet_artifacts.py,literal,test-descriptive,path:convention,test,unmapped,no,not-a-figure-or-table-float,no
results/reconstructed_ch04_cross_arch_resnet/table_4_8_resnet18_multiseed_reconstructed.md,report,a077596ba8a9b02e427643068954ad45396ee3f8b3217cc4d14fe23c7014368f,1087,scripts/reconstruct_ch04_cross_arch_resnet_artifacts.py,literal,test-descriptive,path:convention,test,unmapped,no,not-a-figure-or-table-float,no
results/reconstructed_ch04_cross_arch_resnet/table_4_8_resnet18_multiseed_reconstructed.tex,table_tex,be27a0cddb0dde130c31987fc973e38709d9d6273e1eefa41c2a16c3b42135e0,1579,scripts/reconstruct_ch04_cross_arch_resnet_artifacts.py,literal,test-descriptive,path:convention,test,unmapped,no,generator-not-committed;artifact-not-committed;claim-not-approved,no
results/safety_guided_defense/MULTISEED_PLAN.md,report,5dca3146e404fee59e0213fce485e6d9a3c21523dd431b7339bf2aae800a9602,4744,unknown,none,test-descriptive,path:convention,test,unmapped,no,not-a-figure-or-table-float,yes
results/safety_guided_defense/boundary_aware_selective_at/_smoke/seed42/seed42_basat_stage1_beta3p0_smoke_log.csv,csv,7f33b9ed2d496d400f24cca8234f5feaae7f307b158f88c8c4972a4c625bc21f,458,unknown,none,diagnostic-internal,default,none,unmapped,no,not-a-figure-or-table-float,yes
results/safety_guided_defense/boundary_aware_selective_at/_smoke/seed42/seed42_basat_stage1_beta3p0_smoke_summary.json,json,8226639003f35bffdd9549da7435a3c1867708c30cf80792f9bc3be324a640e8,912,unknown,none,diagnostic-internal,default,none,unmapped,no,not-a-figure-or-table-float,yes
results/safety_guided_defense/boundary_aware_selective_at/gairat/_smoke/seed42/seed42_basat_gairat_GR1_smoke_log.csv,csv,0625b5a35ec64d9385c10e5910ff7b2066672a428029fbf4dc142f965721d54c,1609,unknown,none,diagnostic-internal,default,none,unmapped,no,not-a-figure-or-table-float,yes
results/safety_guided_defense/boundary_aware_selective_at/gairat/_smoke/seed42/seed42_basat_gairat_GR1_smoke_summary.json,json,1110d43e7a4f0aa55207f9193b135c062d2d942abab3fb203dc6cb26d1bcd1a2,695,unknown,none,diagnostic-internal,default,none,unmapped,no,not-a-figure-or-table-float,yes
results/safety_guided_defense/boundary_aware_selective_at/gairat/seed42/GR1/GR1_GO_NO_GO.md,report,43e00488e76bcca0800ce336175184730757d77be9bcdadbe759639c3d0f1780,2366,unknown,none,diagnostic-internal,default,none,unmapped,no,not-a-figure-or-table-float,yes
results/safety_guided_defense/boundary_aware_selective_at/gairat/seed42/GR1/analysis/seed42_basat_gairat_GR1_selection_candidates.csv,csv,a2d7933ba88aa685d99a560ac5aff015c8ef8f79a5b42d0828a9fc1e750fee09,286,unknown,none,diagnostic-internal,default,none,unmapped,no,not-a-figure-or-table-float,yes
results/safety_guided_defense/boundary_aware_selective_at/gairat/seed42/GR1/logs/seed42_basat_gairat_GR1_training_log.csv,csv,793ed853c03420f15395071e98b56a7092f2f60c0aa796176199543ca0f9dd39,11347,unknown,none,diagnostic-internal,default,none,unmapped,no,not-a-figure-or-table-float,yes
results/safety_guided_defense/boundary_aware_selective_at/gairat/seed42/GR1/metadata/seed42_basat_gairat_GR1_metadata.json,metadata,263f6c1afb4c5dc1ae385a2ff98688e570faeb80a5ad14cafdfbbb68984a14f8,2633,unknown,none,diagnostic-internal,default,none,unmapped,no,not-a-figure-or-table-float,yes
results/safety_guided_defense/boundary_aware_selective_at/gairat/seed42/GR1/val_eval/GR1_v2lowFA_clean_probabilities_val_epsilon_0_03.csv,predictions,fbc80e6ed39ca66ed10c44b186b8caf6281e80c1040d57cc127ed3d11ea68dc6,93275,unknown,none,validation-only,ledger:val,val,unmapped,no,not-a-figure-or-table-float,yes
results/safety_guided_defense/boundary_aware_selective_at/gairat/seed42/GR1/val_eval/GR1_v2lowFA_fgsm_probabilities_val_epsilon_0_03.csv,predictions,f83d48d7b7ffb1b4b8a7995e692aab18f6694158916dc3b8fa80bb8937dbe040,92579,unknown,none,validation-only,ledger:val,val,unmapped,no,not-a-figure-or-table-float,yes
results/safety_guided_defense/boundary_aware_selective_at/gairat/seed42/GR1/val_eval/GR1_v2lowFA_pgd_probabilities_val_epsilon_0_03.csv,predictions,20fc84c8a3670ca6b6ac5495eea08240d657feb2dd95923d4b0806d79876b483,92078,scripts/analysis/h15_e0_hard_window_inventory.py,literal,validation-only,ledger:val,val,unmapped,no,not-a-figure-or-table-float,yes
results/safety_guided_defense/boundary_aware_selective_at/gairat/seed42/GR1/val_eval/GR1_v2macroF1_clean_probabilities_val_epsilon_0_03.csv,predictions,8d04a056b1498dcdec5f9c1d5cf55c9e49ae8cc2f8ed97e7d59d65319efffc45,93276,unknown,none,validation-only,ledger:val,val,unmapped,no,not-a-figure-or-table-float,yes
results/safety_guided_defense/boundary_aware_selective_at/gairat/seed42/GR1/val_eval/GR1_v2macroF1_fgsm_probabilities_val_epsilon_0_03.csv,predictions,72f17cb49380e09486d56264e0ff478a049a3352c4f009adea90d469cd18ed92,92614,unknown,none,validation-only,ledger:val,val,unmapped,no,not-a-figure-or-table-float,yes
results/safety_guided_defense/boundary_aware_selective_at/gairat/seed42/GR1/val_eval/GR1_v2macroF1_pgd_probabilities_val_epsilon_0_03.csv,predictions,4ec4479ea2fea35426a8752e980935fa92e43bb47bc2b4d3f56ce5b0d310c18c,92167,scripts/analysis/d10_d11_locked_test_followup.py,literal,validation-only,ledger:val,val,unmapped,no,not-a-figure-or-table-float,yes
results/safety_guided_defense/boundary_aware_selective_at/gairat/seed42/GR1/val_eval/GR1_v2safety_clean_probabilities_val_epsilon_0_03.csv,predictions,208ce0b334b90de5cdb028e43641c4916558adff66b46b060d1688014ae8c28e,93299,unknown,none,validation-only,ledger:val,val,unmapped,no,not-a-figure-or-table-float,yes
results/safety_guided_defense/boundary_aware_selective_at/gairat/seed42/GR1/val_eval/GR1_v2safety_fgsm_probabilities_val_epsilon_0_03.csv,predictions,6173df4a8bcfb801392216da134223578c2d1f2bf78e4d3de03a48b9802d3d3e,92644,unknown,none,validation-only,ledger:val,val,unmapped,no,not-a-figure-or-table-float,yes
results/safety_guided_defense/boundary_aware_selective_at/gairat/seed42/GR1/val_eval/GR1_v2safety_pgd_probabilities_val_epsilon_0_03.csv,predictions,e8cafd3bd0c75afd311d65bd9ba563af7c5e497c7ded304a23665e0916efd168,92204,scripts/analysis/h15_e0_hard_window_inventory.py,literal,validation-only,ledger:val,val,unmapped,no,not-a-figure-or-table-float,yes
results/safety_guided_defense/boundary_aware_selective_at/sat/_smoke/seed42/seed42_basat_sat_SA1_smoke_log.csv,csv,e725d3eaf2b8b1ea50e4dc69db37a52c34559d5d0dc986effcabefdccf619745,2292,unknown,none,diagnostic-internal,default,none,unmapped,no,not-a-figure-or-table-float,yes
results/safety_guided_defense/boundary_aware_selective_at/sat/_smoke/seed42/seed42_basat_sat_SA1_smoke_summary.json,json,fd25f875109b76495f838790574e58766be209e7716d86c4c63894275629427f,717,unknown,none,diagnostic-internal,default,none,unmapped,no,not-a-figure-or-table-float,yes
results/safety_guided_defense/boundary_aware_selective_at/sat/seed42/SA1/SA1_GO_NO_GO.md,report,3ffdcfc713a4bfbe046718e07575de85f3383955856b73dd2b515cb9c57fc057,2551,unknown,none,diagnostic-internal,default,none,unmapped,no,not-a-figure-or-table-float,yes
results/safety_guided_defense/boundary_aware_selective_at/sat/seed42/SA1/analysis/seed42_basat_sat_SA1_selection_candidates.csv,csv,cc0c2c5b3dc7d8d6dacdc5b427a17780fa40afc8e45acd0985c7f1eb1733f9b2,284,unknown,none,diagnostic-internal,default,none,unmapped,no,not-a-figure-or-table-float,yes
results/safety_guided_defense/boundary_aware_selective_at/sat/seed42/SA1/logs/seed42_basat_sat_SA1_training_log.csv,csv,a26fd20bf964d2995dc6d7dfe0447f79d2fa0a25bfa3cf421140eb389cdc4aa9,10288,unknown,none,diagnostic-internal,default,none,unmapped,no,not-a-figure-or-table-float,yes
results/safety_guided_defense/boundary_aware_selective_at/sat/seed42/SA1/metadata/seed42_basat_sat_SA1_metadata.json,metadata,d3825c1fc7db86887df92d64b158c16604421aca2a2500a5c625fa9c41e3cfbb,2634,unknown,none,diagnostic-internal,default,none,unmapped,no,not-a-figure-or-table-float,yes
results/safety_guided_defense/boundary_aware_selective_at/sat/seed42/SA1/val_eval/SA1_v2lowFA_clean_probabilities_val_epsilon_0_03.csv,predictions,0f2b455694bac5eace0ea3dd4086ca5794f2ad20abf6284e5434ac47e703d98c,93217,unknown,none,validation-only,ledger:val,val,unmapped,no,not-a-figure-or-table-float,yes
results/safety_guided_defense/boundary_aware_selective_at/sat/seed42/SA1/val_eval/SA1_v2lowFA_fgsm_probabilities_val_epsilon_0_03.csv,predictions,42d10256e75be453cddebdef6d5c52ec77936a6670a385a089787b3bf254a451,92626,unknown,none,validation-only,ledger:val,val,unmapped,no,not-a-figure-or-table-float,yes
results/safety_guided_defense/boundary_aware_selective_at/sat/seed42/SA1/val_eval/SA1_v2lowFA_pgd_probabilities_val_epsilon_0_03.csv,predictions,7418ca692c147c4cb5f9819ec35b3a6cdd121b76f388c7f3b7c6793a695db23d,92408,scripts/analysis/d10_d11_locked_test_followup.py,literal,validation-only,ledger:val,val,unmapped,no,not-a-figure-or-table-float,yes
results/safety_guided_defense/boundary_aware_selective_at/sat/seed42/SA1/val_eval/SA1_v2macroF1_clean_probabilities_val_epsilon_0_03.csv,predictions,85ad9c1728e1308d01857448aa70c1c545b728afedb01157d80bc8eb19d7b33d,93396,unknown,none,validation-only,ledger:val,val,unmapped,no,not-a-figure-or-table-float,yes
results/safety_guided_defense/boundary_aware_selective_at/sat/seed42/SA1/val_eval/SA1_v2macroF1_fgsm_probabilities_val_epsilon_0_03.csv,predictions,3f3357549eb61c031c98413050c903a9ef81974083c280784ccffa8bf0ff1677,92759,unknown,none,validation-only,ledger:val,val,unmapped,no,not-a-figure-or-table-float,yes
results/safety_guided_defense/boundary_aware_selective_at/sat/seed42/SA1/val_eval/SA1_v2macroF1_pgd_probabilities_val_epsilon_0_03.csv,predictions,cfd05fd56e4f937801a8f7e5909cb1305b844100b66a7020973076820cb3459a,92356,scripts/analysis/h15_e0_hard_window_inventory.py,literal,validation-only,ledger:val,val,unmapped,no,not-a-figure-or-table-float,yes
results/safety_guided_defense/boundary_aware_selective_at/sat/seed42/SA1/val_eval/SA1_v2safety_clean_probabilities_val_epsilon_0_03.csv,predictions,a0b9abcb6e2ed6ad68df882b720a90354a65e52ba9ca69a5273e839e5f09a560,93443,unknown,none,validation-only,ledger:val,val,unmapped,no,not-a-figure-or-table-float,yes
results/safety_guided_defense/boundary_aware_selective_at/sat/seed42/SA1/val_eval/SA1_v2safety_fgsm_probabilities_val_epsilon_0_03.csv,predictions,ce74267223ab2730fa56578207851e3d3f72e377ef4741ff5510ffebcf4d5473,92799,unknown,none,validation-only,ledger:val,val,unmapped,no,not-a-figure-or-table-float,yes
results/safety_guided_defense/boundary_aware_selective_at/sat/seed42/SA1/val_eval/SA1_v2safety_pgd_probabilities_val_epsilon_0_03.csv,predictions,e8c3303a67a7749e4bd37ca1f579293b8b0358d4c578298f3133d5cc96061ea9,92346,scripts/analysis/h15_e0_hard_window_inventory.py,literal,validation-only,ledger:val,val,unmapped,no,not-a-figure-or-table-float,yes
results/safety_guided_defense/boundary_aware_selective_at/seed42/BASAT_WITHIN_TRAINING_CLOSEOUT.md,report,4b0099f2b71076fb3d59957d21f4c796b0f60ee14a24ab3f34de3b8f65d57c23,3667,unknown,none,diagnostic-internal,default,none,unmapped,no,not-a-figure-or-table-float,yes
results/safety_guided_defense/boundary_aware_selective_at/seed42/STAGE1_CLOSEOUT.md,report,90d23a3cf760ddd977efa24c32dc2c5414ea12ac546a88ca9417fe01790f3d36,3683,unknown,none,diagnostic-internal,default,none,unmapped,no,not-a-figure-or-table-float,yes
results/safety_guided_defense/boundary_aware_selective_at/seed42/beta3p0/STAGE1_BETA3_GO_NO_GO.md,report,0baf9af017785ab81bf767e466472f35e4a47a86addf560d9e4a2d754ede2117,2752,unknown,none,diagnostic-internal,default,none,unmapped,no,not-a-figure-or-table-float,yes
results/safety_guided_defense/boundary_aware_selective_at/seed42/beta3p0/analysis/seed42_basat_stage1_beta3p0_selection_candidates.csv,csv,c9080c56bcc2b45e2555173edf373811063febb27f7e0138141ac9dd15af6811,286,unknown,none,diagnostic-internal,default,none,unmapped,no,not-a-figure-or-table-float,yes
results/safety_guided_defense/boundary_aware_selective_at/seed42/beta3p0/logs/seed42_basat_stage1_beta3p0_training_log.csv,csv,99e452eb25018eb9d8ab4667b3369fc43aa05cd2806851fc5d8c11bee274ea08,11175,unknown,none,diagnostic-internal,default,none,unmapped,no,not-a-figure-or-table-float,yes
results/safety_guided_defense/boundary_aware_selective_at/seed42/beta3p0/metadata/seed42_basat_stage1_beta3p0_metadata.json,metadata,afa27a294d1e410e15c31f6851c335a7a5f46c813c6176b76998b871c2cf33b5,2352,unknown,none,diagnostic-internal,default,none,unmapped,no,not-a-figure-or-table-float,yes
results/safety_guided_defense/boundary_aware_selective_at/seed42/beta3p0/val_eval/ST1_v2lowFA_clean_probabilities_val_epsilon_0_03.csv,predictions,ef466dfa39c792caa43571e0f0d73c9464d907895d4cac204023335d5eb7547f,93304,unknown,none,validation-only,ledger:val,val,unmapped,no,not-a-figure-or-table-float,yes
results/safety_guided_defense/boundary_aware_selective_at/seed42/beta3p0/val_eval/ST1_v2lowFA_fgsm_probabilities_val_epsilon_0_03.csv,predictions,782634b36ad0a475142f8ac14dad79f49b1d4606145030824c96d1d18ffa8935,92738,unknown,none,validation-only,ledger:val,val,unmapped,no,not-a-figure-or-table-float,yes
results/safety_guided_defense/boundary_aware_selective_at/seed42/beta3p0/val_eval/ST1_v2lowFA_pgd_probabilities_val_epsilon_0_03.csv,predictions,09a3e735f5d1b5fb2995d0adec9293b741d69ece025fd410591a04eef322dd4c,92383,scripts/analysis/h15_e0_hard_window_inventory.py,literal,validation-only,ledger:val,val,unmapped,no,not-a-figure-or-table-float,yes
results/safety_guided_defense/boundary_aware_selective_at/seed42/beta3p0/val_eval/ST1_v2macroF1_clean_probabilities_val_epsilon_0_03.csv,predictions,b445fd9710463f7e14c0a9136c739248068884b07f66364c49ad8022796cbfcc,93384,unknown,none,validation-only,ledger:val,val,unmapped,no,not-a-figure-or-table-float,yes
results/safety_guided_defense/boundary_aware_selective_at/seed42/beta3p0/val_eval/ST1_v2macroF1_fgsm_probabilities_val_epsilon_0_03.csv,predictions,a654337b4ffcb1c09a6774a18efbc73e09c63d4268a73f0d0e2f9cd105ab680b,92755,unknown,none,validation-only,ledger:val,val,unmapped,no,not-a-figure-or-table-float,yes
results/safety_guided_defense/boundary_aware_selective_at/seed42/beta3p0/val_eval/ST1_v2macroF1_pgd_probabilities_val_epsilon_0_03.csv,predictions,23853c4596a2680649d8a53a42965d75206526a086621b285ae3fd4cd6d7e0da,92353,scripts/analysis/h15_e0_hard_window_inventory.py,literal,validation-only,ledger:val,val,unmapped,no,not-a-figure-or-table-float,yes
results/safety_guided_defense/boundary_aware_selective_at/seed42/beta3p0/val_eval/ST1_v2safety_clean_probabilities_val_epsilon_0_03.csv,predictions,8162f54399f267bd0012c1b2526a2571314dc2e18d6a7841354c4f958375f782,93334,unknown,none,validation-only,ledger:val,val,unmapped,no,not-a-figure-or-table-float,yes
results/safety_guided_defense/boundary_aware_selective_at/seed42/beta3p0/val_eval/ST1_v2safety_fgsm_probabilities_val_epsilon_0_03.csv,predictions,c638e75407cc576e17a873deb035ecd93c6d21921a0935a443cc4071da98ab59,92827,unknown,none,validation-only,ledger:val,val,unmapped,no,not-a-figure-or-table-float,yes
results/safety_guided_defense/boundary_aware_selective_at/seed42/beta3p0/val_eval/ST1_v2safety_pgd_probabilities_val_epsilon_0_03.csv,predictions,cc0ea9f57412176928579718d0a156bf044c97edfff05567c0283c0430b5b1fe,92399,scripts/analysis/h15_e0_hard_window_inventory.py,literal,validation-only,ledger:val,val,unmapped,no,not-a-figure-or-table-float,yes
results/safety_guided_defense/boundary_aware_selective_at/seed42/beta6p0/analysis/seed42_basat_stage1_beta6p0_selection_candidates.csv,csv,c438c39b099a55b4ad0e4a4790c3c9580ff648556d35df0fb141e6bd08655d02,284,unknown,none,diagnostic-internal,default,none,unmapped,no,not-a-figure-or-table-float,yes
results/safety_guided_defense/boundary_aware_selective_at/seed42/beta6p0/logs/seed42_basat_stage1_beta6p0_training_log.csv,csv,b9e5fef8320788ec717ce60a4a34e425869acc7b8098fedae165f9d5a317db42,11178,unknown,none,diagnostic-internal,default,none,unmapped,no,not-a-figure-or-table-float,yes
results/safety_guided_defense/boundary_aware_selective_at/seed42/beta6p0/metadata/seed42_basat_stage1_beta6p0_metadata.json,metadata,3a7849a0b33cb5476d2020a0d26cad50a9841a9fd490ab719a35b11d263859dd,2352,unknown,none,diagnostic-internal,default,none,unmapped,no,not-a-figure-or-table-float,yes
results/safety_guided_defense/boundary_aware_selective_at/seed42/beta6p0/val_eval/ST1b6_v2lowFA_clean_probabilities_val_epsilon_0_03.csv,predictions,8e1229a2be338d9057dd84e55bbd94005b5c1483d7cc768addc7713935fd1cc7,93144,unknown,none,validation-only,ledger:val,val,unmapped,no,not-a-figure-or-table-float,yes
results/safety_guided_defense/boundary_aware_selective_at/seed42/beta6p0/val_eval/ST1b6_v2lowFA_fgsm_probabilities_val_epsilon_0_03.csv,predictions,8a0f63bd7ae0340cf861657b2ac3d02cec426b8584f2c4ef78924a067e64fd7c,92444,unknown,none,validation-only,ledger:val,val,unmapped,no,not-a-figure-or-table-float,yes
results/safety_guided_defense/boundary_aware_selective_at/seed42/beta6p0/val_eval/ST1b6_v2lowFA_pgd_probabilities_val_epsilon_0_03.csv,predictions,49a7f70635b6641138044f57a21da38aacdb5e5a39c110966d6523a59be373dd,91978,scripts/analysis/d10_d11_locked_test_followup.py,literal,validation-only,ledger:val,val,unmapped,no,not-a-figure-or-table-float,yes
results/safety_guided_defense/boundary_aware_selective_at/seed42/beta6p0/val_eval/ST1b6_v2macroF1_clean_probabilities_val_epsilon_0_03.csv,predictions,98faf30f99cc41d9e0cfedb3c4d4fa48efae665a4403021c7c6e1b2a747cf690,93375,unknown,none,validation-only,ledger:val,val,unmapped,no,not-a-figure-or-table-float,yes
results/safety_guided_defense/boundary_aware_selective_at/seed42/beta6p0/val_eval/ST1b6_v2macroF1_fgsm_probabilities_val_epsilon_0_03.csv,predictions,1aa5b088b9558a9a76fc35fac990d6af35305f19c0dc66ae81d2854ccf224d09,92736,unknown,none,validation-only,ledger:val,val,unmapped,no,not-a-figure-or-table-float,yes
results/safety_guided_defense/boundary_aware_selective_at/seed42/beta6p0/val_eval/ST1b6_v2macroF1_pgd_probabilities_val_epsilon_0_03.csv,predictions,7ae2e13404c7ab01383cfb66037b220724c828326e26ef8bf03414dc6345bc29,92374,scripts/analysis/h15_e0_hard_window_inventory.py,literal,validation-only,ledger:val,val,unmapped,no,not-a-figure-or-table-float,yes
results/safety_guided_defense/boundary_aware_selective_at/seed42/beta6p0/val_eval/ST1b6_v2safety_clean_probabilities_val_epsilon_0_03.csv,predictions,12f0826cbe1c5868c9ae2103b442a7454d2746f1adb996dd88365b9ab78d0a97,93419,unknown,none,validation-only,ledger:val,val,unmapped,no,not-a-figure-or-table-float,yes
results/safety_guided_defense/boundary_aware_selective_at/seed42/beta6p0/val_eval/ST1b6_v2safety_fgsm_probabilities_val_epsilon_0_03.csv,predictions,cf42c24df9a5013110a6892f6b95ac0721bbc6a59ae8bd5f30ac9a785558578a,92838,unknown,none,validation-only,ledger:val,val,unmapped,no,not-a-figure-or-table-float,yes
results/safety_guided_defense/boundary_aware_selective_at/seed42/beta6p0/val_eval/ST1b6_v2safety_pgd_probabilities_val_epsilon_0_03.csv,predictions,52acda2b1e4023085a7731f5b60bfdebb240975b1ba1d7c0be82c7a9db5e12c0,92422,scripts/analysis/h15_e0_hard_window_inventory.py,literal,validation-only,ledger:val,val,unmapped,no,not-a-figure-or-table-float,yes
results/safety_guided_defense/boundary_aware_selective_at/seed42/g1_baseline_val_frontier.json,json,8d2964cc05ecd611a60d7b3d46af418b0a052e92701a5047fc1e23cac2280616,4292,scripts/compute_g1_baseline_val_frontier.py,literal,validation-only,path:val,val,unmapped,no,not-a-figure-or-table-float,yes
results/safety_guided_defense/boundary_aware_selective_at/seed42/g1_baseline_val_frontier.md,report,e8a1abd13e272aac472807332c973ca85158376af095a785eb49199978819d2c,1835,scripts/compute_g1_baseline_val_frontier.py,literal,validation-only,path:val,val,unmapped,no,not-a-figure-or-table-float,yes
results/safety_guided_defense/decision_analysis/FALSE_ALARM_DECISION_ANALYSIS.md,report,d3b7e05cf0b36160e03c780d7962e60744cc8262e94be784079f54fc01d796f0,11290,unknown,none,diagnostic-internal,default,none,unmapped,no,not-a-figure-or-table-float,yes
results/safety_guided_defense/decision_analysis/false_alarm_probability_diagnosis.csv,csv,31e3ea5a363afaf4a66e88b4cf3349e063551a6aee5c44fdf63d70c490f0fd29,865,scripts/analyze_false_alarm_calibration.py,literal,diagnostic-internal,default,none,unmapped,no,not-a-figure-or-table-float,yes
results/safety_guided_defense/decision_analysis/figures/fig_fall_prob_distributions.png,figure,cffabfc563dd820a971e38db4cfdd78fe5c9f70f86a081c436e34921fe245e89,46651,scripts/analyze_false_alarm_calibration.py,literal,diagnostic-internal,default,none,unmapped,no,evidence-not-admissible;claim-not-approved,yes
results/safety_guided_defense/decision_analysis/figures/fig_threshold_recall_vs_falsealarms.png,figure,fbf3cd92b696c41c77a3357bd8aa5f2d8d2acbe5753170886d59f1636f9245ea,70457,scripts/analyze_false_alarm_calibration.py,literal,diagnostic-internal,default,none,unmapped,no,evidence-not-admissible;claim-not-approved,yes
results/safety_guided_defense/decision_analysis/seed42_test_probabilities/seed42_variantD_bySafetyScore_clean_probabilities_test_epsilon_0_03.csv,predictions,4d7cfa1f16a006fbdb2d598c714b5fceacb236d383921031ef4bc295fba5300e,93923,unknown,none,test-post-hoc,ledger:test+post_hoc,test,unmapped,no,not-a-figure-or-table-float,yes
results/safety_guided_defense/decision_analysis/seed42_test_probabilities/seed42_variantD_bySafetyScore_fgsm_probabilities_test_epsilon_0_03.csv,predictions,76763b1365507fc6471e7ac61bf4d49def48ba7b61932dad1e5b5720b56e4f85,93474,unknown,none,test-post-hoc,ledger:test+post_hoc,test,unmapped,no,not-a-figure-or-table-float,yes
results/safety_guided_defense/decision_analysis/seed42_test_probabilities/seed42_variantD_bySafetyScore_pgd_probabilities_test_epsilon_0_03.csv,predictions,cfa0a7a501dba505942e805136e25c7aea50743887dce6d80758e914c8057755,93121,scripts/analysis/plot_d1_d12_recall_far.py,literal,test-post-hoc,ledger:test+post_hoc,test,unmapped,no,not-a-figure-or-table-float,yes
results/safety_guided_defense/decision_analysis/seed42_test_probabilities/seed42_variantD_byValMacroF1_clean_probabilities_test_epsilon_0_03.csv,predictions,b530fe4ce8ebcccd0da43452c04d92443fb7aebe746bb45e3ae35577a0be1869,93807,unknown,none,test-post-hoc,ledger:test+post_hoc,test,unmapped,no,not-a-figure-or-table-float,yes
results/safety_guided_defense/decision_analysis/seed42_test_probabilities/seed42_variantD_byValMacroF1_fgsm_probabilities_test_epsilon_0_03.csv,predictions,70b0c264dc7bf8ec0b85040171f172f758854dcfd5401cc9289cab01261dc44f,93268,unknown,none,test-post-hoc,ledger:test+post_hoc,test,unmapped,no,not-a-figure-or-table-float,yes
results/safety_guided_defense/decision_analysis/seed42_test_probabilities/seed42_variantD_byValMacroF1_pgd_probabilities_test_epsilon_0_03.csv,predictions,7096c98e05be4db0dd455f7dc4b7a0297a6b0ac88909b23b35eff4511a0ce672,92893,scripts/analysis/plot_d1_d12_recall_far.py,literal,test-post-hoc,ledger:test+post_hoc,test,unmapped,no,not-a-figure-or-table-float,yes
results/safety_guided_defense/decision_analysis/test_threshold_sweep_pgd.csv,csv,351638643936ca65659d20bf99f3c816346408bc2bdacf255e169dab57964d31,9764,scripts/analyze_false_alarm_calibration.py,literal,diagnostic-internal,default,none,unmapped,no,not-a-figure-or-table-float,yes
results/safety_guided_defense/decision_analysis/threshold_selection_val_to_test.csv,csv,65eb2a147e5229846b8bea800e0640f852bd48df4f46a8eed2afe9e31ee5873f,952,scripts/analyze_false_alarm_calibration.py,literal,validation-only,path:val,val,unmapped,no,not-a-figure-or-table-float,yes
results/safety_guided_defense/decision_analysis/validation_probabilities/seed42_variantD_bySafetyScore_clean_probabilities_val_epsilon_0_03.csv,predictions,35c206b25397dc8d14ded1be621eb7fe008442b4668b4bf9c5b0f45c1dd71cca,35031,unknown,none,validation-only,ledger:val,val,unmapped,no,not-a-figure-or-table-float,yes
results/safety_guided_defense/decision_analysis/validation_probabilities/seed42_variantD_bySafetyScore_fgsm_probabilities_val_epsilon_0_03.csv,predictions,849d76e8643df6b74bdc955c6fe521540fb126c28644a320a5b27f69bf82bece,34591,unknown,none,validation-only,ledger:val,val,unmapped,no,not-a-figure-or-table-float,yes
results/safety_guided_defense/decision_analysis/validation_probabilities/seed42_variantD_bySafetyScore_pgd_probabilities_val_epsilon_0_03.csv,predictions,8ba0b9dfc2939bf301af50a57e7659e81610e4852b7836eeaf05a5eaa7684626,34115,scripts/analysis/h15_e0_hard_window_inventory.py,literal,validation-only,ledger:val,val,unmapped,no,not-a-figure-or-table-float,yes
results/safety_guided_defense/decision_analysis/validation_probabilities/seed43_variantD_bySafetyScore_clean_probabilities_val_epsilon_0_03.csv,predictions,53078d3c659a4e5ab17907354151588cb93629e6167559cad6202348e18ac536,35068,unknown,none,validation-only,ledger:val,val,unmapped,no,not-a-figure-or-table-float,yes
results/safety_guided_defense/decision_analysis/validation_probabilities/seed43_variantD_bySafetyScore_fgsm_probabilities_val_epsilon_0_03.csv,predictions,4e1975a1af845282d27fcc6c1b2d52cf964adde70ead200232ba53791108d81e,34606,unknown,none,validation-only,ledger:val,val,unmapped,no,not-a-figure-or-table-float,yes
results/safety_guided_defense/decision_analysis/validation_probabilities/seed43_variantD_bySafetyScore_pgd_probabilities_val_epsilon_0_03.csv,predictions,9db1356af8f3e02943273f49b56e730cf44e6fd301335943798d4562b1a3e143,34116,scripts/analysis/h15_e0_hard_window_inventory.py,literal,validation-only,ledger:val,val,unmapped,no,not-a-figure-or-table-float,yes
results/safety_guided_defense/defense_line_synthesis/CH6_DEFENSE_DRAFT.md,report,b450783e80dfc8db23153458f463116553b64018c0a456fde751b89eb359058f,39940,unknown,none,diagnostic-internal,default,none,unmapped,no,not-a-figure-or-table-float,yes
results/safety_guided_defense/defense_line_synthesis/DEFENSE_LINE_SYNTHESIS_MEMO.md,report,a108d9ad3de6b47a9ecf65d9ec20613952df693c109b7aa84a52f95958bfae83,12010,unknown,none,diagnostic-internal,default,none,unmapped,no,not-a-figure-or-table-float,yes
results/safety_guided_defense/defense_line_synthesis/FRONTIER_SYNTHESIS_MEMO.md,report,c74bcf982d4c2935ffc10e4ff271d39253e93003ca2e411ecf59105770351b4a,11637,unknown,none,diagnostic-internal,default,none,unmapped,no,not-a-figure-or-table-float,yes
results/safety_guided_defense/dual_specialist_safety_gate/A1/seed42/REPORT.md,report,b8be897b6e87fc1b707e387c54c4ca39e10b6089591648c9b8d87b3ccc97dd24,9099,scripts/analyze_variantG_g1_seed44.py,literal,diagnostic-internal,default,none,unmapped,no,not-a-figure-or-table-float,yes
results/safety_guided_defense/dual_specialist_safety_gate/A1/seed42/adaptive_gate_perwindow_test_epsilon_0_03.csv,csv,06126668e9a1bb42c75a5146cbf8e0b6ec612e12b437fa2660675c6cbd4c7ef0,9959,unknown,none,test-descriptive,ledger:test,test,unmapped,no,not-a-figure-or-table-float,yes
results/safety_guided_defense/dual_specialist_safety_gate/A1/seed42/cross_family_check/error_overlap.csv,csv,4dfef79aed18fdcd3fce1830d4d7e7d59968d988292b34e05dac0b9d9ebe26a5,930,scripts/gate_dual_specialist.py,literal,diagnostic-internal,default,none,unmapped,no,not-a-figure-or-table-float,yes
results/safety_guided_defense/dual_specialist_safety_gate/A1/seed42/cross_family_check/frontier_points.csv,csv,93b77a4544002dbdc694fe744015c5901efae121637112333d9aa25f99987371,699,scripts/gate_dual_specialist.py,literal,diagnostic-internal,default,none,unmapped,no,not-a-figure-or-table-float,yes
results/safety_guided_defense/dual_specialist_safety_gate/A1/seed42/cross_family_check/gate_config.json,json,c177bea7248d6f6bf3207ce3e021ea9c7f8b182537c13dca510415e5823381dd,2188,scripts/adaptive_gate_attack.py,literal,diagnostic-internal,default,none,unmapped,no,not-a-figure-or-table-float,yes
results/safety_guided_defense/dual_specialist_safety_gate/A1/seed42/cross_family_check/gate_grid_validation.csv,csv,bdc7938294d6c023175d4934b13265589393b409dfc6748bc6d0734de22adf29,859104,scripts/gate_dual_specialist.py,literal,validation-only,ledger:val,val,unmapped,no,not-a-figure-or-table-float,yes
results/safety_guided_defense/dual_specialist_safety_gate/A1/seed42/cross_family_check/metrics_clean.csv,csv,7f71952376f584a109e00a05466e557c6cc34195eefc8bd03dad0a6d1bcd66c3,589,scripts/gate_dual_specialist.py,literal,diagnostic-internal,default,none,unmapped,no,not-a-figure-or-table-float,yes
results/safety_guided_defense/dual_specialist_safety_gate/A1/seed42/cross_family_check/metrics_fgsm_eps003.csv,csv,8da079c04478e54a4a53886f692393c67ff72cd885779df383f6635fd2beb429,579,scripts/gate_dual_specialist.py,literal,diagnostic-internal,default,none,unmapped,no,not-a-figure-or-table-float,yes
results/safety_guided_defense/dual_specialist_safety_gate/A1/seed42/cross_family_check/metrics_pgd_eps003.csv,csv,c5599ae50f625b815e35616d6f6c4cbefbe8df077ac77252b6c7bab07568762d,530,scripts/gate_dual_specialist.py,literal,diagnostic-internal,default,none,unmapped,no,not-a-figure-or-table-float,yes
results/safety_guided_defense/dual_specialist_safety_gate/A1/seed42/cross_family_check/test_probabilities.csv,csv,53bfe12d497872375ad3c3ceee3d3662321347ae2c3bb67fc66fa56553d8bf29,176262,scripts/gate_dual_specialist.py,literal,diagnostic-internal,default,none,unmapped,no,not-a-figure-or-table-float,yes
results/safety_guided_defense/dual_specialist_safety_gate/A1/seed42/cross_family_check/validation_probabilities.csv,csv,b30e96ff7c0c4bedd4f7cb8380e21361e6063b8c4476fac27c9607e4e4f2fbc7,173176,scripts/gate_dual_specialist.py,literal,diagnostic-internal,default,none,unmapped,no,not-a-figure-or-table-float,yes
results/safety_guided_defense/dual_specialist_safety_gate/A1/seed42/error_overlap.csv,csv,812281570050f55e239eac26401be2417e223d4893eea579e883204145272a89,931,scripts/gate_dual_specialist.py,literal,diagnostic-internal,default,none,unmapped,no,not-a-figure-or-table-float,yes
results/safety_guided_defense/dual_specialist_safety_gate/A1/seed42/figures/fig_confusion_clean.png,figure,24dcc0a4139a9e83466631e759c3bc983a81fe2ca6f4daff9cd860097eb10793,32413,scripts/plot_dsge_stage_a.py,literal,diagnostic-internal,default,none,unmapped,no,evidence-not-admissible;claim-not-approved,yes
results/safety_guided_defense/dual_specialist_safety_gate/A1/seed42/figures/fig_confusion_pgd.png,figure,0b30249dc0c97b0f3e3c2f23211f5471a158b28bf10183b98950f2b44f59de57,32737,scripts/plot_dsge_stage_a.py,literal,diagnostic-internal,default,none,unmapped,no,evidence-not-admissible;claim-not-approved,yes
results/safety_guided_defense/dual_specialist_safety_gate/A1/seed42/figures/fig_error_overlap.png,figure,d19a82b418fd4d47c8ba5a8909dd89c77586ebbac2abebdefac4380822cec22b,48891,scripts/plot_dsge_stage_a.py,literal,diagnostic-internal,default,none,unmapped,no,evidence-not-admissible;claim-not-approved,yes
results/safety_guided_defense/dual_specialist_safety_gate/A1/seed42/figures/fig_recall_far_frontier.png,figure,6a13920b14c0969befdb1908b014bb4fb28ad12e2f0fa619d7c6d3f2578b1dc6,103583,scripts/plot_dsge_stage_a.py,literal,diagnostic-internal,default,none,unmapped,no,evidence-not-admissible;claim-not-approved,yes
results/safety_guided_defense/dual_specialist_safety_gate/A1/seed42/frontier_points.csv,csv,16327ac5ef7d65c526830fee8c2a87ac6a76898c2cef7f3defe580439e5a17f5,700,scripts/gate_dual_specialist.py,literal,diagnostic-internal,default,none,unmapped,no,not-a-figure-or-table-float,yes
results/safety_guided_defense/dual_specialist_safety_gate/A1/seed42/gate_config.json,json,a03273afc69d8e6d3af309bb9e6d5a4d962c4cbdd1dfaa932791944ed29fea2f,2165,scripts/adaptive_gate_attack.py,literal,diagnostic-internal,default,none,unmapped,no,not-a-figure-or-table-float,yes
results/safety_guided_defense/dual_specialist_safety_gate/A1/seed42/gate_grid_validation.csv,csv,cee0a23561d283ffd4dc1231fd95254f0aaf3c24a4e504490d08a350e3d6f93c,899912,scripts/gate_dual_specialist.py,literal,validation-only,ledger:val,val,unmapped,no,not-a-figure-or-table-float,yes
results/safety_guided_defense/dual_specialist_safety_gate/A1/seed42/metrics_adaptive_gate_pgd_eps003.csv,csv,754b5b2625da272ed1a6115195884bdd8ab423ac33429ac6be571801833a6a1d,351,scripts/adaptive_gate_attack.py,literal,test-descriptive,ledger:test,test,unmapped,no,not-a-figure-or-table-float,yes
results/safety_guided_defense/dual_specialist_safety_gate/A1/seed42/metrics_clean.csv,csv,13426f025cdb3f03b6117e753eee3a845fd765cbfac86379d0ad8293fce9ab21,593,scripts/gate_dual_specialist.py,literal,diagnostic-internal,default,none,unmapped,no,not-a-figure-or-table-float,yes
results/safety_guided_defense/dual_specialist_safety_gate/A1/seed42/metrics_fgsm_eps003.csv,csv,131a032a97ff5fb0027908e76708cac82ec2cad467f65ade6fcf6dae4f83b645,579,scripts/gate_dual_specialist.py,literal,diagnostic-internal,default,none,unmapped,no,not-a-figure-or-table-float,yes
results/safety_guided_defense/dual_specialist_safety_gate/A1/seed42/metrics_pgd_eps003.csv,csv,398c3c92f97bb99b8d5f88463d6a96ca7ab72ada0467d3802892497fc59a3f59,562,scripts/gate_dual_specialist.py,literal,diagnostic-internal,default,none,unmapped,no,not-a-figure-or-table-float,yes
results/safety_guided_defense/dual_specialist_safety_gate/A1/seed42/probabilities/B_G1lowFA_clean_probabilities_test_epsilon_0_03.csv,predictions,a983ce6c4a783744bc06ceb3cd9019905b6d38514b57e8316b5d77e7823c8b76,94121,unknown,none,test-post-hoc,ledger:test+post_hoc,test,unmapped,no,not-a-figure-or-table-float,yes
results/safety_guided_defense/dual_specialist_safety_gate/A1/seed42/probabilities/B_G1lowFA_clean_probabilities_val_epsilon_0_03.csv,predictions,9296e805e2aa5574d624b960c6bbf806ec058a92bd5ff8b6d769d91f3fb94b5a,93413,unknown,none,validation-only,ledger:val,val,unmapped,no,not-a-figure-or-table-float,yes
results/safety_guided_defense/dual_specialist_safety_gate/A1/seed42/probabilities/B_G1lowFA_fgsm_probabilities_test_epsilon_0_03.csv,predictions,c4aa8eb9db376b0fe3bee57b0e6fa4a3166d020425235c12b7d26d96dd98076a,93717,unknown,none,test-post-hoc,ledger:test+post_hoc,test,unmapped,no,not-a-figure-or-table-float,yes
results/safety_guided_defense/dual_specialist_safety_gate/A1/seed42/probabilities/B_G1lowFA_fgsm_probabilities_val_epsilon_0_03.csv,predictions,5730d11566163975c739bb4c18784a961b309d1c22af06f017f292afbcd3fff7,92982,unknown,none,validation-only,ledger:val,val,unmapped,no,not-a-figure-or-table-float,yes
results/safety_guided_defense/dual_specialist_safety_gate/A1/seed42/probabilities/B_G1lowFA_pgd_probabilities_test_epsilon_0_03.csv,predictions,f3298b557a626547e12bf3171e84d5ab2cd8fa029195270fa9c691e22a54989c,93331,scripts/analysis/plot_d1_d12_recall_far.py,literal,test-post-hoc,ledger:test+post_hoc,test,unmapped,no,not-a-figure-or-table-float,yes
results/safety_guided_defense/dual_specialist_safety_gate/A1/seed42/probabilities/B_G1lowFA_pgd_probabilities_val_epsilon_0_03.csv,predictions,b307cea233f4e7707fe453385225589f6ccfe4a82d19d399a4dd69bad17c6713,92636,scripts/compute_g1_baseline_val_frontier.py,literal,validation-only,ledger:val,val,unmapped,no,not-a-figure-or-table-float,yes
results/safety_guided_defense/dual_specialist_safety_gate/A1/seed42/probabilities/B_optBminFA_clean_probabilities_test_epsilon_0_03.csv,predictions,8500edb95703a650aae44d4434824853046e3ef635c8f1afc4fc4dd70ad5b471,93966,unknown,none,test-post-hoc,ledger:test+post_hoc,test,unmapped,no,not-a-figure-or-table-float,yes
results/safety_guided_defense/dual_specialist_safety_gate/A1/seed42/probabilities/B_optBminFA_clean_probabilities_val_epsilon_0_03.csv,predictions,213f74e5c6cf49e2433150c2d97bc3472a149116285edfe2b1d4c37f8659bc85,93255,unknown,none,validation-only,ledger:val,val,unmapped,no,not-a-figure-or-table-float,yes
results/safety_guided_defense/dual_specialist_safety_gate/A1/seed42/probabilities/B_optBminFA_fgsm_probabilities_test_epsilon_0_03.csv,predictions,953d920c093377ba317abdf940b00ccb0ccc37500a2387271f5f88f754e22fdb,93448,unknown,none,test-post-hoc,ledger:test+post_hoc,test,unmapped,no,not-a-figure-or-table-float,yes
results/safety_guided_defense/dual_specialist_safety_gate/A1/seed42/probabilities/B_optBminFA_fgsm_probabilities_val_epsilon_0_03.csv,predictions,c9625552f91187451749def067f29d071234332b8d593821e592ca1395270ea4,92698,unknown,none,validation-only,ledger:val,val,unmapped,no,not-a-figure-or-table-float,yes
results/safety_guided_defense/dual_specialist_safety_gate/A1/seed42/probabilities/B_optBminFA_pgd_probabilities_test_epsilon_0_03.csv,predictions,02ad279668338e2a16423c32850dc3808fa33ce3d0c7595f1480945b49f4b542,92984,unknown,none,test-post-hoc,ledger:test+post_hoc,test,unmapped,no,not-a-figure-or-table-float,yes
results/safety_guided_defense/dual_specialist_safety_gate/A1/seed42/probabilities/B_optBminFA_pgd_probabilities_val_epsilon_0_03.csv,predictions,0388dc17b6ea12604854c6cc2abe8052375672d0e9914faa8ab011e338258571,92218,scripts/analysis/h15_e0_hard_window_inventory.py,literal,validation-only,ledger:val,val,unmapped,no,not-a-figure-or-table-float,yes
results/safety_guided_defense/dual_specialist_safety_gate/A1/seed42/probabilities/R_G1maxrec_clean_probabilities_test_epsilon_0_03.csv,predictions,f951e997c7f34ac891d782f69b01ca637d9d109d0c5cfa34b8f3b888c7420775,94016,unknown,none,test-post-hoc,ledger:test+post_hoc,test,unmapped,no,not-a-figure-or-table-float,yes
results/safety_guided_defense/dual_specialist_safety_gate/A1/seed42/probabilities/R_G1maxrec_clean_probabilities_val_epsilon_0_03.csv,predictions,8ef6c776bfa22c04b81ce7f3722035f4dacf37ff0fc6f04381d24a0845b04755,93313,scripts/compute_g1_baseline_val_frontier.py,literal,validation-only,ledger:val,val,unmapped,no,not-a-figure-or-table-float,yes
results/safety_guided_defense/dual_specialist_safety_gate/A1/seed42/probabilities/R_G1maxrec_fgsm_probabilities_test_epsilon_0_03.csv,predictions,483d45e2b7e20deaad19812447c1fb7bb51cd606249c93814ddb609c680ccdbb,93500,unknown,none,test-post-hoc,ledger:test+post_hoc,test,unmapped,no,not-a-figure-or-table-float,yes
results/safety_guided_defense/dual_specialist_safety_gate/A1/seed42/probabilities/R_G1maxrec_fgsm_probabilities_val_epsilon_0_03.csv,predictions,e9213317235c2f92d93c1ebd16bdd44b5707d2e13e45046441dc03b9d5d0a969,92733,scripts/compute_g1_baseline_val_frontier.py,literal,validation-only,ledger:val,val,unmapped,no,not-a-figure-or-table-float,yes
results/safety_guided_defense/dual_specialist_safety_gate/A1/seed42/probabilities/R_G1maxrec_pgd_probabilities_test_epsilon_0_03.csv,predictions,5475b3a83c0d06530d4bb55237e1a7a2adc1276ca18a49899aa6e38c06f28398,93095,scripts/analysis/plot_d1_d12_recall_far.py,literal,test-post-hoc,ledger:test+post_hoc,test,unmapped,no,not-a-figure-or-table-float,yes
results/safety_guided_defense/dual_specialist_safety_gate/A1/seed42/probabilities/R_G1maxrec_pgd_probabilities_val_epsilon_0_03.csv,predictions,e00d52c2d4717b59cbb0dd38a391a379eff0af6eb9d6fbad65ce62756de6fd58,92298,scripts/compute_g1_baseline_val_frontier.py,literal,validation-only,ledger:val,val,unmapped,no,not-a-figure-or-table-float,yes
results/safety_guided_defense/dual_specialist_safety_gate/A1/seed42/test_probabilities.csv,csv,7253caf0732a1ccf498ef7d0926e9b5ab2483a4626d7070ac85a3ef0b19588e6,175552,scripts/gate_dual_specialist.py,literal,diagnostic-internal,default,none,unmapped,no,not-a-figure-or-table-float,yes
results/safety_guided_defense/dual_specialist_safety_gate/A1/seed42/validation_probabilities.csv,csv,41c25da724e77913c4ea84733cee214696ccd69c3a640f5a9b3031940cf0d9a3,172467,scripts/gate_dual_specialist.py,literal,diagnostic-internal,default,none,unmapped,no,not-a-figure-or-table-float,yes
results/safety_guided_defense/dual_specialist_safety_gate/CH6_DSGE_SUBSECTION_DRAFT.md,report,5541abd789c37594d2b3be30ea10ac04ca75a3c8fe826d9583fd0895754b1aa8,7648,unknown,none,diagnostic-internal,default,none,unmapped,no,not-a-figure-or-table-float,yes
results/safety_guided_defense/final_defense_synthesis/CH6_UPDATE_OUTLINE.md,report,d93b786c04b9ddd4079796ef959dfcc472e29e7ae914b353788fe89e001a9dbf,9089,unknown,none,diagnostic-internal,default,none,unmapped,no,not-a-figure-or-table-float,yes
results/safety_guided_defense/final_defense_synthesis/FALSE_ALARM_MECHANISM_INVESTIGATION.md,report,c0dc7367a6d419f588ce9f321e1c32becf853af1e5bbef7d8750e2c6b8d6dfac,16517,unknown,none,diagnostic-internal,default,none,unmapped,no,not-a-figure-or-table-float,yes
results/safety_guided_defense/final_defense_synthesis/FINAL_DEFENSE_LINE_CLOSURE.md,report,6cf7fb161794c4db28b719d39b3df99b23444b298d26ce3c270b652f9eed4d5e,11917,unknown,none,diagnostic-internal,default,none,unmapped,no,not-a-figure-or-table-float,yes
results/safety_guided_defense/final_defense_synthesis/FINAL_DEFENSE_SYNTHESIS.md,report,839df73b14297983d4ed82a81069ef644f5cf16c79251a20844fb865801e6638,18949,unknown,none,diagnostic-internal,default,none,unmapped,no,not-a-figure-or-table-float,yes
results/safety_guided_defense/final_defense_synthesis/HIGH_RECALL_LOW_FP_FEASIBILITY.md,report,eb5cf8ac3faf932a25fdc27e37f9b70d25d0bc882798fc59be5885378bd02c2a,14304,unknown,none,diagnostic-internal,default,none,unmapped,no,not-a-figure-or-table-float,yes
results/safety_guided_defense/final_defense_synthesis/POST_CLOSURE_TARGET_GAP_ANALYSIS.md,report,6780793bb75eeb19aa764e6a3b0cac74af4a8a82cb3c17b7642d33646b50d0c3,9358,unknown,none,diagnostic-internal,default,none,unmapped,no,not-a-figure-or-table-float,yes
results/safety_guided_defense/final_defense_synthesis/REPRESENTATION_CEILING_CAPSTONE.md,report,bc961cea05d7ff66fe22f332b87d0f53a2c4ec6c7a46c3fe0f1a776ebb9aaeca,11822,scripts/automation/test_scan_artifacts.py,literal,diagnostic-internal,default,none,unmapped,no,not-a-figure-or-table-float,yes
results/safety_guided_defense/final_defense_synthesis/figures/representation_ceiling.png,figure,e1f43172d3d57f2a38cc29053fc86be52c16154a22cce2f22e3c983201badb79,141260,scripts/create_representation_ceiling_figure.py,literal,diagnostic-internal,default,none,unmapped,no,evidence-not-admissible;claim-not-approved,yes
results/safety_guided_defense/representation_bilstm/_smoke/seed42/G1/logs/seed42_bilstm_g1_smoke_training_log.csv,csv,80f9ff850702c2567cc580be1dee8eb9866d071a0e272c19a43ca01bd3e9226a,590,unknown,none,diagnostic-internal,default,none,unmapped,no,not-a-figure-or-table-float,yes
results/safety_guided_defense/representation_bilstm/clean_baseline/_smoke/seed42/logs/seed42_bilstm_clean_smoke_training_log.csv,csv,324947fe1eb0a28f9d3a11103be873ffa025a6a5c9012f11115cd9d63cd40c24,470,unknown,none,diagnostic-internal,default,none,unmapped,no,not-a-figure-or-table-float,yes
results/safety_guided_defense/representation_bilstm/seed42/G1/NON_CONVERGENCE_DO_NOT_CITE.md,report,0dd122c4c03cb968ef2ac5de4c44f40da915d3421e841224aa9f191f77109fc4,1547,scripts/train_bilstm_clean.py,literal,diagnostic-internal,default,none,unmapped,no,not-a-figure-or-table-float,yes
results/safety_guided_defense/representation_bilstm/seed42/G1/analysis/seed42_bilstm_g1_selection_candidates.csv,csv,d5a9f37503f291902f6a54daad0c9a2ddd0b30808382fab5b97dfd4c7588034a,232,unknown,none,diagnostic-internal,default,none,unmapped,no,not-a-figure-or-table-float,yes
results/safety_guided_defense/representation_bilstm/seed42/G1/logs/seed42_bilstm_g1_training_log.csv,csv,ba2f23f06f10ff223cead2d78c42eebc1ef03fd03fc37d73b046e5f61d27cfbc,9151,unknown,none,diagnostic-internal,default,none,unmapped,no,not-a-figure-or-table-float,yes
results/safety_guided_defense/representation_bilstm/seed42/G1/metadata/seed42_bilstm_g1_metadata.json,metadata,ee02764897e4eb500a988b3c3504ff9d1f695b93fe850b244529c8c829141c34,2318,unknown,none,diagnostic-internal,default,none,unmapped,no,not-a-figure-or-table-float,yes
results/safety_guided_defense/seed42/NEXT_EXPERIMENT_DECISION_MEMO.md,report,c02fe0db260a11ee0daa8c553379cbc3ec8bce674cab2bea5b0b882dfab17c95,17438,unknown,none,diagnostic-internal,default,none,unmapped,no,not-a-figure-or-table-float,yes
results/safety_guided_defense/seed42/SEED42_REPORT.md,report,2a05926c5cb6fa62de0afae688adb595f2922218f6c25b02978a87381d3076b7,8850,unknown,none,diagnostic-internal,default,none,unmapped,no,not-a-figure-or-table-float,yes
results/safety_guided_defense/seed42/analysis/binary_alert_metrics.csv,csv,b98877908956047d8509f7145d5e78cdd6a25c329bc1ec164cf150ce12592c05,934,scripts/analyze_safety_guided_seed.py,literal,diagnostic-internal,default,none,unmapped,no,not-a-figure-or-table-float,yes
results/safety_guided_defense/seed42/analysis/false_alarm_class_sources.csv,csv,b473042444f9391b4debcbce9d779531e4c83107c6f1022e99a2d42f9de4856f,515,scripts/analyze_safety_guided_seed.py,literal,diagnostic-internal,default,none,unmapped,no,not-a-figure-or-table-float,yes
results/safety_guided_defense/seed42/figures/fig1_fall_recall_vs_epsilon.png,figure,54a78b024f1e550dfc4c5452306cfd9d4ba2e746898fcf53eb5127a52be0344f,110404,scripts/analyze_safety_guided_seed.py,literal,diagnostic-internal,default,none,unmapped,no,evidence-not-admissible;claim-not-approved,yes
results/safety_guided_defense/seed42/figures/fig2_false_fall_alarms_vs_epsilon.png,figure,89835c805e5c70f1cf8ed3cae5c311e528a35a9d8954b25632b7674e69d9b216,93152,scripts/analyze_safety_guided_seed.py,literal,diagnostic-internal,default,none,unmapped,no,evidence-not-admissible;claim-not-approved,yes
results/safety_guided_defense/seed42/figures/fig3_clean_fgsm_pgd_bar_summary.png,figure,d18c63853aea4f4ef84c419e5cb62dd103f2eac76bbdf5ce5a91d334737c0670,67368,scripts/analyze_safety_guided_seed.py,literal,diagnostic-internal,default,none,unmapped,no,evidence-not-admissible;claim-not-approved,yes
results/safety_guided_defense/seed42/logs/seed42_variantA_pgd_at_fw1_50clean_50pgd_metadata.json,metadata,5b2e7a1f5306bf86d08eb36cc39bf4239250744f3a25b8b0450708a3b0c2ad10,5269,unknown,none,diagnostic-internal,default,none,unmapped,no,not-a-figure-or-table-float,yes
results/safety_guided_defense/seed42/logs/seed42_variantA_pgd_at_fw1_50clean_50pgd_training_log.csv,csv,ebb66f0d9212663d40bb65d00a8fa9ca691b98e5c0d7346d7713a51dda585c27,5564,unknown,none,diagnostic-internal,default,none,unmapped,no,not-a-figure-or-table-float,yes
results/safety_guided_defense/seed42/logs/seed42_variantB_pgd_at_fw3_50clean_50pgd_metadata.json,metadata,5d6203cc2aa7a3b102d6ffa9fab8549662ebf253bb0e3fbb5077eab35380393a,5241,unknown,none,diagnostic-internal,default,none,unmapped,no,not-a-figure-or-table-float,yes
results/safety_guided_defense/seed42/logs/seed42_variantB_pgd_at_fw3_50clean_50pgd_training_log.csv,csv,c42a7299fab0f5a35d2a1fb479707cd3b48b0496b70135be7b86c0565cb17d20,5613,unknown,none,diagnostic-internal,default,none,unmapped,no,not-a-figure-or-table-float,yes
results/safety_guided_defense/seed42/logs/seed42_variantC_fgsm_pgd_at_fw3_50clean_25fgsm_25pgd_metadata.json,metadata,865f5126138977e5ac38003a3e7400d20967105eedf4ad4b2df5506973ed0095,5252,unknown,none,diagnostic-internal,default,none,unmapped,no,not-a-figure-or-table-float,yes
results/safety_guided_defense/seed42/logs/seed42_variantC_fgsm_pgd_at_fw3_50clean_25fgsm_25pgd_training_log.csv,csv,272a63067268d576048df1f2f674446d93e6928d1038ce1fadf2fb11d7e8bfd6,5600,unknown,none,diagnostic-internal,default,none,unmapped,no,not-a-figure-or-table-float,yes
results/safety_guided_defense/seed42/logs/seed42_variantD_fgsm_pgd_multieps_at_fw3_50clean_25fgsm_25pgd_metadata.json,metadata,86fff8df889357eb86fb183d7c044d929e77ef860e3b07ac0ee0e386d395dec6,5388,unknown,none,diagnostic-internal,default,none,unmapped,no,not-a-figure-or-table-float,yes
results/safety_guided_defense/seed42/logs/seed42_variantD_fgsm_pgd_multieps_at_fw3_50clean_25fgsm_25pgd_training_log.csv,csv,e88950cd05c849e3a355b779227daa2d68ac0b4f15ed96f999c40864808984dd,7636,unknown,none,diagnostic-internal,default,none,unmapped,no,not-a-figure-or-table-float,yes
results/safety_guided_defense/seed42/seed42_defense_comparison.csv,csv,14aba0f8416b64a782a7c264b2949563e6e0312c35153897cc9f26ad407bff23,1389,scripts/build_safety_guided_comparison.py,literal,diagnostic-internal,default,none,unmapped,no,not-a-figure-or-table-float,yes
results/safety_guided_defense/seed42/test_eval/variantA_bySafetyScore_attacks_metadata.json,metadata,6c8f75d5673d03872f2812c373642da7ea256d09d169a33f630d2fbfd42a2a5c,6067,unknown,none,diagnostic-internal,default,none,unmapped,no,not-a-figure-or-table-float,yes
results/safety_guided_defense/seed42/test_eval/variantA_bySafetyScore_fgsm_epsilon_sweep_legacy.csv,csv,93c9d126c91bcca5e7989244ab44876a3d5469cf78b0093a39f5422b8eed513c,2590,unknown,none,diagnostic-internal,default,none,unmapped,no,not-a-figure-or-table-float,yes
results/safety_guided_defense/seed42/test_eval/variantA_bySafetyScore_fgsm_epsilon_sweep_test.csv,csv,236571dbb55b47b84a91c0ae9ee97e8bde3cddb6b385d29b10c2147fc8f0b976,2540,unknown,none,test-descriptive,ledger:test,test,unmapped,no,not-a-figure-or-table-float,yes
results/safety_guided_defense/seed42/test_eval/variantA_bySafetyScore_fgsm_predictions_legacy_epsilon_0_03.csv,predictions,7f6978b84efde5cfbd3abbde17e32bc69a8681238c86dd5568cc398c1aed851c,67630,unknown,none,diagnostic-internal,default,none,unmapped,no,not-a-figure-or-table-float,yes
results/safety_guided_defense/seed42/test_eval/variantA_bySafetyScore_fgsm_predictions_test_epsilon_0_03.csv,predictions,19437d3261bf6d991d76eaf9025ec6dfb0f85fa519c35af4a4609ce508c753e3,34033,unknown,none,test-descriptive,path:convention,test,unmapped,no,not-a-figure-or-table-float,yes
results/safety_guided_defense/seed42/test_eval/variantA_bySafetyScore_fgsm_safety_metrics_legacy_epsilon_0_03.csv,csv,05b9e727d8f46946a5f4763789ad216a07bc4b74e12d326734188d1dfcc2c38a,477,unknown,none,diagnostic-internal,default,none,unmapped,no,not-a-figure-or-table-float,yes
results/safety_guided_defense/seed42/test_eval/variantA_bySafetyScore_fgsm_safety_metrics_test_epsilon_0_03.csv,csv,165d077df473a6f0f44ec299d46ef4ae6c4e7ea6c8c9047187a7d777d28ddcbe,475,unknown,none,test-descriptive,ledger:test,test,unmapped,no,not-a-figure-or-table-float,yes
results/safety_guided_defense/seed42/test_eval/variantA_bySafetyScore_fgsm_sweep_predictions_legacy.csv,predictions,0dd6abf945ea5351ccd840649480804408dbe5b147c8a4fa119f7e93d1da9efb,1213082,unknown,none,diagnostic-internal,default,none,unmapped,no,not-a-figure-or-table-float,yes
results/safety_guided_defense/seed42/test_eval/variantA_bySafetyScore_fgsm_sweep_predictions_test.csv,predictions,477173ad5d9e8ce716125c2a1981be707f7b83ea0df48fc0e0950e5b567fce09,607912,unknown,none,test-descriptive,ledger:test,test,unmapped,no,not-a-figure-or-table-float,yes
results/safety_guided_defense/seed42/test_eval/variantA_bySafetyScore_pgd_epsilon_sweep_legacy.csv,csv,7e16056f2665b8a0b11785e95e33c253bd954b5ad8f430ecd40f08b859ebf4d1,2650,unknown,none,diagnostic-internal,default,none,unmapped,no,not-a-figure-or-table-float,yes
results/safety_guided_defense/seed42/test_eval/variantA_bySafetyScore_pgd_epsilon_sweep_test.csv,csv,468c296f63eb4d58c18044dd04c408557f281de8193d07f956866a96d4f1bf50,2600,unknown,none,test-descriptive,ledger:test,test,unmapped,no,not-a-figure-or-table-float,yes
results/safety_guided_defense/seed42/test_eval/variantA_bySafetyScore_pgd_predictions_legacy_epsilon_0_03.csv,predictions,296f7d1c41ce236ffbefd887fed743864b7ef97dd73d16d3646d6182549435a9,79655,unknown,none,diagnostic-internal,default,none,unmapped,no,not-a-figure-or-table-float,yes
results/safety_guided_defense/seed42/test_eval/variantA_bySafetyScore_pgd_predictions_test_epsilon_0_03.csv,predictions,6a98b00805cc9bf7781a27093b42888aa2f4db9e5df928c8bb32c2ab40e77bfb,40086,unknown,none,test-descriptive,path:convention,test,unmapped,no,not-a-figure-or-table-float,yes
results/safety_guided_defense/seed42/test_eval/variantA_bySafetyScore_pgd_safety_metrics_legacy_epsilon_0_03.csv,csv,5d25b87deefbbd177a2a270762743ef46aad766b32ae4da16cf42b113dbd1d24,482,unknown,none,diagnostic-internal,default,none,unmapped,no,not-a-figure-or-table-float,yes
results/safety_guided_defense/seed42/test_eval/variantA_bySafetyScore_pgd_safety_metrics_test_epsilon_0_03.csv,csv,392e654c8e36249b05691fb03eaacc51523110545e524702c943f611b45d17ea,477,unknown,none,test-descriptive,ledger:test,test,unmapped,no,not-a-figure-or-table-float,yes
results/safety_guided_defense/seed42/test_eval/variantA_bySafetyScore_pgd_sweep_predictions_legacy.csv,predictions,deaa7a3ff3823210bef0efe216d6036ccc02a0fde145456526aea8fa861a3ac1,1429562,unknown,none,diagnostic-internal,default,none,unmapped,no,not-a-figure-or-table-float,yes
results/safety_guided_defense/seed42/test_eval/variantA_bySafetyScore_pgd_sweep_predictions_test.csv,predictions,c630a2cafc22f01bf22c2e1938533c19a1176c95a5e2314edd9ce69d47631149,716623,unknown,none,test-descriptive,ledger:test,test,unmapped,no,not-a-figure-or-table-float,yes
results/safety_guided_defense/seed42/test_eval/variantA_bySafetyScore_sweep_metadata.json,metadata,88decad07ce10e01fb2f936ba449f690e8c9d0c5054c300d023e226d8bdcec69,3858,unknown,none,diagnostic-internal,default,none,unmapped,no,not-a-figure-or-table-float,yes
results/safety_guided_defense/seed42/test_eval/variantA_byValMacroF1_attacks_metadata.json,metadata,a8992bf728774238e618d531464047a5d8777a45dbb02648c72906a41d4ce0ca,6041,unknown,none,diagnostic-internal,default,none,unmapped,no,not-a-figure-or-table-float,yes
results/safety_guided_defense/seed42/test_eval/variantA_byValMacroF1_fgsm_epsilon_sweep_legacy.csv,csv,2328261a32a486dead9ffe722c7b720329468a0ad51e44a4c29e6f4c2540df28,2579,unknown,none,diagnostic-internal,default,none,unmapped,no,not-a-figure-or-table-float,yes
results/safety_guided_defense/seed42/test_eval/variantA_byValMacroF1_fgsm_epsilon_sweep_test.csv,csv,8ada84b4dc039032bf62cad0e6b7ee2a76400b0fc9f187d68dad2f7c4495cf74,2538,unknown,none,test-descriptive,ledger:test,test,unmapped,no,not-a-figure-or-table-float,yes
results/safety_guided_defense/seed42/test_eval/variantA_byValMacroF1_fgsm_predictions_legacy_epsilon_0_03.csv,predictions,b56c022501b64160703ea4d1d9d3961944018319d663b1b99653d81b19c50e3d,67373,unknown,none,diagnostic-internal,default,none,unmapped,no,not-a-figure-or-table-float,yes
results/safety_guided_defense/seed42/test_eval/variantA_byValMacroF1_fgsm_predictions_test_epsilon_0_03.csv,predictions,2bfc55cf2923d99d373d96f54a8cbdf26883b4a176cb5a0a81cf768a32c68c19,33893,unknown,none,test-descriptive,path:convention,test,unmapped,no,not-a-figure-or-table-float,yes
results/safety_guided_defense/seed42/test_eval/variantA_byValMacroF1_fgsm_safety_metrics_legacy_epsilon_0_03.csv,csv,d6acb328ff4f5395ef9169e3c8bf34e7218436478ba436d50fdde8e73d07efd5,477,unknown,none,diagnostic-internal,default,none,unmapped,no,not-a-figure-or-table-float,yes
results/safety_guided_defense/seed42/test_eval/variantA_byValMacroF1_fgsm_safety_metrics_test_epsilon_0_03.csv,csv,3f36059384f77d16c61cac88321179c9075541dee8b4b839b2db6eab3a0578bf,474,unknown,none,test-descriptive,ledger:test,test,unmapped,no,not-a-figure-or-table-float,yes
results/safety_guided_defense/seed42/test_eval/variantA_byValMacroF1_fgsm_sweep_predictions_legacy.csv,predictions,a078ff40ee3c8959ee4197823e263a67662c132318088eec0206cc643ffb915a,1208049,unknown,none,diagnostic-internal,default,none,unmapped,no,not-a-figure-or-table-float,yes
results/safety_guided_defense/seed42/test_eval/variantA_byValMacroF1_fgsm_sweep_predictions_test.csv,predictions,7a651b3ce8b74532c458f924e3b22f7d8c4bcedab5f6cc41cf342bcf2ea891a9,604855,unknown,none,test-descriptive,ledger:test,test,unmapped,no,not-a-figure-or-table-float,yes
results/safety_guided_defense/seed42/test_eval/variantA_byValMacroF1_pgd_epsilon_sweep_legacy.csv,csv,c4eb107c40100d4ab5f50ae489736d659c641b9118957596821d5717319007c1,2639,unknown,none,diagnostic-internal,default,none,unmapped,no,not-a-figure-or-table-float,yes
results/safety_guided_defense/seed42/test_eval/variantA_byValMacroF1_pgd_epsilon_sweep_test.csv,csv,f05567271cbdc78a49692e6e2064966e6dbb2a374012072532144c4dfeedf2dc,2591,unknown,none,test-descriptive,ledger:test,test,unmapped,no,not-a-figure-or-table-float,yes
results/safety_guided_defense/seed42/test_eval/variantA_byValMacroF1_pgd_predictions_legacy_epsilon_0_03.csv,predictions,863c05682fa02f5ea7f3f431461e424b8c62f5de99e94c83556db643300a0126,79360,unknown,none,diagnostic-internal,default,none,unmapped,no,not-a-figure-or-table-float,yes
results/safety_guided_defense/seed42/test_eval/variantA_byValMacroF1_pgd_predictions_test_epsilon_0_03.csv,predictions,1c0d82de51ad910c1be7009637b1dbd9730ebed35ef73c322bdeb199f8057145,39909,unknown,none,test-descriptive,path:convention,test,unmapped,no,not-a-figure-or-table-float,yes
results/safety_guided_defense/seed42/test_eval/variantA_byValMacroF1_pgd_safety_metrics_legacy_epsilon_0_03.csv,csv,7e9063fb80f3450af09e1dd640ffb11558ad89ab720a1be59664ecbb41cd8eae,479,unknown,none,diagnostic-internal,default,none,unmapped,no,not-a-figure-or-table-float,yes
results/safety_guided_defense/seed42/test_eval/variantA_byValMacroF1_pgd_safety_metrics_test_epsilon_0_03.csv,csv,99eba0e3ea79bc5eac27d4e7c16842304643fdacc8e2e7b2d23219841fda5ddd,477,unknown,none,test-descriptive,ledger:test,test,unmapped,no,not-a-figure-or-table-float,yes
results/safety_guided_defense/seed42/test_eval/variantA_byValMacroF1_pgd_sweep_predictions_legacy.csv,predictions,9c3b35d06b480a604d6db509d40210ba088a86cc84506890342425665c81bdef,1425088,unknown,none,diagnostic-internal,default,none,unmapped,no,not-a-figure-or-table-float,yes
results/safety_guided_defense/seed42/test_eval/variantA_byValMacroF1_pgd_sweep_predictions_test.csv,predictions,ec18796b31f6adf564495825228fda2541653fe3254262428645cb2a83cde2ec,713851,unknown,none,test-descriptive,ledger:test,test,unmapped,no,not-a-figure-or-table-float,yes
results/safety_guided_defense/seed42/test_eval/variantA_byValMacroF1_sweep_metadata.json,metadata,4927f7dfc7865d5cd970c653510139be895899ce4d2b46a481c11ea129e1ca8b,3859,unknown,none,diagnostic-internal,default,none,unmapped,no,not-a-figure-or-table-float,yes
results/safety_guided_defense/seed42/test_eval/variantB_bySafetyScore_attacks_metadata.json,metadata,c6e7d253d342947c60bab1c12968472bb70e3a4956255d61ff6143ccafd50386,6078,unknown,none,diagnostic-internal,default,none,unmapped,no,not-a-figure-or-table-float,yes
results/safety_guided_defense/seed42/test_eval/variantB_bySafetyScore_fgsm_epsilon_sweep_legacy.csv,csv,9aafe47785c9e1bebbd2ee70d8cb1848b164d5cc553016c4e08e803a0483185f,2613,unknown,none,diagnostic-internal,default,none,unmapped,no,not-a-figure-or-table-float,yes
results/safety_guided_defense/seed42/test_eval/variantB_bySafetyScore_fgsm_epsilon_sweep_test.csv,csv,74a276500845fd1d97cf43b5221de2a729c9bc101f50eb008aaee9e39cad7121,2570,unknown,none,test-descriptive,ledger:test,test,unmapped,no,not-a-figure-or-table-float,yes
results/safety_guided_defense/seed42/test_eval/variantB_bySafetyScore_fgsm_predictions_legacy_epsilon_0_03.csv,predictions,5b1430c623a81cf8c86b8a829582379d150143a087fcd75984962648c7a4aea7,67690,unknown,none,diagnostic-internal,default,none,unmapped,no,not-a-figure-or-table-float,yes
results/safety_guided_defense/seed42/test_eval/variantB_bySafetyScore_fgsm_predictions_test_epsilon_0_03.csv,predictions,2d06fd062080642013f1ec0c49c897d593fcde4a8ff0f2265dd32dfda6b1fd6f,34032,unknown,none,test-descriptive,path:convention,test,unmapped,no,not-a-figure-or-table-float,yes
results/safety_guided_defense/seed42/test_eval/variantB_bySafetyScore_fgsm_safety_metrics_legacy_epsilon_0_03.csv,csv,9281b1be2cc7078a9aabccd160e2aa7d0bf6238c6a55a30c9804fa7115ebb4bc,479,unknown,none,diagnostic-internal,default,none,unmapped,no,not-a-figure-or-table-float,yes
results/safety_guided_defense/seed42/test_eval/variantB_bySafetyScore_fgsm_safety_metrics_test_epsilon_0_03.csv,csv,f1b4103a1cb12f4db771b6c0a7848a1fe0b7c24d3c2f1528cb4a28bf2568a63a,477,unknown,none,test-descriptive,ledger:test,test,unmapped,no,not-a-figure-or-table-float,yes
results/safety_guided_defense/seed42/test_eval/variantB_bySafetyScore_fgsm_sweep_predictions_legacy.csv,predictions,6c751816119ceafaa6859f952e321831c55d58f4a9421b60993d8306072d168f,1213753,unknown,none,diagnostic-internal,default,none,unmapped,no,not-a-figure-or-table-float,yes
results/safety_guided_defense/seed42/test_eval/variantB_bySafetyScore_fgsm_sweep_predictions_test.csv,predictions,95f218c26127d5eed5281cbfb4e416ac7ee4d47ed9d6ea9cc749852be8031813,607462,unknown,none,test-descriptive,ledger:test,test,unmapped,no,not-a-figure-or-table-float,yes
results/safety_guided_defense/seed42/test_eval/variantB_bySafetyScore_pgd_epsilon_sweep_legacy.csv,csv,5534d9c05767d28798b223f0b57e06f4aba9fa82581cb893224aa6877761c84b,2665,unknown,none,diagnostic-internal,default,none,unmapped,no,not-a-figure-or-table-float,yes
results/safety_guided_defense/seed42/test_eval/variantB_bySafetyScore_pgd_epsilon_sweep_test.csv,csv,35b1e8adb537d96e1c40b560ca9ec5ec07be874b3d17843b24588e4d3d9c543b,2623,unknown,none,test-descriptive,ledger:test,test,unmapped,no,not-a-figure-or-table-float,yes
results/safety_guided_defense/seed42/test_eval/variantB_bySafetyScore_pgd_predictions_legacy_epsilon_0_03.csv,predictions,7b7b1c31f5474539ad35e7b373cb57da5ed91e1091d8e23356514ad6908bcb46,79616,unknown,none,diagnostic-internal,default,none,unmapped,no,not-a-figure-or-table-float,yes
results/safety_guided_defense/seed42/test_eval/variantB_bySafetyScore_pgd_predictions_test_epsilon_0_03.csv,predictions,056fbc413d269651d438b69e4a835ec0b71ed2f40a1719ccc45108c2f704eeb9,40041,unknown,none,test-descriptive,path:convention,test,unmapped,no,not-a-figure-or-table-float,yes
results/safety_guided_defense/seed42/test_eval/variantB_bySafetyScore_pgd_safety_metrics_legacy_epsilon_0_03.csv,csv,e60367052afa69dd7e00166086df4c165bcec93d8c880069054c1dcd50e3cbc1,482,unknown,none,diagnostic-internal,default,none,unmapped,no,not-a-figure-or-table-float,yes
results/safety_guided_defense/seed42/test_eval/variantB_bySafetyScore_pgd_safety_metrics_test_epsilon_0_03.csv,csv,70f59d3abdd5ec3197cc9fb6dfb8aac0309457c921084577d6327cea7c8017f3,480,unknown,none,test-descriptive,ledger:test,test,unmapped,no,not-a-figure-or-table-float,yes
results/safety_guided_defense/seed42/test_eval/variantB_bySafetyScore_pgd_sweep_predictions_legacy.csv,predictions,716148b1e95035f9499e303e628a212e460f605fba43318fde1593c86d00c9fa,1429070,unknown,none,diagnostic-internal,default,none,unmapped,no,not-a-figure-or-table-float,yes
results/safety_guided_defense/seed42/test_eval/variantB_bySafetyScore_pgd_sweep_predictions_test.csv,predictions,ffc2c1d54ec567699755bf5eb0acf20cfee5913b54b5e99b9ec626a07e82d3a2,715536,unknown,none,test-descriptive,ledger:test,test,unmapped,no,not-a-figure-or-table-float,yes
results/safety_guided_defense/seed42/test_eval/variantB_bySafetyScore_sweep_metadata.json,metadata,be4712e7c5483bb66df83fb621d6172dec2948495b059d57995d4dfa31cf82a3,3853,unknown,none,diagnostic-internal,default,none,unmapped,no,not-a-figure-or-table-float,yes
results/safety_guided_defense/seed42/test_eval/variantB_byValMacroF1_attacks_metadata.json,metadata,b9617b84398906d859b5bcdca9f6e061043a51179e534fea1c810d5af5d234eb,6078,unknown,none,diagnostic-internal,default,none,unmapped,no,not-a-figure-or-table-float,yes
results/safety_guided_defense/seed42/test_eval/variantB_byValMacroF1_fgsm_epsilon_sweep_legacy.csv,csv,435523dcc1a7e5b5003507a1bb81e90e56fdc2c0b6787bee565319ab78c7fa48,2598,unknown,none,diagnostic-internal,default,none,unmapped,no,not-a-figure-or-table-float,yes
results/safety_guided_defense/seed42/test_eval/variantB_byValMacroF1_fgsm_epsilon_sweep_test.csv,csv,bfdd90515d51bb8b49c18294a1b94f65014f91f572d62cc613a2dfea9f065a81,2546,unknown,none,test-descriptive,ledger:test,test,unmapped,no,not-a-figure-or-table-float,yes
results/safety_guided_defense/seed42/test_eval/variantB_byValMacroF1_fgsm_predictions_legacy_epsilon_0_03.csv,predictions,5535ed3ad79eaf94cfdd821c2eeb7849ab8ecc03b340109dbba0c82ddd9b96ee,67419,unknown,none,diagnostic-internal,default,none,unmapped,no,not-a-figure-or-table-float,yes
results/safety_guided_defense/seed42/test_eval/variantB_byValMacroF1_fgsm_predictions_test_epsilon_0_03.csv,predictions,0bfbb9b2809ef523c437565477630b173f5951c26a94f8ca5b03986c0d02e3a2,33923,unknown,none,test-descriptive,path:convention,test,unmapped,no,not-a-figure-or-table-float,yes
results/safety_guided_defense/seed42/test_eval/variantB_byValMacroF1_fgsm_safety_metrics_legacy_epsilon_0_03.csv,csv,5cbb0709a01c83e1498d19c5306b6f4b9e0950996ef984eb392ada3491a51f5d,479,unknown,none,diagnostic-internal,default,none,unmapped,no,not-a-figure-or-table-float,yes
results/safety_guided_defense/seed42/test_eval/variantB_byValMacroF1_fgsm_safety_metrics_test_epsilon_0_03.csv,csv,93180fe4d022ae46c18666bb7e6683356dc634043caf1bd95eef7a2801b93749,475,unknown,none,test-descriptive,ledger:test,test,unmapped,no,not-a-figure-or-table-float,yes
results/safety_guided_defense/seed42/test_eval/variantB_byValMacroF1_fgsm_sweep_predictions_legacy.csv,predictions,e1bb2b7a087d6d507bb2d0404d4f0be024923463d28bdaca535266f607823234,1209621,unknown,none,diagnostic-internal,default,none,unmapped,no,not-a-figure-or-table-float,yes
results/safety_guided_defense/seed42/test_eval/variantB_byValMacroF1_fgsm_sweep_predictions_test.csv,predictions,82b3ada6914dc647b42267c0ae05b190e1f7516f416c1b15b6e53f69a4735b74,605699,unknown,none,test-descriptive,ledger:test,test,unmapped,no,not-a-figure-or-table-float,yes
results/safety_guided_defense/seed42/test_eval/variantB_byValMacroF1_pgd_epsilon_sweep_legacy.csv,csv,7eb8a6e8f91251ca5c46c5ce4ce27db060aa7f28b844a5f10904a7c2c9ca3446,2652,unknown,none,diagnostic-internal,default,none,unmapped,no,not-a-figure-or-table-float,yes
results/safety_guided_defense/seed42/test_eval/variantB_byValMacroF1_pgd_epsilon_sweep_test.csv,csv,9fdcfd54dfe5528b077adcbc358759a0170725ab5c44b4b08024fc13ba07f80f,2608,unknown,none,test-descriptive,ledger:test,test,unmapped,no,not-a-figure-or-table-float,yes
results/safety_guided_defense/seed42/test_eval/variantB_byValMacroF1_pgd_predictions_legacy_epsilon_0_03.csv,predictions,a8b0c3c2def5408ccd23a19093d44ccd22fd46304ac08a98452f9ed733942c51,79352,unknown,none,diagnostic-internal,default,none,unmapped,no,not-a-figure-or-table-float,yes
results/safety_guided_defense/seed42/test_eval/variantB_byValMacroF1_pgd_predictions_test_epsilon_0_03.csv,predictions,d5f0e124b905fcf42b9a0f62640ccea683fdd3df1b3509d7563a2cab0c074d3e,39896,unknown,none,test-descriptive,path:convention,test,unmapped,no,not-a-figure-or-table-float,yes
results/safety_guided_defense/seed42/test_eval/variantB_byValMacroF1_pgd_safety_metrics_legacy_epsilon_0_03.csv,csv,da9e433c1e40608c564d66daea86e5e8819215c9c03ec65fa41a876889aaf7a0,482,unknown,none,diagnostic-internal,default,none,unmapped,no,not-a-figure-or-table-float,yes
results/safety_guided_defense/seed42/test_eval/variantB_byValMacroF1_pgd_safety_metrics_test_epsilon_0_03.csv,csv,8afda2a8cb6defecf4a55e8a0caf7bb098b3ea22524f04acca4e12dbdadbc7aa,479,unknown,none,test-descriptive,ledger:test,test,unmapped,no,not-a-figure-or-table-float,yes
results/safety_guided_defense/seed42/test_eval/variantB_byValMacroF1_pgd_sweep_predictions_legacy.csv,predictions,2f81aed11776b6202a9f6440369613d597f050d6eb44c0618158fdec3978d431,1425193,unknown,none,diagnostic-internal,default,none,unmapped,no,not-a-figure-or-table-float,yes
results/safety_guided_defense/seed42/test_eval/variantB_byValMacroF1_pgd_sweep_predictions_test.csv,predictions,5f6bdaf28aa4e52363b32d34b79b1a27487298e07907b2a5a6f9568d02eac82d,713978,unknown,none,test-descriptive,ledger:test,test,unmapped,no,not-a-figure-or-table-float,yes
results/safety_guided_defense/seed42/test_eval/variantB_byValMacroF1_sweep_metadata.json,metadata,038cb1edbc7491adf72dcd18ce35d7928784fdbe336790d8620d9508153ae026,3862,unknown,none,diagnostic-internal,default,none,unmapped,no,not-a-figure-or-table-float,yes
results/safety_guided_defense/seed42/test_eval/variantC_bySafetyScore_attacks_metadata.json,metadata,6d377153654fd4a08cd8f5b64410383f33872a2d09506db51662c3b8447a8e1a,6084,unknown,none,diagnostic-internal,default,none,unmapped,no,not-a-figure-or-table-float,yes
results/safety_guided_defense/seed42/test_eval/variantC_bySafetyScore_fgsm_epsilon_sweep_legacy.csv,csv,47c2f20977f46c65c58038fc9e7f68fc92a44d0f66fab0b31e304a4d7996d9f6,2612,unknown,none,diagnostic-internal,default,none,unmapped,no,not-a-figure-or-table-float,yes
results/safety_guided_defense/seed42/test_eval/variantC_bySafetyScore_fgsm_epsilon_sweep_test.csv,csv,00f7762839ea592298987cb221b49bd6af2adbda9e32cdd3132e52fc62e437fa,2564,unknown,none,test-descriptive,ledger:test,test,unmapped,no,not-a-figure-or-table-float,yes
results/safety_guided_defense/seed42/test_eval/variantC_bySafetyScore_fgsm_predictions_legacy_epsilon_0_03.csv,predictions,c105964e22f46db5ce939c9a9a1f0cf20fb5543a903d07f922d18e34b80e58ad,67820,unknown,none,diagnostic-internal,default,none,unmapped,no,not-a-figure-or-table-float,yes
results/safety_guided_defense/seed42/test_eval/variantC_bySafetyScore_fgsm_predictions_test_epsilon_0_03.csv,predictions,11955a2f62929bd5a3354bb4aaf02423a02356d4c9f3f46073ba7240156666c4,34133,unknown,none,test-descriptive,path:convention,test,unmapped,no,not-a-figure-or-table-float,yes
results/safety_guided_defense/seed42/test_eval/variantC_bySafetyScore_fgsm_safety_metrics_legacy_epsilon_0_03.csv,csv,4e1860399f7e1abaa35f39c13e4a74e479a75ec8c16d69d13dca5684bc3796d1,479,unknown,none,diagnostic-internal,default,none,unmapped,no,not-a-figure-or-table-float,yes
results/safety_guided_defense/seed42/test_eval/variantC_bySafetyScore_fgsm_safety_metrics_test_epsilon_0_03.csv,csv,a7055a57def31fe5483da48c80aaca1f6c2d3706ee0ffe2b0986f58781994459,477,unknown,none,test-descriptive,ledger:test,test,unmapped,no,not-a-figure-or-table-float,yes
results/safety_guided_defense/seed42/test_eval/variantC_bySafetyScore_fgsm_sweep_predictions_legacy.csv,predictions,5c045df2e3f2d18e41e75aae6de8126934a3f35205946944453589b9aed50d16,1215660,unknown,none,diagnostic-internal,default,none,unmapped,no,not-a-figure-or-table-float,yes
results/safety_guided_defense/seed42/test_eval/variantC_bySafetyScore_fgsm_sweep_predictions_test.csv,predictions,48df007bb89905932b584b866b5cfd0a195a64f3b5821df1e31e181fc5c8e2e5,609095,unknown,none,test-descriptive,ledger:test,test,unmapped,no,not-a-figure-or-table-float,yes
results/safety_guided_defense/seed42/test_eval/variantC_bySafetyScore_pgd_epsilon_sweep_legacy.csv,csv,5d6d516e3a239b2975d93195f3d306baafb930e5d82b7b744743d95bacfe347e,2665,unknown,none,diagnostic-internal,default,none,unmapped,no,not-a-figure-or-table-float,yes
results/safety_guided_defense/seed42/test_eval/variantC_bySafetyScore_pgd_epsilon_sweep_test.csv,csv,1e6e64e52d310161006d1ba18fb2c34947d0b027634bdc8bc8dab307797b6cee,2618,scripts/analysis/plot_d1_d12_recall_far.py,literal,test-descriptive,ledger:test,test,unmapped,no,not-a-figure-or-table-float,yes
results/safety_guided_defense/seed42/test_eval/variantC_bySafetyScore_pgd_predictions_legacy_epsilon_0_03.csv,predictions,8ff5a6f10bf10593f743cc7b3c4ef7fdab9ff8cf5ae3c943cafef57d0738fb48,79850,unknown,none,diagnostic-internal,default,none,unmapped,no,not-a-figure-or-table-float,yes
results/safety_guided_defense/seed42/test_eval/variantC_bySafetyScore_pgd_predictions_test_epsilon_0_03.csv,predictions,fe3a3161f0e7e4c3afa41896ff1f6798b8a6fcc685420876412e78dda0997579,40184,unknown,none,test-descriptive,path:convention,test,unmapped,no,not-a-figure-or-table-float,yes
results/safety_guided_defense/seed42/test_eval/variantC_bySafetyScore_pgd_safety_metrics_legacy_epsilon_0_03.csv,csv,6687a2c255f8c7c4e1fe784242e1496c58c8178391a511e8ad487f01ba8e5ff9,482,unknown,none,diagnostic-internal,default,none,unmapped,no,not-a-figure-or-table-float,yes
results/safety_guided_defense/seed42/test_eval/variantC_bySafetyScore_pgd_safety_metrics_test_epsilon_0_03.csv,csv,5971f0ceeea245537d55d23f4a5ed56c3933c9418ec66a4c183e6ea3f6ddf9a1,480,unknown,none,test-descriptive,ledger:test,test,unmapped,no,not-a-figure-or-table-float,yes
results/safety_guided_defense/seed42/test_eval/variantC_bySafetyScore_pgd_sweep_predictions_legacy.csv,predictions,303f2da92a799695975dbff06bf74b108cfbcb58f348e1cf5ed14b5cb6c49914,1431794,unknown,none,diagnostic-internal,default,none,unmapped,no,not-a-figure-or-table-float,yes
results/safety_guided_defense/seed42/test_eval/variantC_bySafetyScore_pgd_sweep_predictions_test.csv,predictions,4a1d7e81db5635927f5757f1873e42a6b355f4a877f16e1ffe7c2cb1d6e5e6a6,717576,unknown,none,test-descriptive,ledger:test,test,unmapped,no,not-a-figure-or-table-float,yes
results/safety_guided_defense/seed42/test_eval/variantC_bySafetyScore_sweep_metadata.json,metadata,64f431c78c2d6b78b656e9ccbcddb3ac573e17463214377c80c4f2f4dcc97e7a,3865,unknown,none,diagnostic-internal,default,none,unmapped,no,not-a-figure-or-table-float,yes
results/safety_guided_defense/seed42/test_eval/variantC_byValMacroF1_attacks_metadata.json,metadata,ca0f134fb26fefc514dac28018231bf065099c92ceba6e10aa13c0fa7be659d5,6045,unknown,none,diagnostic-internal,default,none,unmapped,no,not-a-figure-or-table-float,yes
results/safety_guided_defense/seed42/test_eval/variantC_byValMacroF1_fgsm_epsilon_sweep_legacy.csv,csv,0ac4d2ce9b592bca08186ef1e9b14f20f0bcb6ba5cafdae1b5b02cdd32994ec2,2597,unknown,none,diagnostic-internal,default,none,unmapped,no,not-a-figure-or-table-float,yes
results/safety_guided_defense/seed42/test_eval/variantC_byValMacroF1_fgsm_epsilon_sweep_test.csv,csv,4d5e00a5543c4bffbadab5ea0ce105eb4cd52792d3353af5d45c3d8b7574b581,2539,unknown,none,test-descriptive,ledger:test,test,unmapped,no,not-a-figure-or-table-float,yes
results/safety_guided_defense/seed42/test_eval/variantC_byValMacroF1_fgsm_predictions_legacy_epsilon_0_03.csv,predictions,e423986f969fc26d80003b5fb742828f939f1b5986681caa457eae9fba9a2df4,67830,unknown,none,diagnostic-internal,default,none,unmapped,no,not-a-figure-or-table-float,yes
results/safety_guided_defense/seed42/test_eval/variantC_byValMacroF1_fgsm_predictions_test_epsilon_0_03.csv,predictions,53ce69c63d8284a82e10aab29ab16b4a74a6760b54c2de620e8d5dfd304b9cbf,34126,unknown,none,test-descriptive,path:convention,test,unmapped,no,not-a-figure-or-table-float,yes
results/safety_guided_defense/seed42/test_eval/variantC_byValMacroF1_fgsm_safety_metrics_legacy_epsilon_0_03.csv,csv,7ad0806c35d3f8761bd00cd94fc6c72644e2a913006bf3d0ce981ced79fc349b,479,unknown,none,diagnostic-internal,default,none,unmapped,no,not-a-figure-or-table-float,yes
results/safety_guided_defense/seed42/test_eval/variantC_byValMacroF1_fgsm_safety_metrics_test_epsilon_0_03.csv,csv,f4974f7c9dd86b0cc9dc2236ae304b4d3cbe2dcdad3659b3ac1a6c946682557a,475,unknown,none,test-descriptive,ledger:test,test,unmapped,no,not-a-figure-or-table-float,yes
results/safety_guided_defense/seed42/test_eval/variantC_byValMacroF1_fgsm_sweep_predictions_legacy.csv,predictions,2767d23a79b25286736f969a899ec77b43b43b30795b0ac03a0047aa5aff0367,1215752,unknown,none,diagnostic-internal,default,none,unmapped,no,not-a-figure-or-table-float,yes
results/safety_guided_defense/seed42/test_eval/variantC_byValMacroF1_fgsm_sweep_predictions_test.csv,predictions,2cffb086147c6203fbed85ab6b9cc8c9ff8d818d7e372a75def3b481e0081989,608940,unknown,none,test-descriptive,ledger:test,test,unmapped,no,not-a-figure-or-table-float,yes
results/safety_guided_defense/seed42/test_eval/variantC_byValMacroF1_pgd_epsilon_sweep_legacy.csv,csv,4b2f73f1caf6a9c67700bbd0f0655133af79e69b59c42b242b4a4e27fa10fbf9,2650,unknown,none,diagnostic-internal,default,none,unmapped,no,not-a-figure-or-table-float,yes
results/safety_guided_defense/seed42/test_eval/variantC_byValMacroF1_pgd_epsilon_sweep_test.csv,csv,e6ed55ef2a104b913a3ee3edac244974dd185f677ab1d5ab7b1d879b4194d1b6,2601,unknown,none,test-descriptive,ledger:test,test,unmapped,no,not-a-figure-or-table-float,yes
results/safety_guided_defense/seed42/test_eval/variantC_byValMacroF1_pgd_predictions_legacy_epsilon_0_03.csv,predictions,46a67df1ff2c077f61759b0508a6d9f48b9401e174311d47535cdb81dc5f8fa8,79860,unknown,none,diagnostic-internal,default,none,unmapped,no,not-a-figure-or-table-float,yes
results/safety_guided_defense/seed42/test_eval/variantC_byValMacroF1_pgd_predictions_test_epsilon_0_03.csv,predictions,2b3385f9ca04d6b0e0bca9c1a3e5f6e5cd012f43f67573154106228ef2adc549,40178,unknown,none,test-descriptive,path:convention,test,unmapped,no,not-a-figure-or-table-float,yes
results/safety_guided_defense/seed42/test_eval/variantC_byValMacroF1_pgd_safety_metrics_legacy_epsilon_0_03.csv,csv,c27201c7f0c20e3c125db6e6f2529f1449614150a8e51b42a9cbe820339b34ec,482,unknown,none,diagnostic-internal,default,none,unmapped,no,not-a-figure-or-table-float,yes
results/safety_guided_defense/seed42/test_eval/variantC_byValMacroF1_pgd_safety_metrics_test_epsilon_0_03.csv,csv,980b0667f664cddcc4663ac4ca25329d58446869ce19f17e4c930891834ab54a,477,unknown,none,test-descriptive,ledger:test,test,unmapped,no,not-a-figure-or-table-float,yes
results/safety_guided_defense/seed42/test_eval/variantC_byValMacroF1_pgd_sweep_predictions_legacy.csv,predictions,25918a86faa698ca1f24a71379f7d5c94be2450237a92500203466f4b82bf33e,1433321,unknown,none,diagnostic-internal,default,none,unmapped,no,not-a-figure-or-table-float,yes
results/safety_guided_defense/seed42/test_eval/variantC_byValMacroF1_pgd_sweep_predictions_test.csv,predictions,8958da0ca773477cd84dc603ff57b09062feeaf4724c67f1461fba848ee6ad86,718022,unknown,none,test-descriptive,ledger:test,test,unmapped,no,not-a-figure-or-table-float,yes
results/safety_guided_defense/seed42/test_eval/variantC_byValMacroF1_sweep_metadata.json,metadata,6a5ce2501d5f488c6ff68c81b2322899c5a54b3e6a1b2a9535c3689f17af0a16,3868,unknown,none,diagnostic-internal,default,none,unmapped,no,not-a-figure-or-table-float,yes
results/safety_guided_defense/seed42/test_eval/variantD_bySafetyScore_attacks_metadata.json,metadata,7b028daf43e34c7295c0e02a815831afa7a5ebf04caa8c36faebcb5d7f883dc3,6062,unknown,none,diagnostic-internal,default,none,unmapped,no,not-a-figure-or-table-float,yes
results/safety_guided_defense/seed42/test_eval/variantD_bySafetyScore_fgsm_epsilon_sweep_legacy.csv,csv,04e608f6935452ff4d1a29775444224b88d5455166b63376662144dcc1267df4,2609,unknown,none,diagnostic-internal,default,none,unmapped,no,not-a-figure-or-table-float,yes
results/safety_guided_defense/seed42/test_eval/variantD_bySafetyScore_fgsm_epsilon_sweep_test.csv,csv,97a4a27c4243836b779d5195683c369f55eaaadfed711e0ec161a4b312359d72,2560,unknown,none,test-descriptive,ledger:test,test,unmapped,no,not-a-figure-or-table-float,yes
results/safety_guided_defense/seed42/test_eval/variantD_bySafetyScore_fgsm_predictions_legacy_epsilon_0_03.csv,predictions,390baa7b0c900f14ee38c0ece761a8f18cd1b39c5f77891a220c671d9166dfa2,68300,unknown,none,diagnostic-internal,default,none,unmapped,no,not-a-figure-or-table-float,yes
results/safety_guided_defense/seed42/test_eval/variantD_bySafetyScore_fgsm_predictions_test_epsilon_0_03.csv,predictions,14b807880fd71ca73bbb33728f049e0f9bbb6b6fcdc9f9d144ed376d3bd38bab,34389,scripts/analyze_safety_guided_seed.py,literal,test-descriptive,path:convention,test,unmapped,no,not-a-figure-or-table-float,yes
results/safety_guided_defense/seed42/test_eval/variantD_bySafetyScore_fgsm_safety_metrics_legacy_epsilon_0_03.csv,csv,88bea6ec05fcdb9746220f411b6fa82e58271ab377c4955b70d4fde0d43bdf1d,479,unknown,none,diagnostic-internal,default,none,unmapped,no,not-a-figure-or-table-float,yes
results/safety_guided_defense/seed42/test_eval/variantD_bySafetyScore_fgsm_safety_metrics_test_epsilon_0_03.csv,csv,d8a973c8bec9d478b90cc110af2661090c8b989f55600a888eb51b9b3448b341,477,unknown,none,test-descriptive,ledger:test,test,unmapped,no,not-a-figure-or-table-float,yes
results/safety_guided_defense/seed42/test_eval/variantD_bySafetyScore_fgsm_sweep_predictions_legacy.csv,predictions,2548c0104270dd79ba2fffb6deffb3894989dfb6334b0503af70f606b3f1aab6,1223888,unknown,none,diagnostic-internal,default,none,unmapped,no,not-a-figure-or-table-float,yes
results/safety_guided_defense/seed42/test_eval/variantD_bySafetyScore_fgsm_sweep_predictions_test.csv,predictions,59e48d28d6315171dc14efa7267e27f5372a1d0b071802bc864debd7fe020a44,613627,unknown,none,test-descriptive,ledger:test,test,unmapped,no,not-a-figure-or-table-float,yes
results/safety_guided_defense/seed42/test_eval/variantD_bySafetyScore_pgd_epsilon_sweep_legacy.csv,csv,d2bd29395a02db841d10da120adc2f6cd6cd77bcb23cda97709b87b74c3e3c08,2658,unknown,none,diagnostic-internal,default,none,unmapped,no,not-a-figure-or-table-float,yes
results/safety_guided_defense/seed42/test_eval/variantD_bySafetyScore_pgd_epsilon_sweep_test.csv,csv,63bf4a648456269a0b16ec2f200c2a92988c1cf2c3d56caf25df33ae680a434b,2614,scripts/analyze_selection_v2.py,literal,test-descriptive,ledger:test,test,unmapped,no,not-a-figure-or-table-float,yes
results/safety_guided_defense/seed42/test_eval/variantD_bySafetyScore_pgd_predictions_legacy_epsilon_0_03.csv,predictions,9ca3a9399db1f35a12b0b0cecf7c68260ccc3bef64df1e3c31db5041c4ba4b90,80426,unknown,none,diagnostic-internal,default,none,unmapped,no,not-a-figure-or-table-float,yes
results/safety_guided_defense/seed42/test_eval/variantD_bySafetyScore_pgd_predictions_test_epsilon_0_03.csv,predictions,5dcafebb0e34e3b4c303187d7b47284f07911169175a93879bc625d5af68f47e,40492,scripts/analyze_safety_guided_seed.py,literal,test-descriptive,path:convention,test,unmapped,no,not-a-figure-or-table-float,yes
results/safety_guided_defense/seed42/test_eval/variantD_bySafetyScore_pgd_safety_metrics_legacy_epsilon_0_03.csv,csv,4f7a5c8b4d3a17837710039ad19687e0bfa491fca7806ff5acc89695e35f7d58,482,unknown,none,diagnostic-internal,default,none,unmapped,no,not-a-figure-or-table-float,yes
results/safety_guided_defense/seed42/test_eval/variantD_bySafetyScore_pgd_safety_metrics_test_epsilon_0_03.csv,csv,2064b4c200c8d2fb0d8435bd66dbb7edd4f138e8be1d262fd49b29980a4f52a9,480,scripts/audit_core.py,literal,test-descriptive,ledger:test,test,unmapped,no,not-a-figure-or-table-float,yes
results/safety_guided_defense/seed42/test_eval/variantD_bySafetyScore_pgd_sweep_predictions_legacy.csv,predictions,13a9cfa4f7329d37d606b32454d7817933425be08b385ead21329e3128d1b5b0,1440492,unknown,none,diagnostic-internal,default,none,unmapped,no,not-a-figure-or-table-float,yes
results/safety_guided_defense/seed42/test_eval/variantD_bySafetyScore_pgd_sweep_predictions_test.csv,predictions,2514e409f9edb69d696acc606d2345b72595b4481e9ac0a5f20761851c60bb91,722339,unknown,none,test-descriptive,ledger:test,test,unmapped,no,not-a-figure-or-table-float,yes
results/safety_guided_defense/seed42/test_eval/variantD_bySafetyScore_sweep_metadata.json,metadata,b3ac0e74642c706716e5d47935b860a1d3e56dfd72615744e987a60881b00376,3842,unknown,none,diagnostic-internal,default,none,unmapped,no,not-a-figure-or-table-float,yes
results/safety_guided_defense/seed42/test_eval/variantD_byValMacroF1_attacks_metadata.json,metadata,0d14e99dba1f13e5b4e07af7c634335a4153df95c466d6d4c00ddef44366a262,6096,unknown,none,diagnostic-internal,default,none,unmapped,no,not-a-figure-or-table-float,yes
results/safety_guided_defense/seed42/test_eval/variantD_byValMacroF1_fgsm_epsilon_sweep_legacy.csv,csv,38f513e1d90d8c02a86e6ff0e945a7798160f5aa4ed251882bb40ed71a98cebf,2603,unknown,none,diagnostic-internal,default,none,unmapped,no,not-a-figure-or-table-float,yes
results/safety_guided_defense/seed42/test_eval/variantD_byValMacroF1_fgsm_epsilon_sweep_test.csv,csv,21c85c2bd6274161e5df2b66facdd98d3da30d3feb46c1caf3aabc1b5e898fda,2537,unknown,none,test-descriptive,ledger:test,test,unmapped,no,not-a-figure-or-table-float,yes
results/safety_guided_defense/seed42/test_eval/variantD_byValMacroF1_fgsm_predictions_legacy_epsilon_0_03.csv,predictions,e5ea3d1c4a980029e39a7a7d500c44f24418d641dd3aae42fe31281afe179cff,67727,unknown,none,diagnostic-internal,default,none,unmapped,no,not-a-figure-or-table-float,yes
results/safety_guided_defense/seed42/test_eval/variantD_byValMacroF1_fgsm_predictions_test_epsilon_0_03.csv,predictions,6b639c4401fdd6957215fbefb7cd787b1a3244d34f6086cdf227639f0ff70764,34091,scripts/analyze_safety_guided_seed.py,literal,test-descriptive,path:convention,test,unmapped,no,not-a-figure-or-table-float,yes
results/safety_guided_defense/seed42/test_eval/variantD_byValMacroF1_fgsm_safety_metrics_legacy_epsilon_0_03.csv,csv,d52192df73807fb37c6f990e67e6de7f1e579e2eacb3222cfa44fd9bd5c9e8ad,479,unknown,none,diagnostic-internal,default,none,unmapped,no,not-a-figure-or-table-float,yes
results/safety_guided_defense/seed42/test_eval/variantD_byValMacroF1_fgsm_safety_metrics_test_epsilon_0_03.csv,csv,e9ffe6ad5112d5f74033362210da8a9eaafc309df8f8c098cfe308f5250ee429,475,unknown,none,test-descriptive,ledger:test,test,unmapped,no,not-a-figure-or-table-float,yes
results/safety_guided_defense/seed42/test_eval/variantD_byValMacroF1_fgsm_sweep_predictions_legacy.csv,predictions,631722b0fa59650acd0a4529296e1d8146c1dbe2bb48ed6e4bbce0e269c0e88a,1213688,unknown,none,diagnostic-internal,default,none,unmapped,no,not-a-figure-or-table-float,yes
results/safety_guided_defense/seed42/test_eval/variantD_byValMacroF1_fgsm_sweep_predictions_test.csv,predictions,de8ce975138726378af6e3971c7aa563eb9879c06b54897325ef3a3bc27f03b9,607890,unknown,none,test-descriptive,ledger:test,test,unmapped,no,not-a-figure-or-table-float,yes
results/safety_guided_defense/seed42/test_eval/variantD_byValMacroF1_pgd_epsilon_sweep_legacy.csv,csv,bbc77edfceb6393f9df9027c55647377d9ea3dcd2c1e997cff7cfbd39ceedb03,2652,unknown,none,diagnostic-internal,default,none,unmapped,no,not-a-figure-or-table-float,yes
results/safety_guided_defense/seed42/test_eval/variantD_byValMacroF1_pgd_epsilon_sweep_test.csv,csv,8c2cf156e57171f48c3adb818f16525550ab8ac6b0413f481e8291da21e30594,2589,unknown,none,test-descriptive,ledger:test,test,unmapped,no,not-a-figure-or-table-float,yes
results/safety_guided_defense/seed42/test_eval/variantD_byValMacroF1_pgd_predictions_legacy_epsilon_0_03.csv,predictions,cecb16e5d5c8ab86ba319c87600621764c3ccf1337a87e7a242bb3916cc640b5,79874,unknown,none,diagnostic-internal,default,none,unmapped,no,not-a-figure-or-table-float,yes
results/safety_guided_defense/seed42/test_eval/variantD_byValMacroF1_pgd_predictions_test_epsilon_0_03.csv,predictions,0c4c708f1ac3d15377be783e1748fe4e6436a407b45c50d3b3a03e699eafab21,40195,scripts/analyze_safety_guided_seed.py,literal,test-descriptive,path:convention,test,unmapped,no,not-a-figure-or-table-float,yes
results/safety_guided_defense/seed42/test_eval/variantD_byValMacroF1_pgd_safety_metrics_legacy_epsilon_0_03.csv,csv,39f216b13ccaaf57bc6c8f566a8e34d3aa041fb62101ccc6fb93081a3c6e8445,482,unknown,none,diagnostic-internal,default,none,unmapped,no,not-a-figure-or-table-float,yes
results/safety_guided_defense/seed42/test_eval/variantD_byValMacroF1_pgd_safety_metrics_test_epsilon_0_03.csv,csv,0d0f9aa71faf9d3455c449ebcc555a2f8663d75face869e31ff8c9891fbf6c04,477,unknown,none,test-descriptive,ledger:test,test,unmapped,no,not-a-figure-or-table-float,yes
results/safety_guided_defense/seed42/test_eval/variantD_byValMacroF1_pgd_sweep_predictions_legacy.csv,predictions,a96afd0bf0672bef63d3990ee192b982ea9c818818534ade40a7db1093f85937,1430738,unknown,none,diagnostic-internal,default,none,unmapped,no,not-a-figure-or-table-float,yes
results/safety_guided_defense/seed42/test_eval/variantD_byValMacroF1_pgd_sweep_predictions_test.csv,predictions,6b189b2702e4a335a55296d374ab35023e41184973a76e4c587cd6b394db29d9,716903,unknown,none,test-descriptive,ledger:test,test,unmapped,no,not-a-figure-or-table-float,yes
results/safety_guided_defense/seed42/test_eval/variantD_byValMacroF1_sweep_metadata.json,metadata,54827d407c21653d50d46fd55e18d1177df7e5c3b74a2c55871fe9f5b83d1932,3878,unknown,none,diagnostic-internal,default,none,unmapped,no,not-a-figure-or-table-float,yes
results/safety_guided_defense/seed43/SEED43_REPORT.md,report,45865061d6975cd5e265297311c15836bfa4c9e1c008525fc4966f35aa7b1f15,8144,unknown,none,diagnostic-internal,default,none,unmapped,no,not-a-figure-or-table-float,yes
results/safety_guided_defense/seed43/analysis/binary_alert_metrics.csv,csv,ef225bb57ba0682ea3ab2037023a04173e54422390e423a70f1901521c1d7fd8,733,scripts/analyze_safety_guided_seed.py,literal,diagnostic-internal,default,none,unmapped,no,not-a-figure-or-table-float,yes
results/safety_guided_defense/seed43/analysis/false_alarm_class_sources.csv,csv,4b8c815db4f06ba4c97d7ad1770961f8b1f5e34fe1d7a2ba541a0de58507e93a,404,scripts/analyze_safety_guided_seed.py,literal,diagnostic-internal,default,none,unmapped,no,not-a-figure-or-table-float,yes
results/safety_guided_defense/seed43/figures/fig1_fall_recall_vs_epsilon.png,figure,aa67ecfb910326ab9986d802f14920c067139c9576f9657d1874866b09e96d59,110085,scripts/analyze_safety_guided_seed.py,literal,diagnostic-internal,default,none,unmapped,no,evidence-not-admissible;claim-not-approved,yes
results/safety_guided_defense/seed43/figures/fig2_false_fall_alarms_vs_epsilon.png,figure,3d9257e95d2f88d5001e754671636fa19fcb6c4ffbb386d87b8a833d36dc9bd7,92907,scripts/analyze_safety_guided_seed.py,literal,diagnostic-internal,default,none,unmapped,no,evidence-not-admissible;claim-not-approved,yes
results/safety_guided_defense/seed43/figures/fig3_clean_fgsm_pgd_bar_summary.png,figure,c064a5a83d4f4d2b2d8194c1f1ccaf025c4ccd83c8d2a8d219be7a8ecc165f7e,65651,scripts/analyze_safety_guided_seed.py,literal,diagnostic-internal,default,none,unmapped,no,evidence-not-admissible;claim-not-approved,yes
results/safety_guided_defense/seed43/logs/seed43_variantD_fgsm_pgd_multieps_at_fw3_50clean_25fgsm_25pgd_metadata.json,metadata,0b0558dfd62794cdb12a01d521657c478a927cc17d2c083195a6702d84ec074b,5420,unknown,none,diagnostic-internal,default,none,unmapped,no,not-a-figure-or-table-float,yes
results/safety_guided_defense/seed43/logs/seed43_variantD_fgsm_pgd_multieps_at_fw3_50clean_25fgsm_25pgd_training_log.csv,csv,40e8904d0b0d04f3d5682523890d89ff42bc0d3b70f37b4b12196716e84849dc,4696,unknown,none,diagnostic-internal,default,none,unmapped,no,not-a-figure-or-table-float,yes
results/safety_guided_defense/seed43/metadata/seed43_variantD_fgsm_pgd_multieps_at_fw3_50clean_25fgsm_25pgd_metadata.json,metadata,0b0558dfd62794cdb12a01d521657c478a927cc17d2c083195a6702d84ec074b,5420,unknown,none,diagnostic-internal,default,none,unmapped,no,not-a-figure-or-table-float,yes
results/safety_guided_defense/seed43/metadata/variantD_bySafetyScore_attacks_metadata.json,metadata,32c54f0d455f0302817edf2cbf1f409725386bfbea0a1429a6806cf36d454522,6068,unknown,none,diagnostic-internal,default,none,unmapped,no,not-a-figure-or-table-float,yes
results/safety_guided_defense/seed43/metadata/variantD_bySafetyScore_sweep_metadata.json,metadata,2968002a747ad8ea403eb2cd77ffa9a3e89368d3a227ced07645e73550277c35,3845,unknown,none,diagnostic-internal,default,none,unmapped,no,not-a-figure-or-table-float,yes
results/safety_guided_defense/seed43/metadata/variantD_byValMacroF1_attacks_metadata.json,metadata,62dd1767a34ba9667afa012391b07e304dae03849e5b24ff381e87ca85212eaf,6061,unknown,none,diagnostic-internal,default,none,unmapped,no,not-a-figure-or-table-float,yes
results/safety_guided_defense/seed43/metadata/variantD_byValMacroF1_sweep_metadata.json,metadata,2eb5e13486a35aa3f333b9eab80ecbf807297d606493e32eed5a28bb7bc99ef9,3873,unknown,none,diagnostic-internal,default,none,unmapped,no,not-a-figure-or-table-float,yes
results/safety_guided_defense/seed43/seed43_defense_comparison.csv,csv,83719ed7ecedc9a5d40d09a612eba71b799a13319c42a8c52496fbc4bc447083,673,unknown,none,diagnostic-internal,default,none,unmapped,no,not-a-figure-or-table-float,yes
results/safety_guided_defense/seed43/test_eval/variantD_bySafetyScore_attacks_metadata.json,metadata,32c54f0d455f0302817edf2cbf1f409725386bfbea0a1429a6806cf36d454522,6068,unknown,none,diagnostic-internal,default,none,unmapped,no,not-a-figure-or-table-float,yes
results/safety_guided_defense/seed43/test_eval/variantD_bySafetyScore_clean_probabilities_test_epsilon_0_03.csv,predictions,eebef8befecaf100ecdab6cdf70e454b57b02224a2e0eb54b3efeed6530c750c,94053,unknown,none,test-post-hoc,ledger:test+post_hoc,test,unmapped,no,not-a-figure-or-table-float,yes
results/safety_guided_defense/seed43/test_eval/variantD_bySafetyScore_fgsm_epsilon_sweep_legacy.csv,csv,6f48397d0d3a798229ae720113e16777025ee8f674cbe42e0e208793d03623dc,2608,unknown,none,diagnostic-internal,default,none,unmapped,no,not-a-figure-or-table-float,yes
results/safety_guided_defense/seed43/test_eval/variantD_bySafetyScore_fgsm_epsilon_sweep_test.csv,csv,731e38fc1bfa855d87fe325764aa8cb66c654f3d875fefa577be2d87c489d5e2,2558,unknown,none,test-descriptive,ledger:test,test,unmapped,no,not-a-figure-or-table-float,yes
results/safety_guided_defense/seed43/test_eval/variantD_bySafetyScore_fgsm_predictions_legacy_epsilon_0_03.csv,predictions,ac607c9c33d0e35abba0d8395159f23cb8c6588f56c494312a26fe21e2b5dc88,67752,unknown,none,diagnostic-internal,default,none,unmapped,no,not-a-figure-or-table-float,yes
results/safety_guided_defense/seed43/test_eval/variantD_bySafetyScore_fgsm_predictions_test_epsilon_0_03.csv,predictions,003dfb01d34a4da62185a1f1bc680dfac4c2fbee63b90ce24fae38e06db2a1e3,34102,scripts/analyze_safety_guided_seed.py,literal,test-descriptive,path:convention,test,unmapped,no,not-a-figure-or-table-float,yes
results/safety_guided_defense/seed43/test_eval/variantD_bySafetyScore_fgsm_probabilities_test_epsilon_0_03.csv,predictions,5f7983a44d56320b955680e39b20f5f0be0cb0507891a9b6c48fabcec523c110,93536,unknown,none,test-post-hoc,ledger:test+post_hoc,test,unmapped,no,not-a-figure-or-table-float,yes
results/safety_guided_defense/seed43/test_eval/variantD_bySafetyScore_fgsm_safety_metrics_legacy_epsilon_0_03.csv,csv,1e308770dd47b16f3b5b7a6e00d8ece2ea7a868c685a520400589d18334ff48b,479,unknown,none,diagnostic-internal,default,none,unmapped,no,not-a-figure-or-table-float,yes
results/safety_guided_defense/seed43/test_eval/variantD_bySafetyScore_fgsm_safety_metrics_test_epsilon_0_03.csv,csv,12336616a3a07abb04b78fee9159f422627bed315ab6e3480a1b53c41b911b24,477,unknown,none,test-descriptive,ledger:test,test,unmapped,no,not-a-figure-or-table-float,yes
results/safety_guided_defense/seed43/test_eval/variantD_bySafetyScore_fgsm_sweep_predictions_legacy.csv,predictions,f3c7b97d87d1e320a9f1a51e04fb9fd5df8853986df2b46a768d4240764528fe,1215868,unknown,none,diagnostic-internal,default,none,unmapped,no,not-a-figure-or-table-float,yes
results/safety_guided_defense/seed43/test_eval/variantD_bySafetyScore_fgsm_sweep_predictions_test.csv,predictions,910ea724eadeeba7beb13ec97341433a4430b4db26c7e64bc3e68f17f7825217,608769,unknown,none,test-descriptive,ledger:test,test,unmapped,no,not-a-figure-or-table-float,yes
results/safety_guided_defense/seed43/test_eval/variantD_bySafetyScore_pgd_epsilon_sweep_legacy.csv,csv,802f5b8cb2a3ab310badd5eef154516cf493fa21d82735bafa3dca06b355d7cf,2659,unknown,none,diagnostic-internal,default,none,unmapped,no,not-a-figure-or-table-float,yes
results/safety_guided_defense/seed43/test_eval/variantD_bySafetyScore_pgd_epsilon_sweep_test.csv,csv,26b7f31095f21c3073169b8083279acf53ddb6fd91f41411f2627f4015655795,2615,scripts/analyze_selection_v2.py,literal,test-descriptive,ledger:test,test,unmapped,no,not-a-figure-or-table-float,yes
results/safety_guided_defense/seed43/test_eval/variantD_bySafetyScore_pgd_predictions_legacy_epsilon_0_03.csv,predictions,6c083e139e2808c1c868030fa14ad0e4ecd75fe369edded919ba005f218c5e5e,79766,unknown,none,diagnostic-internal,default,none,unmapped,no,not-a-figure-or-table-float,yes
results/safety_guided_defense/seed43/test_eval/variantD_bySafetyScore_pgd_predictions_test_epsilon_0_03.csv,predictions,03718f2c897ef97eabef2db2ac5eb5b05ceb0153420783e22e01a703ba7a661a,40118,scripts/analyze_safety_guided_seed.py,literal,test-descriptive,path:convention,test,unmapped,no,not-a-figure-or-table-float,yes
results/safety_guided_defense/seed43/test_eval/variantD_bySafetyScore_pgd_probabilities_test_epsilon_0_03.csv,predictions,c8e32c0ad2802945f65ec44041a22c9cfa12fdf3eea43ed0695c7b431b0e565e,93044,scripts/analyze_variantF.py,literal,test-post-hoc,ledger:test+post_hoc,test,unmapped,no,not-a-figure-or-table-float,yes
results/safety_guided_defense/seed43/test_eval/variantD_bySafetyScore_pgd_safety_metrics_legacy_epsilon_0_03.csv,csv,95bfc443cabe6775c972213bd914f6a156f3efa05055ca1c6e82c52be9c4a31b,482,unknown,none,diagnostic-internal,default,none,unmapped,no,not-a-figure-or-table-float,yes
results/safety_guided_defense/seed43/test_eval/variantD_bySafetyScore_pgd_safety_metrics_test_epsilon_0_03.csv,csv,6c35e0b042af1bcdbe417229b006af898564369ad6283806920a25569e2e05c1,480,scripts/audit_core.py,literal,test-descriptive,ledger:test,test,unmapped,no,not-a-figure-or-table-float,yes
results/safety_guided_defense/seed43/test_eval/variantD_bySafetyScore_pgd_sweep_predictions_legacy.csv,predictions,293fd6faff52875ae2c7a6b0bfd9be9a3391028ddb24c5c3e66eb7d401704bd5,1431865,unknown,none,diagnostic-internal,default,none,unmapped,no,not-a-figure-or-table-float,yes
results/safety_guided_defense/seed43/test_eval/variantD_bySafetyScore_pgd_sweep_predictions_test.csv,predictions,d3a805f43d4a1b71808fc862ff8bf24f470d2ee9af82cc486c6b8a9d0c1586aa,717171,unknown,none,test-descriptive,ledger:test,test,unmapped,no,not-a-figure-or-table-float,yes
results/safety_guided_defense/seed43/test_eval/variantD_bySafetyScore_sweep_metadata.json,metadata,2968002a747ad8ea403eb2cd77ffa9a3e89368d3a227ced07645e73550277c35,3845,unknown,none,diagnostic-internal,default,none,unmapped,no,not-a-figure-or-table-float,yes
results/safety_guided_defense/seed43/test_eval/variantD_byValMacroF1_attacks_metadata.json,metadata,62dd1767a34ba9667afa012391b07e304dae03849e5b24ff381e87ca85212eaf,6061,unknown,none,diagnostic-internal,default,none,unmapped,no,not-a-figure-or-table-float,yes
results/safety_guided_defense/seed43/test_eval/variantD_byValMacroF1_clean_probabilities_test_epsilon_0_03.csv,predictions,e57eefc8dc5749389b51413e2cf27a74c32aa755ac691636b211c11a45c32a4a,94000,unknown,none,test-post-hoc,ledger:test+post_hoc,test,unmapped,no,not-a-figure-or-table-float,yes
results/safety_guided_defense/seed43/test_eval/variantD_byValMacroF1_fgsm_epsilon_sweep_legacy.csv,csv,ce7f132f5797ccc69524e510c76fb0d1bebfee499bcc1f44676c8d61f488cf85,2591,unknown,none,diagnostic-internal,default,none,unmapped,no,not-a-figure-or-table-float,yes
results/safety_guided_defense/seed43/test_eval/variantD_byValMacroF1_fgsm_epsilon_sweep_test.csv,csv,6518f7c836db562c4bd24805186497264b12c837f33055c794b401de412bdafd,2536,unknown,none,test-descriptive,ledger:test,test,unmapped,no,not-a-figure-or-table-float,yes
results/safety_guided_defense/seed43/test_eval/variantD_byValMacroF1_fgsm_predictions_legacy_epsilon_0_03.csv,predictions,1cac4ee9f92721a8e0a7569bddd434fbc9b1dc3c667457e42270b341059e509d,67553,unknown,none,diagnostic-internal,default,none,unmapped,no,not-a-figure-or-table-float,yes
results/safety_guided_defense/seed43/test_eval/variantD_byValMacroF1_fgsm_predictions_test_epsilon_0_03.csv,predictions,05a666340f2337566c7aeaf6208df23b86137645fa97010993c943245bef5fb1,34018,scripts/analyze_safety_guided_seed.py,literal,test-descriptive,path:convention,test,unmapped,no,not-a-figure-or-table-float,yes
results/safety_guided_defense/seed43/test_eval/variantD_byValMacroF1_fgsm_probabilities_test_epsilon_0_03.csv,predictions,9b11f850421ecb2aed43c2a9d44cad764023a82b9df4d6598fd6ca4063860c7d,93324,unknown,none,test-post-hoc,ledger:test+post_hoc,test,unmapped,no,not-a-figure-or-table-float,yes
results/safety_guided_defense/seed43/test_eval/variantD_byValMacroF1_fgsm_safety_metrics_legacy_epsilon_0_03.csv,csv,1c94d7439eb4d0828641d614ecfa82844c13359d5a1baf3ffa7cf20f811a2490,479,unknown,none,diagnostic-internal,default,none,unmapped,no,not-a-figure-or-table-float,yes
results/safety_guided_defense/seed43/test_eval/variantD_byValMacroF1_fgsm_safety_metrics_test_epsilon_0_03.csv,csv,a5881a6425b416ce8c406e7ad8e473a6293f75ead7a491008cd33802f685e03b,474,unknown,none,test-descriptive,ledger:test,test,unmapped,no,not-a-figure-or-table-float,yes
results/safety_guided_defense/seed43/test_eval/variantD_byValMacroF1_fgsm_sweep_predictions_legacy.csv,predictions,71ca9835eb2b926d27d4faa5de241153731da270e0573a20787bcc4b2bc3828a,1211503,unknown,none,diagnostic-internal,default,none,unmapped,no,not-a-figure-or-table-float,yes
results/safety_guided_defense/seed43/test_eval/variantD_byValMacroF1_fgsm_sweep_predictions_test.csv,predictions,e9c0c30f6276dda5dec102bc3bed7858b8e33c41d3f2d3dd7d28f09da51d2897,607233,unknown,none,test-descriptive,ledger:test,test,unmapped,no,not-a-figure-or-table-float,yes
results/safety_guided_defense/seed43/test_eval/variantD_byValMacroF1_pgd_epsilon_sweep_legacy.csv,csv,9fe3cf5345e857e24857fc28efda0d19c87a79af81810cf767176e0c3226c5cd,2646,unknown,none,diagnostic-internal,default,none,unmapped,no,not-a-figure-or-table-float,yes
results/safety_guided_defense/seed43/test_eval/variantD_byValMacroF1_pgd_epsilon_sweep_test.csv,csv,9abb7d001505da380c34df4e9fcea379472a2146f22c223f0da9f53ed7b4020a,2589,unknown,none,test-descriptive,ledger:test,test,unmapped,no,not-a-figure-or-table-float,yes
results/safety_guided_defense/seed43/test_eval/variantD_byValMacroF1_pgd_predictions_legacy_epsilon_0_03.csv,predictions,2b9a4b07e6c817e610420d5bfb78bbfb2a785425ac329c3167f2cc36a188add3,79597,unknown,none,diagnostic-internal,default,none,unmapped,no,not-a-figure-or-table-float,yes
results/safety_guided_defense/seed43/test_eval/variantD_byValMacroF1_pgd_predictions_test_epsilon_0_03.csv,predictions,b09a394c620bc3fe92a63987eae88cb32eba9139e00adca8ff8a8ed35896fc82,40079,scripts/analyze_safety_guided_seed.py,literal,test-descriptive,path:convention,test,unmapped,no,not-a-figure-or-table-float,yes
results/safety_guided_defense/seed43/test_eval/variantD_byValMacroF1_pgd_probabilities_test_epsilon_0_03.csv,predictions,49a88fe9fd78bcc5f1f3969c0ed503614be5d324cf0b9b644a5436199d023d00,92928,scripts/analysis/plot_d1_d12_recall_far.py,literal,test-post-hoc,ledger:test+post_hoc,test,unmapped,no,not-a-figure-or-table-float,yes
results/safety_guided_defense/seed43/test_eval/variantD_byValMacroF1_pgd_safety_metrics_legacy_epsilon_0_03.csv,csv,20cac2c0e834987615f183d84912350aab2acc84723e01bacc2f2ea2a6b9c1ca,482,unknown,none,diagnostic-internal,default,none,unmapped,no,not-a-figure-or-table-float,yes
results/safety_guided_defense/seed43/test_eval/variantD_byValMacroF1_pgd_safety_metrics_test_epsilon_0_03.csv,csv,61230ae1e006f54d63f0ee4dd0aee459c32e2b70a65e2d3cac87a5b4510cb84d,477,unknown,none,test-descriptive,ledger:test,test,unmapped,no,not-a-figure-or-table-float,yes
results/safety_guided_defense/seed43/test_eval/variantD_byValMacroF1_pgd_sweep_predictions_legacy.csv,predictions,84cb55ee1a5661e7fbc2af84517051b2535824f587bb7052e93da008af670374,1428128,unknown,none,diagnostic-internal,default,none,unmapped,no,not-a-figure-or-table-float,yes
results/safety_guided_defense/seed43/test_eval/variantD_byValMacroF1_pgd_sweep_predictions_test.csv,predictions,c4bd93d771f2cb70b2a7b4f1dcd1369b428e41a76093bfff6fe71383c5476031,715960,unknown,none,test-descriptive,ledger:test,test,unmapped,no,not-a-figure-or-table-float,yes
results/safety_guided_defense/seed43/test_eval/variantD_byValMacroF1_sweep_metadata.json,metadata,2eb5e13486a35aa3f333b9eab80ecbf807297d606493e32eed5a28bb7bc99ef9,3873,unknown,none,diagnostic-internal,default,none,unmapped,no,not-a-figure-or-table-float,yes
results/safety_guided_defense/seed44/logs/seed44_variantD_fgsm_pgd_multieps_at_fw3_50clean_25fgsm_25pgd_metadata.json,metadata,ff026aa7bf8a2ae4fe0deae1c89ebcd9e9e194ed2d9ad26f344ee32ee6a311de,5350,unknown,none,diagnostic-internal,default,none,unmapped,no,not-a-figure-or-table-float,yes
results/safety_guided_defense/seed44/logs/seed44_variantD_fgsm_pgd_multieps_at_fw3_50clean_25fgsm_25pgd_training_log.csv,csv,f202bb1582a85efc70aa819918392028d2ca3ec46a79b89baea9361ff936d2d7,5165,unknown,none,diagnostic-internal,default,none,unmapped,no,not-a-figure-or-table-float,yes
results/safety_guided_defense/seed44/test_eval/variantD_bySafetyScore_attacks_metadata.json,metadata,fd0c68a796f641457ca66aa1be296bf03acb2af4aa0c3eed21947c138f709461,6102,unknown,none,diagnostic-internal,default,none,unmapped,no,not-a-figure-or-table-float,yes
results/safety_guided_defense/seed44/test_eval/variantD_bySafetyScore_clean_probabilities_test_epsilon_0_03.csv,predictions,ae09b154d6973619a0d0b839fa9138b6172d858b60801dbb70a519bddfbb648e,93641,unknown,none,test-post-hoc,ledger:test+post_hoc,test,unmapped,no,not-a-figure-or-table-float,yes
results/safety_guided_defense/seed44/test_eval/variantD_bySafetyScore_fgsm_epsilon_sweep_legacy.csv,csv,bea4729683ad119e18a963ccb965387b680e707f49a0bdb0de5207bdcb85f48e,2608,unknown,none,diagnostic-internal,default,none,unmapped,no,not-a-figure-or-table-float,yes
results/safety_guided_defense/seed44/test_eval/variantD_bySafetyScore_fgsm_epsilon_sweep_test.csv,csv,60274eff564dc4f97ed4482468886e1c06f97978367e214be03716ac110c8671,2558,unknown,none,test-descriptive,ledger:test,test,unmapped,no,not-a-figure-or-table-float,yes
results/safety_guided_defense/seed44/test_eval/variantD_bySafetyScore_fgsm_predictions_legacy_epsilon_0_03.csv,predictions,d3bb19022600138857377f386a27c09a2a781cfb8d1041322bcafb45e9a8d1fc,67493,unknown,none,diagnostic-internal,default,none,unmapped,no,not-a-figure-or-table-float,yes
results/safety_guided_defense/seed44/test_eval/variantD_bySafetyScore_fgsm_predictions_test_epsilon_0_03.csv,predictions,f167a4dc7f84b42d594fe2de8c31575b126f6680b3c0fac7e86e3ed0849a6353,33997,scripts/analyze_safety_guided_seed.py,literal,test-descriptive,path:convention,test,unmapped,no,not-a-figure-or-table-float,yes
results/safety_guided_defense/seed44/test_eval/variantD_bySafetyScore_fgsm_probabilities_test_epsilon_0_03.csv,predictions,9ca2d1cc95ad635f0535f8be744923b13b655d3f1ee40b38fd7bcdd171122ee4,93082,unknown,none,test-post-hoc,ledger:test+post_hoc,test,unmapped,no,not-a-figure-or-table-float,yes
results/safety_guided_defense/seed44/test_eval/variantD_bySafetyScore_fgsm_safety_metrics_legacy_epsilon_0_03.csv,csv,0a4ec3b5e88b9f22deeb782faa83910c139ad472db6bc53291bc1170b13d34f7,479,unknown,none,diagnostic-internal,default,none,unmapped,no,not-a-figure-or-table-float,yes
results/safety_guided_defense/seed44/test_eval/variantD_bySafetyScore_fgsm_safety_metrics_test_epsilon_0_03.csv,csv,fd30a40ed64964ded9748dccc5c827bd52a72215d17f44703f44a3f246e41433,477,unknown,none,test-descriptive,ledger:test,test,unmapped,no,not-a-figure-or-table-float,yes
results/safety_guided_defense/seed44/test_eval/variantD_bySafetyScore_fgsm_sweep_predictions_legacy.csv,predictions,a59a8b30ccb88c3f965aba71e8fe412b663b2ebba02c08d469c911dac52a7fe8,1210600,unknown,none,diagnostic-internal,default,none,unmapped,no,not-a-figure-or-table-float,yes
results/safety_guided_defense/seed44/test_eval/variantD_bySafetyScore_fgsm_sweep_predictions_test.csv,predictions,9dcf44c685309486896ddb4784f827120d98bbda603990fb6b45095ffd928d7d,606690,unknown,none,test-descriptive,ledger:test,test,unmapped,no,not-a-figure-or-table-float,yes
results/safety_guided_defense/seed44/test_eval/variantD_bySafetyScore_pgd_epsilon_sweep_legacy.csv,csv,67be897f2f94a03e99b230adf697e9315a58aa57f125122bca5cdf1017342d1d,2658,unknown,none,diagnostic-internal,default,none,unmapped,no,not-a-figure-or-table-float,yes
results/safety_guided_defense/seed44/test_eval/variantD_bySafetyScore_pgd_epsilon_sweep_test.csv,csv,e2c2aec8e776f3bc625aa92e5329c04355379d18b39be0562910a306c1abe5ec,2612,scripts/analyze_selection_v2.py,literal,test-descriptive,ledger:test,test,unmapped,no,not-a-figure-or-table-float,yes
results/safety_guided_defense/seed44/test_eval/variantD_bySafetyScore_pgd_predictions_legacy_epsilon_0_03.csv,predictions,542cff23f5b43fd80bfcbb1371598df580da25b3446cc9722676d08f0dece4a4,79532,unknown,none,diagnostic-internal,default,none,unmapped,no,not-a-figure-or-table-float,yes
results/safety_guided_defense/seed44/test_eval/variantD_bySafetyScore_pgd_predictions_test_epsilon_0_03.csv,predictions,d0dd71fcb51bc36b9631eb7082ed9f09bb12b042d19f8bdbd7b346ac3a43471b,40015,scripts/analyze_safety_guided_seed.py,literal,test-descriptive,path:convention,test,unmapped,no,not-a-figure-or-table-float,yes
results/safety_guided_defense/seed44/test_eval/variantD_bySafetyScore_pgd_probabilities_test_epsilon_0_03.csv,predictions,b1d10dc46ac332a956a281f1d387441168524f8840394f8f94a22c7119159581,92625,scripts/analyze_variantF.py,literal,test-post-hoc,ledger:test+post_hoc,test,unmapped,no,not-a-figure-or-table-float,yes
results/safety_guided_defense/seed44/test_eval/variantD_bySafetyScore_pgd_safety_metrics_legacy_epsilon_0_03.csv,csv,9cd0849a2ee1424e8abd0c8c180d6a13b0d33db07d894648d9ce2abf28aceb91,482,unknown,none,diagnostic-internal,default,none,unmapped,no,not-a-figure-or-table-float,yes
results/safety_guided_defense/seed44/test_eval/variantD_bySafetyScore_pgd_safety_metrics_test_epsilon_0_03.csv,csv,f5c2a004d090b7c8a023cca36308079387a5aa85507a22a5a58d3b8809a9618f,480,scripts/audit_core.py,literal,test-descriptive,ledger:test,test,unmapped,no,not-a-figure-or-table-float,yes
results/safety_guided_defense/seed44/test_eval/variantD_bySafetyScore_pgd_sweep_predictions_legacy.csv,predictions,fa9f06da32d33dbbb3a425fd4916dcbb9b5a8db693d413fd34825ad9ec2c5272,1426330,unknown,none,diagnostic-internal,default,none,unmapped,no,not-a-figure-or-table-float,yes
results/safety_guided_defense/seed44/test_eval/variantD_bySafetyScore_pgd_sweep_predictions_test.csv,predictions,8b5ffbdb4a32124a614f839bf6c7ee5b436bed90c89bf77f6dfc1989379edbfd,714729,unknown,none,test-descriptive,ledger:test,test,unmapped,no,not-a-figure-or-table-float,yes
results/safety_guided_defense/seed44/test_eval/variantD_bySafetyScore_sweep_metadata.json,metadata,a6fa3b578124585248cee75e8d5a834bbd9cdc6bee6ff194bc76f73cc6a90780,3871,unknown,none,diagnostic-internal,default,none,unmapped,no,not-a-figure-or-table-float,yes
results/safety_guided_defense/variantE_motion_hard_negative/cross_seed_decision_analysis/VARIANT_E_CROSS_SEED_DECISION.md,report,62678785925ee3e318937aff3681581b2ba6e1aca39624e441fdf88bdeb61a48,11951,unknown,none,diagnostic-internal,default,none,unmapped,no,not-a-figure-or-table-float,yes
results/safety_guided_defense/variantE_motion_hard_negative/cross_seed_decision_analysis/selection_rescore_both_seeds.csv,csv,69b0d98815a7a25889f5a43699bf6e8564f0a7dc68aa235d42cfe76782eed35f,1023,unknown,none,diagnostic-internal,default,none,unmapped,no,not-a-figure-or-table-float,yes
results/safety_guided_defense/variantE_motion_hard_negative/seed42/VARIANT_E_SEED42_REPORT.md,report,2aa34e97d47b0e6d96db666bb35d0601fa7ad176dae440b8b1a6ec1bd9f504c2,8511,unknown,none,diagnostic-internal,default,none,unmapped,no,not-a-figure-or-table-float,yes
results/safety_guided_defense/variantE_motion_hard_negative/seed42/analysis/binary_alert_metrics.csv,csv,f3fa84438c0945c68b1c8bfafb3c776077e8f980f70815b32cda3f698ea2706a,2147,scripts/analyze_safety_guided_seed.py,literal,diagnostic-internal,default,none,unmapped,no,not-a-figure-or-table-float,yes
results/safety_guided_defense/variantE_motion_hard_negative/seed42/analysis/false_alarm_class_sources.csv,csv,51d3a08594dd2ffe1741f47ba330424c5c977c8443031814527888f53716267a,1258,scripts/analyze_safety_guided_seed.py,literal,diagnostic-internal,default,none,unmapped,no,not-a-figure-or-table-float,yes
results/safety_guided_defense/variantE_motion_hard_negative/seed42/analysis/probability_diagnosis.csv,csv,fbedd1d3b8a4b3d966fd9f8d2aff4e1c711d32c20007399bcf24d40c89952363,2200,scripts/analyze_false_alarm_calibration.py,literal,diagnostic-internal,default,none,unmapped,no,not-a-figure-or-table-float,yes
results/safety_guided_defense/variantE_motion_hard_negative/seed42/decision_analysis/VARIANT_E_NEXT_EXPERIMENT_DECISION.md,report,abdfd50dc11dd799fcc2f83658f683189dfa6741bcd02d0bcc5fcb22349d6a43,12216,unknown,none,diagnostic-internal,default,none,unmapped,no,not-a-figure-or-table-float,yes
results/safety_guided_defense/variantE_motion_hard_negative/seed42/decision_analysis/e2_validation_rescore.csv,csv,bde69666dd51da029dffb59d494911e062d746c731e0a53eb604346a48462363,547,unknown,none,diagnostic-internal,default,none,unmapped,no,not-a-figure-or-table-float,yes
results/safety_guided_defense/variantE_motion_hard_negative/seed42/decision_analysis/sweep_frontier_D_vs_E.csv,csv,457272135b11e02a40f3f02e12c77c6c0a7decf37bd00a6799e20f3a6d27601a,1720,unknown,none,diagnostic-internal,default,none,unmapped,no,not-a-figure-or-table-float,yes
results/safety_guided_defense/variantE_motion_hard_negative/seed42/figures/fig_recall_vs_false_alarms.png,figure,ccf29bd945fedd3452efa506c865e3f52739728df17e1c16c205fa14551a6db6,63207,scripts/analyze_selection_v2.py,literal,diagnostic-internal,default,none,unmapped,no,evidence-not-admissible;claim-not-approved,yes
results/safety_guided_defense/variantE_motion_hard_negative/seed42/figures/fig_walk_run_false_alarm_reduction.png,figure,bb5d53fe17bf1c159494b3926371921e038163b43ab51ee575680ddd7cc9e145,61673,scripts/analyze_variantE.py,literal,diagnostic-internal,default,none,unmapped,no,evidence-not-admissible;claim-not-approved,yes
results/safety_guided_defense/variantE_motion_hard_negative/seed42/logs/seed42_variantE_motion_hardneg_fw3_lam0p5_50clean_25fgsm_25pgd_metadata.json,metadata,ee470822b117132fa5a419214ff6574429e946612d4b2302d7bb4e51463a67cc,4250,unknown,none,diagnostic-internal,default,none,unmapped,no,not-a-figure-or-table-float,yes
results/safety_guided_defense/variantE_motion_hard_negative/seed42/logs/seed42_variantE_motion_hardneg_fw3_lam0p5_50clean_25fgsm_25pgd_training_log.csv,csv,ad1acffce23547bd39706eaadd071d062cb8f7329ed6538d6a7237676745a2b7,4308,unknown,none,diagnostic-internal,default,none,unmapped,no,not-a-figure-or-table-float,yes
results/safety_guided_defense/variantE_motion_hard_negative/seed42/logs/seed42_variantE_motion_hardneg_fw3_lam1p0_50clean_25fgsm_25pgd_metadata.json,metadata,e8c088356b969522f55a7f84ef024c5e45f160383373f84ebe13448f18922b8a,4243,unknown,none,diagnostic-internal,default,none,unmapped,no,not-a-figure-or-table-float,yes
results/safety_guided_defense/variantE_motion_hard_negative/seed42/logs/seed42_variantE_motion_hardneg_fw3_lam1p0_50clean_25fgsm_25pgd_training_log.csv,csv,30cc0a2af0e9ca860bd1295fe76118b76fe3c24132d45d03d0ad21f2b505ea6b,8293,unknown,none,diagnostic-internal,default,none,unmapped,no,not-a-figure-or-table-float,yes
results/safety_guided_defense/variantE_motion_hard_negative/seed42/logs/seed42_variantE_motion_hardneg_fw3_lam2p0_50clean_25fgsm_25pgd_metadata.json,metadata,5cf125835ff0a90923c75d30a32ee513d53c17853243c1cdeef9bee800cf3a98,4227,unknown,none,diagnostic-internal,default,none,unmapped,no,not-a-figure-or-table-float,yes
results/safety_guided_defense/variantE_motion_hard_negative/seed42/logs/seed42_variantE_motion_hardneg_fw3_lam2p0_50clean_25fgsm_25pgd_training_log.csv,csv,f183151c83dfb4d0443e23313e77d2b3630a729cf303eaafcf327e99a19e9916,7596,unknown,none,diagnostic-internal,default,none,unmapped,no,not-a-figure-or-table-float,yes
results/safety_guided_defense/variantE_motion_hard_negative/seed42/metadata/E_lam0p5_bySafetyScore_attacks_metadata.json,metadata,03a1f199e2525fe6d01e8539d0df57a427e39b3969597edec70f22bd434c0eac,6383,unknown,none,diagnostic-internal,default,none,unmapped,no,not-a-figure-or-table-float,yes
results/safety_guided_defense/variantE_motion_hard_negative/seed42/metadata/E_lam0p5_byValMacroF1_attacks_metadata.json,metadata,40d50fbc8ae9b001b0f508bfbee60f209e3dafe4b5afbb781a45b7dd094fdf86,6360,unknown,none,diagnostic-internal,default,none,unmapped,no,not-a-figure-or-table-float,yes
results/safety_guided_defense/variantE_motion_hard_negative/seed42/metadata/E_lam1p0_bySafetyScore_attacks_metadata.json,metadata,1d576355ec0255805fdaf85749bb6b13f7573d00c1c79274b831a0e8e747f647,6374,unknown,none,diagnostic-internal,default,none,unmapped,no,not-a-figure-or-table-float,yes
results/safety_guided_defense/variantE_motion_hard_negative/seed42/metadata/E_lam1p0_byValMacroF1_attacks_metadata.json,metadata,22dfbe0bf8ce6213aa229560b0e10c4813750a44caf83d19e5bc80aa3c24b44d,6159,unknown,none,diagnostic-internal,default,none,unmapped,no,not-a-figure-or-table-float,yes
results/safety_guided_defense/variantE_motion_hard_negative/seed42/metadata/E_lam2p0_bySafetyScore_attacks_metadata.json,metadata,4246976d1b3a9de33685b5a5430d43f050ad2e9973ae868e9928a9604ae9377d,6372,unknown,none,diagnostic-internal,default,none,unmapped,no,not-a-figure-or-table-float,yes
results/safety_guided_defense/variantE_motion_hard_negative/seed42/metadata/E_lam2p0_byValMacroF1_attacks_metadata.json,metadata,daf8790e6840edb3c9ed3553edf0b9e7a09dc7ec28ac343f53e9a1dd40140490,6346,unknown,none,diagnostic-internal,default,none,unmapped,no,not-a-figure-or-table-float,yes
results/safety_guided_defense/variantE_motion_hard_negative/seed42/metadata/seed42_variantE_motion_hardneg_fw3_lam0p5_50clean_25fgsm_25pgd_metadata.json,metadata,ee470822b117132fa5a419214ff6574429e946612d4b2302d7bb4e51463a67cc,4250,unknown,none,diagnostic-internal,default,none,unmapped,no,not-a-figure-or-table-float,yes
results/safety_guided_defense/variantE_motion_hard_negative/seed42/metadata/seed42_variantE_motion_hardneg_fw3_lam1p0_50clean_25fgsm_25pgd_metadata.json,metadata,e8c088356b969522f55a7f84ef024c5e45f160383373f84ebe13448f18922b8a,4243,unknown,none,diagnostic-internal,default,none,unmapped,no,not-a-figure-or-table-float,yes
results/safety_guided_defense/variantE_motion_hard_negative/seed42/metadata/seed42_variantE_motion_hardneg_fw3_lam2p0_50clean_25fgsm_25pgd_metadata.json,metadata,5cf125835ff0a90923c75d30a32ee513d53c17853243c1cdeef9bee800cf3a98,4227,unknown,none,diagnostic-internal,default,none,unmapped,no,not-a-figure-or-table-float,yes
results/safety_guided_defense/variantE_motion_hard_negative/seed42/test_eval/E_lam0p5_bySafetyScore_attacks_metadata.json,metadata,03a1f199e2525fe6d01e8539d0df57a427e39b3969597edec70f22bd434c0eac,6383,unknown,none,diagnostic-internal,default,none,unmapped,no,not-a-figure-or-table-float,yes
results/safety_guided_defense/variantE_motion_hard_negative/seed42/test_eval/E_lam0p5_bySafetyScore_clean_probabilities_test_epsilon_0_03.csv,predictions,44f98cfbe1389df6f307cc61a88b855340242bc16d1b271525652cc3f2c439a8,93543,unknown,none,test-descriptive,path:convention,test,unmapped,no,not-a-figure-or-table-float,yes
results/safety_guided_defense/variantE_motion_hard_negative/seed42/test_eval/E_lam0p5_bySafetyScore_fgsm_epsilon_sweep_legacy.csv,csv,3bce4e48b723c757c3db177cd90363023c39ba37b5f4282cba57366abf3634de,2609,unknown,none,diagnostic-internal,default,none,unmapped,no,not-a-figure-or-table-float,yes
results/safety_guided_defense/variantE_motion_hard_negative/seed42/test_eval/E_lam0p5_bySafetyScore_fgsm_epsilon_sweep_test.csv,csv,7e8fd939f67d339cccb1074acd19d36794e8d295b4b5f4142f44586046ded979,2559,unknown,none,diagnostic-internal,default,none,unmapped,no,not-a-figure-or-table-float,yes
results/safety_guided_defense/variantE_motion_hard_negative/seed42/test_eval/E_lam0p5_bySafetyScore_fgsm_predictions_legacy_epsilon_0_03.csv,predictions,d28c9345735eda000af184ea75221dcde5cf74e7695a993ea1dc375ade798ab6,68049,unknown,none,diagnostic-internal,default,none,unmapped,no,not-a-figure-or-table-float,yes
results/safety_guided_defense/variantE_motion_hard_negative/seed42/test_eval/E_lam0p5_bySafetyScore_fgsm_predictions_test_epsilon_0_03.csv,predictions,8dbd775a7a2088b769a3caaa13aeae26d64a3a03f2aacf2db3f494c9dd7f76a6,34239,unknown,none,test-descriptive,path:convention,test,unmapped,no,not-a-figure-or-table-float,yes
results/safety_guided_defense/variantE_motion_hard_negative/seed42/test_eval/E_lam0p5_bySafetyScore_fgsm_probabilities_test_epsilon_0_03.csv,predictions,67c92e8b63ea17bbd08827528b8b4cd0fc6becf84003eab6cfced2d3a0c6f1ee,93183,unknown,none,test-descriptive,path:convention,test,unmapped,no,not-a-figure-or-table-float,yes
results/safety_guided_defense/variantE_motion_hard_negative/seed42/test_eval/E_lam0p5_bySafetyScore_fgsm_safety_metrics_legacy_epsilon_0_03.csv,csv,b8ccb6fb8458af1151caa93a159fc08db8b94d89604f7cbf347d505253675dee,479,unknown,none,diagnostic-internal,default,none,unmapped,no,not-a-figure-or-table-float,yes
results/safety_guided_defense/variantE_motion_hard_negative/seed42/test_eval/E_lam0p5_bySafetyScore_fgsm_safety_metrics_test_epsilon_0_03.csv,csv,6c4f025b5ba293885b02e1b830dd0cb70b2437c38f77140b1fb1f7d080c108a9,477,unknown,none,test-descriptive,path:convention,test,unmapped,no,not-a-figure-or-table-float,yes
results/safety_guided_defense/variantE_motion_hard_negative/seed42/test_eval/E_lam0p5_bySafetyScore_fgsm_sweep_predictions_legacy.csv,predictions,184d643f8d706570c8cb4e307d4d7be8d7a8573c6060639505390be2ce70312c,1220226,unknown,none,diagnostic-internal,default,none,unmapped,no,not-a-figure-or-table-float,yes
results/safety_guided_defense/variantE_motion_hard_negative/seed42/test_eval/E_lam0p5_bySafetyScore_fgsm_sweep_predictions_test.csv,predictions,e008625d275807006a1a148cf121d9d30def080f29e656a85a342f2392f29215,610897,unknown,none,diagnostic-internal,default,none,unmapped,no,not-a-figure-or-table-float,yes
results/safety_guided_defense/variantE_motion_hard_negative/seed42/test_eval/E_lam0p5_bySafetyScore_pgd_epsilon_sweep_legacy.csv,csv,c0ed13b701007952f2bd2e2904cfb55534a132a919eb86287b2f853a2be7d50a,2660,unknown,none,diagnostic-internal,default,none,unmapped,no,not-a-figure-or-table-float,yes
results/safety_guided_defense/variantE_motion_hard_negative/seed42/test_eval/E_lam0p5_bySafetyScore_pgd_epsilon_sweep_test.csv,csv,102fba586752e8facf96110dfe38251f304942157fb13a02427be5eeab138195,2614,unknown,none,diagnostic-internal,default,none,unmapped,no,not-a-figure-or-table-float,yes
results/safety_guided_defense/variantE_motion_hard_negative/seed42/test_eval/E_lam0p5_bySafetyScore_pgd_predictions_legacy_epsilon_0_03.csv,predictions,9534c516a53e3b08cd495b55a1143b4009d066436d174f8d4ddefa0e7aeb4337,80062,unknown,none,diagnostic-internal,default,none,unmapped,no,not-a-figure-or-table-float,yes
results/safety_guided_defense/variantE_motion_hard_negative/seed42/test_eval/E_lam0p5_bySafetyScore_pgd_predictions_test_epsilon_0_03.csv,predictions,60d558d972adf8379c1d567b9073a81b6c542f3df8592da699b49275e818be97,40264,unknown,none,test-descriptive,path:convention,test,unmapped,no,not-a-figure-or-table-float,yes
results/safety_guided_defense/variantE_motion_hard_negative/seed42/test_eval/E_lam0p5_bySafetyScore_pgd_probabilities_test_epsilon_0_03.csv,predictions,f70d91db35060207dbca45c0f1a56ea0303ab4ebfdf34cc2cb8f7b13952f36d0,92702,unknown,none,test-descriptive,path:convention,test,unmapped,no,not-a-figure-or-table-float,yes
results/safety_guided_defense/variantE_motion_hard_negative/seed42/test_eval/E_lam0p5_bySafetyScore_pgd_safety_metrics_legacy_epsilon_0_03.csv,csv,84352c675e850e855a81ff37770e90892b580af3b6dc037fdb3af28b24986592,482,unknown,none,diagnostic-internal,default,none,unmapped,no,not-a-figure-or-table-float,yes
results/safety_guided_defense/variantE_motion_hard_negative/seed42/test_eval/E_lam0p5_bySafetyScore_pgd_safety_metrics_test_epsilon_0_03.csv,csv,f71b1539fecedf0c8cebb7115003e970d9e3adcd5301dae0540741d956a54d21,479,unknown,none,test-descriptive,path:convention,test,unmapped,no,not-a-figure-or-table-float,yes
results/safety_guided_defense/variantE_motion_hard_negative/seed42/test_eval/E_lam0p5_bySafetyScore_pgd_sweep_predictions_legacy.csv,predictions,c56427adfe34188295019d1d6668a87db83e21a92c21a0dc89dad0c00b1a41d4,1435617,unknown,none,diagnostic-internal,default,none,unmapped,no,not-a-figure-or-table-float,yes
results/safety_guided_defense/variantE_motion_hard_negative/seed42/test_eval/E_lam0p5_bySafetyScore_pgd_sweep_predictions_test.csv,predictions,7ff3e7045136fe16bb5187ecd4cd471234807361a7174791dd77ca3b60a1f6c4,718899,unknown,none,diagnostic-internal,default,none,unmapped,no,not-a-figure-or-table-float,yes
results/safety_guided_defense/variantE_motion_hard_negative/seed42/test_eval/E_lam0p5_bySafetyScore_sweep_metadata.json,metadata,0fda719602ec7e0973f75c3318bbfc4815fb146a94c63cdaebb6a4dac214eb9c,4156,unknown,none,diagnostic-internal,default,none,unmapped,no,not-a-figure-or-table-float,yes
results/safety_guided_defense/variantE_motion_hard_negative/seed42/test_eval/E_lam0p5_byValMacroF1_attacks_metadata.json,metadata,40d50fbc8ae9b001b0f508bfbee60f209e3dafe4b5afbb781a45b7dd094fdf86,6360,unknown,none,diagnostic-internal,default,none,unmapped,no,not-a-figure-or-table-float,yes
results/safety_guided_defense/variantE_motion_hard_negative/seed42/test_eval/E_lam0p5_byValMacroF1_clean_probabilities_test_epsilon_0_03.csv,predictions,ac3d801484698abe22cebc0adc451d97c1ddce7820a12b89bc40fdd0cdbbc5c3,93305,unknown,none,test-descriptive,path:convention,test,unmapped,no,not-a-figure-or-table-float,yes
results/safety_guided_defense/variantE_motion_hard_negative/seed42/test_eval/E_lam0p5_byValMacroF1_fgsm_epsilon_sweep_legacy.csv,csv,d287a979a155902984299928d22845d61a733a2c5d584c1db55040f8db8459f0,2577,unknown,none,diagnostic-internal,default,none,unmapped,no,not-a-figure-or-table-float,yes
results/safety_guided_defense/variantE_motion_hard_negative/seed42/test_eval/E_lam0p5_byValMacroF1_fgsm_epsilon_sweep_test.csv,csv,b1893b89a11fd4e8617085bab4536f5280b44ec5d6462020b444f5ac5239a3e5,2534,unknown,none,diagnostic-internal,default,none,unmapped,no,not-a-figure-or-table-float,yes
results/safety_guided_defense/variantE_motion_hard_negative/seed42/test_eval/E_lam0p5_byValMacroF1_fgsm_predictions_legacy_epsilon_0_03.csv,predictions,c6284ab80158c13aac9c021523733fa2f69a4a5efe1553dc43412c866394e15c,67860,unknown,none,diagnostic-internal,default,none,unmapped,no,not-a-figure-or-table-float,yes
results/safety_guided_defense/variantE_motion_hard_negative/seed42/test_eval/E_lam0p5_byValMacroF1_fgsm_predictions_test_epsilon_0_03.csv,predictions,59f12402a16c1f30ff3f6ae4eb18d759ecd497cee97fb6a2882a6788567fd9ea,34144,unknown,none,test-descriptive,path:convention,test,unmapped,no,not-a-figure-or-table-float,yes
results/safety_guided_defense/variantE_motion_hard_negative/seed42/test_eval/E_lam0p5_byValMacroF1_fgsm_probabilities_test_epsilon_0_03.csv,predictions,cd8b10a03c06bc6c8549f855d679a5c53fd2d953b08ecffd12caaae7296e7a79,92762,unknown,none,test-descriptive,path:convention,test,unmapped,no,not-a-figure-or-table-float,yes
results/safety_guided_defense/variantE_motion_hard_negative/seed42/test_eval/E_lam0p5_byValMacroF1_fgsm_safety_metrics_legacy_epsilon_0_03.csv,csv,6bf57d0df5d6813f6394c68fd1558a7ba7a535d53932c81c3f7c494928c4269c,476,unknown,none,diagnostic-internal,default,none,unmapped,no,not-a-figure-or-table-float,yes
results/safety_guided_defense/variantE_motion_hard_negative/seed42/test_eval/E_lam0p5_byValMacroF1_fgsm_safety_metrics_test_epsilon_0_03.csv,csv,5635a6098e9fd0e8af8f470b2f9d22f2bdf4dbe03ba2c13cec4534a56b3e7c75,474,unknown,none,test-descriptive,path:convention,test,unmapped,no,not-a-figure-or-table-float,yes
results/safety_guided_defense/variantE_motion_hard_negative/seed42/test_eval/E_lam0p5_byValMacroF1_fgsm_sweep_predictions_legacy.csv,predictions,89bce03a31137e957f4e0560996971cca38a5ffa659530cb77dc7cb1190dd11b,1216816,unknown,none,diagnostic-internal,default,none,unmapped,no,not-a-figure-or-table-float,yes
results/safety_guided_defense/variantE_motion_hard_negative/seed42/test_eval/E_lam0p5_byValMacroF1_fgsm_sweep_predictions_test.csv,predictions,b66a046fb14972773afd86e0c302d8d5c0af13e75a51f09d0964ac5cf18792d9,609311,unknown,none,diagnostic-internal,default,none,unmapped,no,not-a-figure-or-table-float,yes
results/safety_guided_defense/variantE_motion_hard_negative/seed42/test_eval/E_lam0p5_byValMacroF1_pgd_epsilon_sweep_legacy.csv,csv,936859ecdc5b7a3153a36105d6aaf8da8d094f6e50e7c1610944bb36810a674e,2646,unknown,none,diagnostic-internal,default,none,unmapped,no,not-a-figure-or-table-float,yes
results/safety_guided_defense/variantE_motion_hard_negative/seed42/test_eval/E_lam0p5_byValMacroF1_pgd_epsilon_sweep_test.csv,csv,6a38317400667bf2daff416618773f233a528aeaed907eeff9b285997a848b10,2587,unknown,none,diagnostic-internal,default,none,unmapped,no,not-a-figure-or-table-float,yes
results/safety_guided_defense/variantE_motion_hard_negative/seed42/test_eval/E_lam0p5_byValMacroF1_pgd_predictions_legacy_epsilon_0_03.csv,predictions,8f3c14fc0c38a6eff7a561f9a0e198c2ebe7ea295b64af5659c714abafbd0e07,79972,unknown,none,diagnostic-internal,default,none,unmapped,no,not-a-figure-or-table-float,yes
results/safety_guided_defense/variantE_motion_hard_negative/seed42/test_eval/E_lam0p5_byValMacroF1_pgd_predictions_test_epsilon_0_03.csv,predictions,82ccfc570c3c508b9085a3b22abdd7246660c4d77350fb923c0c178312e10237,40269,unknown,none,test-descriptive,path:convention,test,unmapped,no,not-a-figure-or-table-float,yes
results/safety_guided_defense/variantE_motion_hard_negative/seed42/test_eval/E_lam0p5_byValMacroF1_pgd_probabilities_test_epsilon_0_03.csv,predictions,da7d41e7cbb4459d663975e61be8a9e4cdc011a04c448589a611fe2437791cee,92431,unknown,none,test-descriptive,path:convention,test,unmapped,no,not-a-figure-or-table-float,yes
results/safety_guided_defense/variantE_motion_hard_negative/seed42/test_eval/E_lam0p5_byValMacroF1_pgd_safety_metrics_legacy_epsilon_0_03.csv,csv,2ed09956c5407cf6bba72c97269da59ce1ae71398f6421a49fc52e5e22878e1e,481,unknown,none,diagnostic-internal,default,none,unmapped,no,not-a-figure-or-table-float,yes
results/safety_guided_defense/variantE_motion_hard_negative/seed42/test_eval/E_lam0p5_byValMacroF1_pgd_safety_metrics_test_epsilon_0_03.csv,csv,5480385dfd13bcbbe9fa5143fec96804db1a2759bac0ac7c8dcbb94b943d16f9,477,unknown,none,test-descriptive,path:convention,test,unmapped,no,not-a-figure-or-table-float,yes
results/safety_guided_defense/variantE_motion_hard_negative/seed42/test_eval/E_lam0p5_byValMacroF1_pgd_sweep_predictions_legacy.csv,predictions,3ff3fe63bd2d50c39316230f208ef3dbe9a89958b3a6afd76db32aeff5acf593,1434580,unknown,none,diagnostic-internal,default,none,unmapped,no,not-a-figure-or-table-float,yes
results/safety_guided_defense/variantE_motion_hard_negative/seed42/test_eval/E_lam0p5_byValMacroF1_pgd_sweep_predictions_test.csv,predictions,1cc8fbfe11357a59535fad16990636bf3832a3dcd9426fc08fc503a9559d5a63,719015,unknown,none,diagnostic-internal,default,none,unmapped,no,not-a-figure-or-table-float,yes
results/safety_guided_defense/variantE_motion_hard_negative/seed42/test_eval/E_lam0p5_byValMacroF1_sweep_metadata.json,metadata,f97fe7e7f1907a88942e2c3e92cc9a86abee3bb60a177f1296e756844a91b6d1,4144,unknown,none,diagnostic-internal,default,none,unmapped,no,not-a-figure-or-table-float,yes
results/safety_guided_defense/variantE_motion_hard_negative/seed42/test_eval/E_lam1p0_bySafetyScore_attacks_metadata.json,metadata,1d576355ec0255805fdaf85749bb6b13f7573d00c1c79274b831a0e8e747f647,6374,unknown,none,diagnostic-internal,default,none,unmapped,no,not-a-figure-or-table-float,yes
results/safety_guided_defense/variantE_motion_hard_negative/seed42/test_eval/E_lam1p0_bySafetyScore_clean_probabilities_test_epsilon_0_03.csv,predictions,17a5cf2cf4c1449346bafd2d6edef957e53b83f195273bf56ff284d958f546ff,93723,unknown,none,test-descriptive,path:convention,test,unmapped,no,not-a-figure-or-table-float,yes
results/safety_guided_defense/variantE_motion_hard_negative/seed42/test_eval/E_lam1p0_bySafetyScore_fgsm_epsilon_sweep_legacy.csv,csv,ab9965e25d57a90e3fe3f84b54bae4034d5eb8a04479ac0bfd0a93bd50d4176b,2598,unknown,none,diagnostic-internal,default,none,unmapped,no,not-a-figure-or-table-float,yes
results/safety_guided_defense/variantE_motion_hard_negative/seed42/test_eval/E_lam1p0_bySafetyScore_fgsm_epsilon_sweep_test.csv,csv,e05dd763e3084d2ae0e888d1fb4143015241929416ab1c3d5dd8970b286d095c,2540,unknown,none,diagnostic-internal,default,none,unmapped,no,not-a-figure-or-table-float,yes
results/safety_guided_defense/variantE_motion_hard_negative/seed42/test_eval/E_lam1p0_bySafetyScore_fgsm_predictions_legacy_epsilon_0_03.csv,predictions,f31bc09cfb467313cfb779baeb79cd8cb8b603b820e09fea9950d7490c48696b,67723,unknown,none,diagnostic-internal,default,none,unmapped,no,not-a-figure-or-table-float,yes
results/safety_guided_defense/variantE_motion_hard_negative/seed42/test_eval/E_lam1p0_bySafetyScore_fgsm_predictions_test_epsilon_0_03.csv,predictions,694c546c3ffb020ff3476c896ae23db304d7efa9c9f76bdf5036e43404be6f22,34088,unknown,none,test-descriptive,path:convention,test,unmapped,no,not-a-figure-or-table-float,yes
results/safety_guided_defense/variantE_motion_hard_negative/seed42/test_eval/E_lam1p0_bySafetyScore_fgsm_probabilities_test_epsilon_0_03.csv,predictions,3714a7fa1f376db5470540f798343ef68af0fe4aee27c1b373ca28c5c64f5c28,93134,unknown,none,test-descriptive,path:convention,test,unmapped,no,not-a-figure-or-table-float,yes
results/safety_guided_defense/variantE_motion_hard_negative/seed42/test_eval/E_lam1p0_bySafetyScore_fgsm_safety_metrics_legacy_epsilon_0_03.csv,csv,c3219364648644684dcea006673b4081c6d632d022246ebe5817fa94309f826b,479,unknown,none,diagnostic-internal,default,none,unmapped,no,not-a-figure-or-table-float,yes
results/safety_guided_defense/variantE_motion_hard_negative/seed42/test_eval/E_lam1p0_bySafetyScore_fgsm_safety_metrics_test_epsilon_0_03.csv,csv,d1ad9e2b927735483d1dc19578f26e60e8bf2773ff6154ac943f443d05e710c4,475,unknown,none,test-descriptive,path:convention,test,unmapped,no,not-a-figure-or-table-float,yes
results/safety_guided_defense/variantE_motion_hard_negative/seed42/test_eval/E_lam1p0_bySafetyScore_fgsm_sweep_predictions_legacy.csv,predictions,b2e2f5bd3b83a66fbe3a1da5006a35091afab03c85340a4398968f09bd07f191,1214598,unknown,none,diagnostic-internal,default,none,unmapped,no,not-a-figure-or-table-float,yes
results/safety_guided_defense/variantE_motion_hard_negative/seed42/test_eval/E_lam1p0_bySafetyScore_fgsm_sweep_predictions_test.csv,predictions,624763ba8d6abd824560268d1782560ef2db7623f20b57d1836818ca4411eeae,608414,unknown,none,diagnostic-internal,default,none,unmapped,no,not-a-figure-or-table-float,yes
results/safety_guided_defense/variantE_motion_hard_negative/seed42/test_eval/E_lam1p0_bySafetyScore_pgd_epsilon_sweep_legacy.csv,csv,e5e608ee7e7efe78a6066554e5b21abf4e300d4066a62676dc9516680fa09a81,2651,unknown,none,diagnostic-internal,default,none,unmapped,no,not-a-figure-or-table-float,yes
results/safety_guided_defense/variantE_motion_hard_negative/seed42/test_eval/E_lam1p0_bySafetyScore_pgd_epsilon_sweep_test.csv,csv,bb27913196deb16898247b1f2bf313ba79d9415ca1c5f84fca9890a89014fd75,2606,scripts/analyze_selection_v2.py,literal,diagnostic-internal,default,none,unmapped,no,not-a-figure-or-table-float,yes
results/safety_guided_defense/variantE_motion_hard_negative/seed42/test_eval/E_lam1p0_bySafetyScore_pgd_predictions_legacy_epsilon_0_03.csv,predictions,6c65b4cd596303dea1e3259626bc6e9de9fe7a57f2d2da526b8f885357a281cc,79954,unknown,none,diagnostic-internal,default,none,unmapped,no,not-a-figure-or-table-float,yes
results/safety_guided_defense/variantE_motion_hard_negative/seed42/test_eval/E_lam1p0_bySafetyScore_pgd_predictions_test_epsilon_0_03.csv,predictions,5e38f545760a8ddcf2f457410310aa9ce763e48f0abffeb4f78d11d9b1e05fbb,40224,scripts/audit_core.py,literal,test-descriptive,path:convention,test,unmapped,no,not-a-figure-or-table-float,yes
results/safety_guided_defense/variantE_motion_hard_negative/seed42/test_eval/E_lam1p0_bySafetyScore_pgd_probabilities_test_epsilon_0_03.csv,predictions,d48130954e20d25e3bc6954c3de8643bd11561bc6aa8dded4543519ab81ec0f9,92809,scripts/analyze_variantF.py,literal,test-descriptive,path:convention,test,unmapped,no,not-a-figure-or-table-float,yes
results/safety_guided_defense/variantE_motion_hard_negative/seed42/test_eval/E_lam1p0_bySafetyScore_pgd_safety_metrics_legacy_epsilon_0_03.csv,csv,580ff558b2a4a15f1e6160d3c391e808318b7921a30f32ff8ba5b6322ff4ba53,482,unknown,none,diagnostic-internal,default,none,unmapped,no,not-a-figure-or-table-float,yes
results/safety_guided_defense/variantE_motion_hard_negative/seed42/test_eval/E_lam1p0_bySafetyScore_pgd_safety_metrics_test_epsilon_0_03.csv,csv,515f1d8a6295f178930fdd35da0d4e7195a2413f5493e4b48efc9be9bcb16808,480,scripts/audit_core.py,literal,test-descriptive,path:convention,test,unmapped,no,not-a-figure-or-table-float,yes
results/safety_guided_defense/variantE_motion_hard_negative/seed42/test_eval/E_lam1p0_bySafetyScore_pgd_sweep_predictions_legacy.csv,predictions,b2c54adb49e29cfccb329485850d60f57b6e65412314b0af2b7f34273af5401a,1432336,unknown,none,diagnostic-internal,default,none,unmapped,no,not-a-figure-or-table-float,yes
results/safety_guided_defense/variantE_motion_hard_negative/seed42/test_eval/E_lam1p0_bySafetyScore_pgd_sweep_predictions_test.csv,predictions,d76e1b1fdbbdad0a23dafdb859e5ccc94b7c9a0c698aece69eced70c77609f8a,717632,unknown,none,diagnostic-internal,default,none,unmapped,no,not-a-figure-or-table-float,yes
results/safety_guided_defense/variantE_motion_hard_negative/seed42/test_eval/E_lam1p0_bySafetyScore_sweep_metadata.json,metadata,169c4e437e37dfa0697ee4ed0cf3db8f5fe3963744b6edf48858532bb893fd09,4154,unknown,none,diagnostic-internal,default,none,unmapped,no,not-a-figure-or-table-float,yes
results/safety_guided_defense/variantE_motion_hard_negative/seed42/test_eval/E_lam1p0_byValMacroF1_attacks_metadata.json,metadata,22dfbe0bf8ce6213aa229560b0e10c4813750a44caf83d19e5bc80aa3c24b44d,6159,unknown,none,diagnostic-internal,default,none,unmapped,no,not-a-figure-or-table-float,yes
results/safety_guided_defense/variantE_motion_hard_negative/seed42/test_eval/E_lam1p0_byValMacroF1_clean_probabilities_test_epsilon_0_03.csv,predictions,d0d052d1fb6d36c35ed6dd275499317992217abc448016a16ea5b3ad4ca1f51e,93645,unknown,none,test-descriptive,path:convention,test,unmapped,no,not-a-figure-or-table-float,yes
results/safety_guided_defense/variantE_motion_hard_negative/seed42/test_eval/E_lam1p0_byValMacroF1_fgsm_epsilon_sweep_legacy.csv,csv,198f549624c3a8dbd58b5c20640a739663bfc3e39a9bff26822b1281c3438f83,2569,unknown,none,diagnostic-internal,default,none,unmapped,no,not-a-figure-or-table-float,yes
results/safety_guided_defense/variantE_motion_hard_negative/seed42/test_eval/E_lam1p0_byValMacroF1_fgsm_epsilon_sweep_test.csv,csv,03af0d8ce7fb0e895fa89385a31cf5812a06aec884e5b1a3131add5ca3282ca8,2527,unknown,none,diagnostic-internal,default,none,unmapped,no,not-a-figure-or-table-float,yes
results/safety_guided_defense/variantE_motion_hard_negative/seed42/test_eval/E_lam1p0_byValMacroF1_fgsm_predictions_legacy_epsilon_0_03.csv,predictions,b4c258c1aca8ef915269ba8f78400ea6d2be703d46ade8482473c40a79d3d18c,68189,unknown,none,diagnostic-internal,default,none,unmapped,no,not-a-figure-or-table-float,yes
results/safety_guided_defense/variantE_motion_hard_negative/seed42/test_eval/E_lam1p0_byValMacroF1_fgsm_predictions_test_epsilon_0_03.csv,predictions,eda97216e2b1415925af9a9487daf5f273ede764f0860aa80fc26532b6e0c8d9,34264,unknown,none,test-descriptive,path:convention,test,unmapped,no,not-a-figure-or-table-float,yes
results/safety_guided_defense/variantE_motion_hard_negative/seed42/test_eval/E_lam1p0_byValMacroF1_fgsm_probabilities_test_epsilon_0_03.csv,predictions,ff9f66c16f6ba053f874e67ef6ad1eb217908fbd96cd7f9257620be0118333c1,93141,unknown,none,test-descriptive,path:convention,test,unmapped,no,not-a-figure-or-table-float,yes
results/safety_guided_defense/variantE_motion_hard_negative/seed42/test_eval/E_lam1p0_byValMacroF1_fgsm_safety_metrics_legacy_epsilon_0_03.csv,csv,95507f0aaa64ac98e61c16be2f08044f50a8e7fe712830b00fafc2b1393841fa,476,unknown,none,diagnostic-internal,default,none,unmapped,no,not-a-figure-or-table-float,yes
results/safety_guided_defense/variantE_motion_hard_negative/seed42/test_eval/E_lam1p0_byValMacroF1_fgsm_safety_metrics_test_epsilon_0_03.csv,csv,0cca04611bbbe4e4ebd065d2f087ff35a34a9fb2073019029e45c66ad0e677ca,474,unknown,none,test-descriptive,path:convention,test,unmapped,no,not-a-figure-or-table-float,yes
results/safety_guided_defense/variantE_motion_hard_negative/seed42/test_eval/E_lam1p0_byValMacroF1_fgsm_sweep_predictions_legacy.csv,predictions,507b216a389fe65ffbeadc718a58a8bac1732430f0217ead3e076b24216e09a4,1221125,unknown,none,diagnostic-internal,default,none,unmapped,no,not-a-figure-or-table-float,yes
results/safety_guided_defense/variantE_motion_hard_negative/seed42/test_eval/E_lam1p0_byValMacroF1_fgsm_sweep_predictions_test.csv,predictions,b9f6f904a55c0ddd6f29c43f33bb4b994e600c1676ec7c00610b21ff7a096662,611226,unknown,none,diagnostic-internal,default,none,unmapped,no,not-a-figure-or-table-float,yes
results/safety_guided_defense/variantE_motion_hard_negative/seed42/test_eval/E_lam1p0_byValMacroF1_pgd_epsilon_sweep_legacy.csv,csv,3faf4b9fbeccc9a33c94f5416fd784aeef558d274bf09f71696b2d9ce8978013,2625,unknown,none,diagnostic-internal,default,none,unmapped,no,not-a-figure-or-table-float,yes
results/safety_guided_defense/variantE_motion_hard_negative/seed42/test_eval/E_lam1p0_byValMacroF1_pgd_epsilon_sweep_test.csv,csv,5d80efa2f4d0d491e7e4833da1a4144c3ed242a7bdda65c17d2925520ef4cc41,2583,scripts/audit_core.py,literal,diagnostic-internal,default,none,unmapped,no,not-a-figure-or-table-float,yes
results/safety_guided_defense/variantE_motion_hard_negative/seed42/test_eval/E_lam1p0_byValMacroF1_pgd_predictions_legacy_epsilon_0_03.csv,predictions,8092aa4aea5150700e52a2c897487d9916b7ccfda4263b0b9c105a5b0eb366c9,80685,unknown,none,diagnostic-internal,default,none,unmapped,no,not-a-figure-or-table-float,yes
results/safety_guided_defense/variantE_motion_hard_negative/seed42/test_eval/E_lam1p0_byValMacroF1_pgd_predictions_test_epsilon_0_03.csv,predictions,725e198e4e51f3c9a3530eba60651bccab2acda14b3a1e627a024fa83757201c,40597,scripts/audit_core.py,literal,test-descriptive,path:convention,test,unmapped,no,not-a-figure-or-table-float,yes
results/safety_guided_defense/variantE_motion_hard_negative/seed42/test_eval/E_lam1p0_byValMacroF1_pgd_probabilities_test_epsilon_0_03.csv,predictions,ce1137e745a872ce34824986c4fb5fef2c69cb99a1036945e0070ae922878e6b,93000,scripts/audit_core.py,literal,test-descriptive,path:convention,test,unmapped,no,not-a-figure-or-table-float,yes
results/safety_guided_defense/variantE_motion_hard_negative/seed42/test_eval/E_lam1p0_byValMacroF1_pgd_safety_metrics_legacy_epsilon_0_03.csv,csv,7bc4dba686e57286df9db45395f744894e854216f394fd7484114b6324057185,479,unknown,none,diagnostic-internal,default,none,unmapped,no,not-a-figure-or-table-float,yes
results/safety_guided_defense/variantE_motion_hard_negative/seed42/test_eval/E_lam1p0_byValMacroF1_pgd_safety_metrics_test_epsilon_0_03.csv,csv,2c5978d24908d5a64ec585c45cc82836217420c9255a34760534895594158f34,477,scripts/audit_core.py,literal,test-descriptive,path:convention,test,unmapped,no,not-a-figure-or-table-float,yes
results/safety_guided_defense/variantE_motion_hard_negative/seed42/test_eval/E_lam1p0_byValMacroF1_pgd_sweep_predictions_legacy.csv,predictions,ae18c637facae9989f52d419a849a7bcf09a9a8682415e865c424e21535752b9,1442357,unknown,none,diagnostic-internal,default,none,unmapped,no,not-a-figure-or-table-float,yes
results/safety_guided_defense/variantE_motion_hard_negative/seed42/test_eval/E_lam1p0_byValMacroF1_pgd_sweep_predictions_test.csv,predictions,d95d87eb37f075c3847a4beb32994a98d0516ea13dc44d08037878301507a338,722332,unknown,none,diagnostic-internal,default,none,unmapped,no,not-a-figure-or-table-float,yes
results/safety_guided_defense/variantE_motion_hard_negative/seed42/test_eval/E_lam1p0_byValMacroF1_sweep_metadata.json,metadata,d95bf21ae1f924f102b8bef53f7a7a3df487da8fdb4a74a35aebf7aef6c2ccfe,4146,unknown,none,diagnostic-internal,default,none,unmapped,no,not-a-figure-or-table-float,yes
results/safety_guided_defense/variantE_motion_hard_negative/seed42/test_eval/E_lam2p0_bySafetyScore_attacks_metadata.json,metadata,4246976d1b3a9de33685b5a5430d43f050ad2e9973ae868e9928a9604ae9377d,6372,unknown,none,diagnostic-internal,default,none,unmapped,no,not-a-figure-or-table-float,yes
results/safety_guided_defense/variantE_motion_hard_negative/seed42/test_eval/E_lam2p0_bySafetyScore_clean_probabilities_test_epsilon_0_03.csv,predictions,33bc6ab867237e2c5582eb10cd66f93191995d3a8d18eba5fb79491bb53e48a4,93820,unknown,none,test-descriptive,path:convention,test,unmapped,no,not-a-figure-or-table-float,yes
results/safety_guided_defense/variantE_motion_hard_negative/seed42/test_eval/E_lam2p0_bySafetyScore_fgsm_epsilon_sweep_legacy.csv,csv,f7b865c293b39e6a0a4dba501bfa49eb54fa49f7d3c00828934b94484a48ae6d,2608,unknown,none,diagnostic-internal,default,none,unmapped,no,not-a-figure-or-table-float,yes
results/safety_guided_defense/variantE_motion_hard_negative/seed42/test_eval/E_lam2p0_bySafetyScore_fgsm_epsilon_sweep_test.csv,csv,a7a651474c780cf619ce1222ba52ac48d9a66e09405034262f9d1717b84de2a6,2546,unknown,none,diagnostic-internal,default,none,unmapped,no,not-a-figure-or-table-float,yes
results/safety_guided_defense/variantE_motion_hard_negative/seed42/test_eval/E_lam2p0_bySafetyScore_fgsm_predictions_legacy_epsilon_0_03.csv,predictions,7ca81a9e2da6df574956e2934d218129168f74951e9b1ef69a65f65362495422,68256,unknown,none,diagnostic-internal,default,none,unmapped,no,not-a-figure-or-table-float,yes
results/safety_guided_defense/variantE_motion_hard_negative/seed42/test_eval/E_lam2p0_bySafetyScore_fgsm_predictions_test_epsilon_0_03.csv,predictions,34c7d275a774938addbb7282689a7f64e0dad31fe0a20e2401a222bb6c55b180,34359,unknown,none,test-descriptive,path:convention,test,unmapped,no,not-a-figure-or-table-float,yes
results/safety_guided_defense/variantE_motion_hard_negative/seed42/test_eval/E_lam2p0_bySafetyScore_fgsm_probabilities_test_epsilon_0_03.csv,predictions,dabdf8100e4fe910a4983b1437fbf3f52e8de046e20905117d09ca650455400d,93359,unknown,none,test-descriptive,path:convention,test,unmapped,no,not-a-figure-or-table-float,yes
results/safety_guided_defense/variantE_motion_hard_negative/seed42/test_eval/E_lam2p0_bySafetyScore_fgsm_safety_metrics_legacy_epsilon_0_03.csv,csv,ee7ebe0767ad2cbc8bf485cb4a46a780403632ceb700e84041030ba01f7ea377,479,unknown,none,diagnostic-internal,default,none,unmapped,no,not-a-figure-or-table-float,yes
results/safety_guided_defense/variantE_motion_hard_negative/seed42/test_eval/E_lam2p0_bySafetyScore_fgsm_safety_metrics_test_epsilon_0_03.csv,csv,3ecc6aa133111668f11a85e3dbfc4cc36f55412ae17ac2ebd8fffa9b7d42d14b,475,unknown,none,test-descriptive,path:convention,test,unmapped,no,not-a-figure-or-table-float,yes
results/safety_guided_defense/variantE_motion_hard_negative/seed42/test_eval/E_lam2p0_bySafetyScore_fgsm_sweep_predictions_legacy.csv,predictions,61f95771ddfea9bf595672810516811b0faf152b3be31f4a4464e590e5e5ffd8,1223071,unknown,none,diagnostic-internal,default,none,unmapped,no,not-a-figure-or-table-float,yes
results/safety_guided_defense/variantE_motion_hard_negative/seed42/test_eval/E_lam2p0_bySafetyScore_fgsm_sweep_predictions_test.csv,predictions,150004aaac1a567a6fe0d967621d13277e0284baca1346bcc52c84a435b9af69,612696,unknown,none,diagnostic-internal,default,none,unmapped,no,not-a-figure-or-table-float,yes
results/safety_guided_defense/variantE_motion_hard_negative/seed42/test_eval/E_lam2p0_bySafetyScore_pgd_epsilon_sweep_legacy.csv,csv,323a82ed18a8b95bfb8eb5082a142c3f9da8868c7061d41d1c4a8204683314e1,2660,unknown,none,diagnostic-internal,default,none,unmapped,no,not-a-figure-or-table-float,yes
results/safety_guided_defense/variantE_motion_hard_negative/seed42/test_eval/E_lam2p0_bySafetyScore_pgd_epsilon_sweep_test.csv,csv,d17aae60afcd3551ce605d2feee8777d01655671a1c61eba2ef099fca728dead,2611,unknown,none,diagnostic-internal,default,none,unmapped,no,not-a-figure-or-table-float,yes
results/safety_guided_defense/variantE_motion_hard_negative/seed42/test_eval/E_lam2p0_bySafetyScore_pgd_predictions_legacy_epsilon_0_03.csv,predictions,111a4cd0d2769436f77625ff18ff7e2dfbd5c176615f505ac34985fc7e23594b,80415,unknown,none,diagnostic-internal,default,none,unmapped,no,not-a-figure-or-table-float,yes
results/safety_guided_defense/variantE_motion_hard_negative/seed42/test_eval/E_lam2p0_bySafetyScore_pgd_predictions_test_epsilon_0_03.csv,predictions,31550354f547c1a99bc42cb1404c1cebdfbe524116ad05ed8e2e8c3256584d15,40467,unknown,none,test-descriptive,path:convention,test,unmapped,no,not-a-figure-or-table-float,yes
results/safety_guided_defense/variantE_motion_hard_negative/seed42/test_eval/E_lam2p0_bySafetyScore_pgd_probabilities_test_epsilon_0_03.csv,predictions,340b6e88de11f973be0e2df66c2b9e9ef58d4c805bfd9af6fd97f9e0a381fe7b,92994,unknown,none,test-descriptive,path:convention,test,unmapped,no,not-a-figure-or-table-float,yes
results/safety_guided_defense/variantE_motion_hard_negative/seed42/test_eval/E_lam2p0_bySafetyScore_pgd_safety_metrics_legacy_epsilon_0_03.csv,csv,dcd9993e0c7520a0b51f52686b21d803ec622111aef7116749ac40765451a8f6,482,unknown,none,diagnostic-internal,default,none,unmapped,no,not-a-figure-or-table-float,yes
results/safety_guided_defense/variantE_motion_hard_negative/seed42/test_eval/E_lam2p0_bySafetyScore_pgd_safety_metrics_test_epsilon_0_03.csv,csv,4dcc2f52fcb3cb5b40a6690bd4070bd09f1cd8fd923faa304ce9ed934e4d3975,479,unknown,none,test-descriptive,path:convention,test,unmapped,no,not-a-figure-or-table-float,yes
results/safety_guided_defense/variantE_motion_hard_negative/seed42/test_eval/E_lam2p0_bySafetyScore_pgd_sweep_predictions_legacy.csv,predictions,32e066350d30701349ec67c9776df0e1fcd39b825c9e6f4f2f033e7394eb95c4,1440890,unknown,none,diagnostic-internal,default,none,unmapped,no,not-a-figure-or-table-float,yes
results/safety_guided_defense/variantE_motion_hard_negative/seed42/test_eval/E_lam2p0_bySafetyScore_pgd_sweep_predictions_test.csv,predictions,f9dec486a43badb87ce8985969aba8861293db1e7699fee8da0f4a1d60ff74aa,722093,unknown,none,diagnostic-internal,default,none,unmapped,no,not-a-figure-or-table-float,yes
results/safety_guided_defense/variantE_motion_hard_negative/seed42/test_eval/E_lam2p0_bySafetyScore_sweep_metadata.json,metadata,a5affedd228b06e21e04a018faa0476329c154041ee914429fda57e9020405c9,4159,unknown,none,diagnostic-internal,default,none,unmapped,no,not-a-figure-or-table-float,yes
results/safety_guided_defense/variantE_motion_hard_negative/seed42/test_eval/E_lam2p0_byValMacroF1_attacks_metadata.json,metadata,daf8790e6840edb3c9ed3553edf0b9e7a09dc7ec28ac343f53e9a1dd40140490,6346,unknown,none,diagnostic-internal,default,none,unmapped,no,not-a-figure-or-table-float,yes
results/safety_guided_defense/variantE_motion_hard_negative/seed42/test_eval/E_lam2p0_byValMacroF1_clean_probabilities_test_epsilon_0_03.csv,predictions,02779dbb995b885b8b605c74e6ea2c361dee6ad9f1117d9f9fe8fdf3e6446ea5,93595,unknown,none,test-descriptive,path:convention,test,unmapped,no,not-a-figure-or-table-float,yes
results/safety_guided_defense/variantE_motion_hard_negative/seed42/test_eval/E_lam2p0_byValMacroF1_fgsm_epsilon_sweep_legacy.csv,csv,e9e3e6b1ff67f7ff9aa82882734aac97729dc5194588ec940ca2cb4758c73dd4,2574,unknown,none,diagnostic-internal,default,none,unmapped,no,not-a-figure-or-table-float,yes
results/safety_guided_defense/variantE_motion_hard_negative/seed42/test_eval/E_lam2p0_byValMacroF1_fgsm_epsilon_sweep_test.csv,csv,1a8d2da8edb83d3f5b15d4fa720d54321d7ae91bebbdd258d132e2905a58e682,2530,unknown,none,diagnostic-internal,default,none,unmapped,no,not-a-figure-or-table-float,yes
results/safety_guided_defense/variantE_motion_hard_negative/seed42/test_eval/E_lam2p0_byValMacroF1_fgsm_predictions_legacy_epsilon_0_03.csv,predictions,b5cef04c857befbc0cb60b21496bbb19c5fd8be91a04e4825846536766f8e253,68070,unknown,none,diagnostic-internal,default,none,unmapped,no,not-a-figure-or-table-float,yes
results/safety_guided_defense/variantE_motion_hard_negative/seed42/test_eval/E_lam2p0_byValMacroF1_fgsm_predictions_test_epsilon_0_03.csv,predictions,5f3b152431b7e192ab238b72ed55e07812b4d6eace11c5a608352c472789b25e,34271,unknown,none,test-descriptive,path:convention,test,unmapped,no,not-a-figure-or-table-float,yes
results/safety_guided_defense/variantE_motion_hard_negative/seed42/test_eval/E_lam2p0_byValMacroF1_fgsm_probabilities_test_epsilon_0_03.csv,predictions,1286be659cad8efe5bab02b13cf998cd593cb1443bce82c538697f11ed5fdd3d,93144,unknown,none,test-descriptive,path:convention,test,unmapped,no,not-a-figure-or-table-float,yes
results/safety_guided_defense/variantE_motion_hard_negative/seed42/test_eval/E_lam2p0_byValMacroF1_fgsm_safety_metrics_legacy_epsilon_0_03.csv,csv,e1d986947f833adbb4ed61c156742808f0cf744d122394b65d27bdb849b4f477,477,unknown,none,diagnostic-internal,default,none,unmapped,no,not-a-figure-or-table-float,yes
results/safety_guided_defense/variantE_motion_hard_negative/seed42/test_eval/E_lam2p0_byValMacroF1_fgsm_safety_metrics_test_epsilon_0_03.csv,csv,b79af8d59dfe28aae1f4a1a0c0dd858d4e11601b4a16d70574f7bb224fb227b7,474,unknown,none,test-descriptive,path:convention,test,unmapped,no,not-a-figure-or-table-float,yes
results/safety_guided_defense/variantE_motion_hard_negative/seed42/test_eval/E_lam2p0_byValMacroF1_fgsm_sweep_predictions_legacy.csv,predictions,c057c47965cd40a76cd7998b33c09c247b6d92a3a47b1a58bbb40f70699b777d,1218621,unknown,none,diagnostic-internal,default,none,unmapped,no,not-a-figure-or-table-float,yes
results/safety_guided_defense/variantE_motion_hard_negative/seed42/test_eval/E_lam2p0_byValMacroF1_fgsm_sweep_predictions_test.csv,predictions,a97de1b78682389fceeebcd48a43033ebb2eab8b49689e764d49ac67a25397cb,610801,unknown,none,diagnostic-internal,default,none,unmapped,no,not-a-figure-or-table-float,yes
results/safety_guided_defense/variantE_motion_hard_negative/seed42/test_eval/E_lam2p0_byValMacroF1_pgd_epsilon_sweep_legacy.csv,csv,13b3a631fc90a3388e07c14e9720c9cb559233dd67b0c2c2bd0fc4f35d60e031,2626,unknown,none,diagnostic-internal,default,none,unmapped,no,not-a-figure-or-table-float,yes
results/safety_guided_defense/variantE_motion_hard_negative/seed42/test_eval/E_lam2p0_byValMacroF1_pgd_epsilon_sweep_test.csv,csv,7ff92788e3a3b560505b9d7d874f1a5cfae9cc07da8df66787c66714ac16d23e,2582,unknown,none,diagnostic-internal,default,none,unmapped,no,not-a-figure-or-table-float,yes
results/safety_guided_defense/variantE_motion_hard_negative/seed42/test_eval/E_lam2p0_byValMacroF1_pgd_predictions_legacy_epsilon_0_03.csv,predictions,e050c0312f85a978cf2c21aba391fbc66d60104ff4d27917bd24937856d8948a,80296,unknown,none,diagnostic-internal,default,none,unmapped,no,not-a-figure-or-table-float,yes
results/safety_guided_defense/variantE_motion_hard_negative/seed42/test_eval/E_lam2p0_byValMacroF1_pgd_predictions_test_epsilon_0_03.csv,predictions,cfa9585db3bf86287f6dec0c55ae5acfce9fe96d2ec1ea1ebd6c19d18c210c5b,40431,unknown,none,test-descriptive,path:convention,test,unmapped,no,not-a-figure-or-table-float,yes
results/safety_guided_defense/variantE_motion_hard_negative/seed42/test_eval/E_lam2p0_byValMacroF1_pgd_probabilities_test_epsilon_0_03.csv,predictions,5eed47379cbf3e82e1f5063ef704cd5b7ec0597d21c48bb018d1c8ce7ae9b813,92852,unknown,none,test-descriptive,path:convention,test,unmapped,no,not-a-figure-or-table-float,yes
results/safety_guided_defense/variantE_motion_hard_negative/seed42/test_eval/E_lam2p0_byValMacroF1_pgd_safety_metrics_legacy_epsilon_0_03.csv,csv,8ccbcd9b5efd00b5e0d7a6f1ef8de40d91143e79f7dcbb478e23b8457a61b7d7,479,unknown,none,diagnostic-internal,default,none,unmapped,no,not-a-figure-or-table-float,yes
results/safety_guided_defense/variantE_motion_hard_negative/seed42/test_eval/E_lam2p0_byValMacroF1_pgd_safety_metrics_test_epsilon_0_03.csv,csv,dd6be0426831573b2c909a15a0af029a455bdfb1cab8bffd0e5a318f3d7f2918,477,unknown,none,test-descriptive,path:convention,test,unmapped,no,not-a-figure-or-table-float,yes
results/safety_guided_defense/variantE_motion_hard_negative/seed42/test_eval/E_lam2p0_byValMacroF1_pgd_sweep_predictions_legacy.csv,predictions,14dfb85b361d76a7d6adb8b5c582898ec636348d0b3f14b6ef0a259a4393c340,1436854,unknown,none,diagnostic-internal,default,none,unmapped,no,not-a-figure-or-table-float,yes
results/safety_guided_defense/variantE_motion_hard_negative/seed42/test_eval/E_lam2p0_byValMacroF1_pgd_sweep_predictions_test.csv,predictions,d74fa9375403df351078be5071a2010e50342e84b2d4f376f21740166896f2b4,720412,unknown,none,diagnostic-internal,default,none,unmapped,no,not-a-figure-or-table-float,yes
results/safety_guided_defense/variantE_motion_hard_negative/seed42/test_eval/E_lam2p0_byValMacroF1_sweep_metadata.json,metadata,7b9ff6585e53d19eedc3a880658beae238db3567dd135296c896ac1f7b49e9fd,4147,unknown,none,diagnostic-internal,default,none,unmapped,no,not-a-figure-or-table-float,yes
results/safety_guided_defense/variantE_motion_hard_negative/seed42/variantE_seed42_comparison.csv,csv,b177c8f5449dd3ad0d6da834c0b79b7b50cc815187e767fe1ced548323059ead,1159,scripts/analyze_variantE.py,literal,diagnostic-internal,default,none,unmapped,no,not-a-figure-or-table-float,yes
results/safety_guided_defense/variantE_motion_hard_negative/seed43/VARIANT_E_SEED43_REPORT.md,report,1ef31686201ac6d5b693e1fae525281d6b6c80695c74f8d548c27318ced70360,8354,unknown,none,diagnostic-internal,default,none,unmapped,no,not-a-figure-or-table-float,yes
results/safety_guided_defense/variantE_motion_hard_negative/seed43/analysis/binary_alert_metrics.csv,csv,faa285eb0bfa8480d12e18cf67d29b908873625882dacba50ff90c9fb9da8910,1206,scripts/analyze_safety_guided_seed.py,literal,diagnostic-internal,default,none,unmapped,no,not-a-figure-or-table-float,yes
results/safety_guided_defense/variantE_motion_hard_negative/seed43/analysis/false_alarm_class_sources.csv,csv,12e96cf3da5bba78c46f72746dba0b4d620a4c46333817dc5bb08d481bab8fec,689,scripts/analyze_safety_guided_seed.py,literal,diagnostic-internal,default,none,unmapped,no,not-a-figure-or-table-float,yes
results/safety_guided_defense/variantE_motion_hard_negative/seed43/analysis/probability_diagnosis.csv,csv,a3cccd2a4ef04fafc54abb0808fc578cd4c1c1a7368db44aa854e8beb459f25e,1088,scripts/analyze_false_alarm_calibration.py,literal,diagnostic-internal,default,none,unmapped,no,not-a-figure-or-table-float,yes
results/safety_guided_defense/variantE_motion_hard_negative/seed43/figures/fig_recall_vs_false_alarms.png,figure,bb60de8d6b0e438710d95f9a60e2bd4e7924bb2499ec348fe25784c6137604bd,53697,scripts/analyze_selection_v2.py,literal,diagnostic-internal,default,none,unmapped,no,evidence-not-admissible;claim-not-approved,yes
results/safety_guided_defense/variantE_motion_hard_negative/seed43/figures/fig_walk_run_false_alarm_reduction.png,figure,ea0c7b520986f630d2768f24efe3ffda12d51a4b85001279d46e8dcdb2892df0,53922,scripts/analyze_variantE.py,literal,diagnostic-internal,default,none,unmapped,no,evidence-not-admissible;claim-not-approved,yes
results/safety_guided_defense/variantE_motion_hard_negative/seed43/logs/seed43_variantE_motion_hardneg_fw3_lam1p0_50clean_25fgsm_25pgd_metadata.json,metadata,15f6ba56207547e04c64ddeccdc8ed0cc9694e008385d611d0c64809b9fc0d27,4262,unknown,none,diagnostic-internal,default,none,unmapped,no,not-a-figure-or-table-float,yes
results/safety_guided_defense/variantE_motion_hard_negative/seed43/logs/seed43_variantE_motion_hardneg_fw3_lam1p0_50clean_25fgsm_25pgd_training_log.csv,csv,92609d116428e15bda3bedfdd0d19dd3345f89663068302d1fa4e6c3ebacced1,4296,unknown,none,diagnostic-internal,default,none,unmapped,no,not-a-figure-or-table-float,yes
results/safety_guided_defense/variantE_motion_hard_negative/seed43/metadata/E_lam1p0_bySafetyScore_attacks_metadata.json,metadata,22c8a50b378479ea11de2e731e29d800f4786cc71b012a83b98a239d937dc2a5,6380,unknown,none,diagnostic-internal,default,none,unmapped,no,not-a-figure-or-table-float,yes
results/safety_guided_defense/variantE_motion_hard_negative/seed43/metadata/E_lam1p0_byValMacroF1_attacks_metadata.json,metadata,bfeea3f083cbd182642c783fee63a436ed386b01a9f52eaec8fadd66dad9d5f7,6360,unknown,none,diagnostic-internal,default,none,unmapped,no,not-a-figure-or-table-float,yes
results/safety_guided_defense/variantE_motion_hard_negative/seed43/metadata/seed43_variantE_motion_hardneg_fw3_lam1p0_50clean_25fgsm_25pgd_metadata.json,metadata,15f6ba56207547e04c64ddeccdc8ed0cc9694e008385d611d0c64809b9fc0d27,4262,unknown,none,diagnostic-internal,default,none,unmapped,no,not-a-figure-or-table-float,yes
results/safety_guided_defense/variantE_motion_hard_negative/seed43/test_eval/E_lam1p0_bySafetyScore_attacks_metadata.json,metadata,22c8a50b378479ea11de2e731e29d800f4786cc71b012a83b98a239d937dc2a5,6380,unknown,none,diagnostic-internal,default,none,unmapped,no,not-a-figure-or-table-float,yes
results/safety_guided_defense/variantE_motion_hard_negative/seed43/test_eval/E_lam1p0_bySafetyScore_clean_probabilities_test_epsilon_0_03.csv,predictions,25185af15bb8209e486dcbb82b29fb53201144726f0f56cf76605d67ac7a25cd,94113,unknown,none,test-descriptive,path:convention,test,unmapped,no,not-a-figure-or-table-float,yes
results/safety_guided_defense/variantE_motion_hard_negative/seed43/test_eval/E_lam1p0_bySafetyScore_fgsm_epsilon_sweep_legacy.csv,csv,efe5e40a121af14ab734abd57b24a3de76655c38447eb753daeca50988bd03a0,2609,unknown,none,diagnostic-internal,default,none,unmapped,no,not-a-figure-or-table-float,yes
results/safety_guided_defense/variantE_motion_hard_negative/seed43/test_eval/E_lam1p0_bySafetyScore_fgsm_epsilon_sweep_test.csv,csv,c7445e01865b115a3369b10bdf8443a7ee7d28b3cf74dba7ac3cbe78a544453e,2559,unknown,none,diagnostic-internal,default,none,unmapped,no,not-a-figure-or-table-float,yes
results/safety_guided_defense/variantE_motion_hard_negative/seed43/test_eval/E_lam1p0_bySafetyScore_fgsm_predictions_legacy_epsilon_0_03.csv,predictions,1faa97504198202aa9be41ba236d9ac105c21dca8038e3e215a4d4ba4369a08b,67406,unknown,none,diagnostic-internal,default,none,unmapped,no,not-a-figure-or-table-float,yes
results/safety_guided_defense/variantE_motion_hard_negative/seed43/test_eval/E_lam1p0_bySafetyScore_fgsm_predictions_test_epsilon_0_03.csv,predictions,6983628e2a4fd5c369f6d4b97e8ee1f02e26c36e73d03ce0aa1798acef565e55,33946,unknown,none,test-descriptive,path:convention,test,unmapped,no,not-a-figure-or-table-float,yes
results/safety_guided_defense/variantE_motion_hard_negative/seed43/test_eval/E_lam1p0_bySafetyScore_fgsm_probabilities_test_epsilon_0_03.csv,predictions,a83d0aba9473838da83d1c18f9e2ab2e2bca2c19e0d666cdafd7780da3e17d52,93655,unknown,none,test-descriptive,path:convention,test,unmapped,no,not-a-figure-or-table-float,yes
results/safety_guided_defense/variantE_motion_hard_negative/seed43/test_eval/E_lam1p0_bySafetyScore_fgsm_safety_metrics_legacy_epsilon_0_03.csv,csv,9eb2cc070cda4e959f9fb227cb18c6b2fd81e06937e7536e97939b6cee1cfadc,479,unknown,none,diagnostic-internal,default,none,unmapped,no,not-a-figure-or-table-float,yes
results/safety_guided_defense/variantE_motion_hard_negative/seed43/test_eval/E_lam1p0_bySafetyScore_fgsm_safety_metrics_test_epsilon_0_03.csv,csv,0c8d1734472351d398c55cd10a606e340ba026864107c107dfa648fc3b27a821,477,unknown,none,test-descriptive,path:convention,test,unmapped,no,not-a-figure-or-table-float,yes
results/safety_guided_defense/variantE_motion_hard_negative/seed43/test_eval/E_lam1p0_bySafetyScore_fgsm_sweep_predictions_legacy.csv,predictions,623087cbd6e7569d45d89110bac6a68e32ffb7279c5f84131da60f929d6dd51e,1208239,unknown,none,diagnostic-internal,default,none,unmapped,no,not-a-figure-or-table-float,yes
results/safety_guided_defense/variantE_motion_hard_negative/seed43/test_eval/E_lam1p0_bySafetyScore_fgsm_sweep_predictions_test.csv,predictions,05f9eaf5ac610266a5a7f2253e15945baea53d36bbc45119323b35308c623020,605554,unknown,none,diagnostic-internal,default,none,unmapped,no,not-a-figure-or-table-float,yes
results/safety_guided_defense/variantE_motion_hard_negative/seed43/test_eval/E_lam1p0_bySafetyScore_pgd_epsilon_sweep_legacy.csv,csv,ec9d9306276819b0cae747ca25fbc2f3f47bba2a6bebce9b6cd2c253058814f3,2661,unknown,none,diagnostic-internal,default,none,unmapped,no,not-a-figure-or-table-float,yes
results/safety_guided_defense/variantE_motion_hard_negative/seed43/test_eval/E_lam1p0_bySafetyScore_pgd_epsilon_sweep_test.csv,csv,5a54c4de7029268eb4446e39783cac15328a222579a093522511a680b9900ae6,2610,scripts/analyze_selection_v2.py,literal,diagnostic-internal,default,none,unmapped,no,not-a-figure-or-table-float,yes
results/safety_guided_defense/variantE_motion_hard_negative/seed43/test_eval/E_lam1p0_bySafetyScore_pgd_predictions_legacy_epsilon_0_03.csv,predictions,90eb98a4f40718f320494363f25fa875456c13dcab0ba3f69abc465be78cb885,79422,unknown,none,diagnostic-internal,default,none,unmapped,no,not-a-figure-or-table-float,yes
results/safety_guided_defense/variantE_motion_hard_negative/seed43/test_eval/E_lam1p0_bySafetyScore_pgd_predictions_test_epsilon_0_03.csv,predictions,e754280be53c55d6e7716fb8bcadd4ca6b1f7beb8f6170ed5f93fd4ce3547a07,39976,scripts/audit_core.py,literal,test-descriptive,path:convention,test,unmapped,no,not-a-figure-or-table-float,yes
results/safety_guided_defense/variantE_motion_hard_negative/seed43/test_eval/E_lam1p0_bySafetyScore_pgd_probabilities_test_epsilon_0_03.csv,predictions,0f62294adf6cb498fed8e3d42354cb75f8ea59e6dfbb4704a2720e824fe55445,93184,scripts/analyze_variantF.py,literal,test-descriptive,path:convention,test,unmapped,no,not-a-figure-or-table-float,yes
results/safety_guided_defense/variantE_motion_hard_negative/seed43/test_eval/E_lam1p0_bySafetyScore_pgd_safety_metrics_legacy_epsilon_0_03.csv,csv,df3e9d7acd4d697b5c4fd2efe6670c0d556fae3d9ce89ae4d963bb8950621d2f,482,unknown,none,diagnostic-internal,default,none,unmapped,no,not-a-figure-or-table-float,yes
results/safety_guided_defense/variantE_motion_hard_negative/seed43/test_eval/E_lam1p0_bySafetyScore_pgd_safety_metrics_test_epsilon_0_03.csv,csv,a5bdacd05049ea7926f18c9793c5ab8dc5805360e22572acce2a9a5131b23aa8,480,scripts/audit_core.py,literal,test-descriptive,path:convention,test,unmapped,no,not-a-figure-or-table-float,yes
results/safety_guided_defense/variantE_motion_hard_negative/seed43/test_eval/E_lam1p0_bySafetyScore_pgd_sweep_predictions_legacy.csv,predictions,4cc30ed79226216b7e22f458cccce62f2ab6b7582e191ad5e8f2dec38eb15361,1424074,unknown,none,diagnostic-internal,default,none,unmapped,no,not-a-figure-or-table-float,yes
results/safety_guided_defense/variantE_motion_hard_negative/seed43/test_eval/E_lam1p0_bySafetyScore_pgd_sweep_predictions_test.csv,predictions,bbb5d72a1655f8cb3f5e4ec002c9c14044329517190eb3a174a3904b1b177a73,713785,unknown,none,diagnostic-internal,default,none,unmapped,no,not-a-figure-or-table-float,yes
results/safety_guided_defense/variantE_motion_hard_negative/seed43/test_eval/E_lam1p0_bySafetyScore_sweep_metadata.json,metadata,8cf6cdc673ba90e1a4dd0718b796b069284606bd1fd00e97f06a6dfa57ec63bd,4155,unknown,none,diagnostic-internal,default,none,unmapped,no,not-a-figure-or-table-float,yes
results/safety_guided_defense/variantE_motion_hard_negative/seed43/test_eval/E_lam1p0_byValMacroF1_attacks_metadata.json,metadata,bfeea3f083cbd182642c783fee63a436ed386b01a9f52eaec8fadd66dad9d5f7,6360,unknown,none,diagnostic-internal,default,none,unmapped,no,not-a-figure-or-table-float,yes
results/safety_guided_defense/variantE_motion_hard_negative/seed43/test_eval/E_lam1p0_byValMacroF1_clean_probabilities_test_epsilon_0_03.csv,predictions,b8b9c95d75f499af2ce586c5b7c0bc4c1627f50b2dbbfee09533a5bc6f6840de,94234,unknown,none,test-descriptive,path:convention,test,unmapped,no,not-a-figure-or-table-float,yes
results/safety_guided_defense/variantE_motion_hard_negative/seed43/test_eval/E_lam1p0_byValMacroF1_fgsm_epsilon_sweep_legacy.csv,csv,8c484027facb8cc99230b953d1e1152dbbb157a5234fb04e99dfa43b25440593,2577,unknown,none,diagnostic-internal,default,none,unmapped,no,not-a-figure-or-table-float,yes
results/safety_guided_defense/variantE_motion_hard_negative/seed43/test_eval/E_lam1p0_byValMacroF1_fgsm_epsilon_sweep_test.csv,csv,db45e5da0bdffe986bc141b33e0af5f2ef5a56f970d8f0c0b4f649cb2907e744,2534,unknown,none,diagnostic-internal,default,none,unmapped,no,not-a-figure-or-table-float,yes
results/safety_guided_defense/variantE_motion_hard_negative/seed43/test_eval/E_lam1p0_byValMacroF1_fgsm_predictions_legacy_epsilon_0_03.csv,predictions,cb9ab53d6a3ea1b84938e29c2e3e6bdd0de956ea0f1dfe7bfda3c510db0753f2,68006,unknown,none,diagnostic-internal,default,none,unmapped,no,not-a-figure-or-table-float,yes
results/safety_guided_defense/variantE_motion_hard_negative/seed43/test_eval/E_lam1p0_byValMacroF1_fgsm_predictions_test_epsilon_0_03.csv,predictions,c499fb2ac3d8e75f35dce02e2d821982e0a9d079add7c8fdd1668fd7758579a2,34226,unknown,none,test-descriptive,path:convention,test,unmapped,no,not-a-figure-or-table-float,yes
results/safety_guided_defense/variantE_motion_hard_negative/seed43/test_eval/E_lam1p0_byValMacroF1_fgsm_probabilities_test_epsilon_0_03.csv,predictions,e50ce07d843714de5397e32006b9d6edb3521945ccd24927f522e07d09e61ded,93662,unknown,none,test-descriptive,path:convention,test,unmapped,no,not-a-figure-or-table-float,yes
results/safety_guided_defense/variantE_motion_hard_negative/seed43/test_eval/E_lam1p0_byValMacroF1_fgsm_safety_metrics_legacy_epsilon_0_03.csv,csv,97163dc6ef0ac090deb11e2067c7a3735e3993fd710bcd7dda5281a36150aa70,477,unknown,none,diagnostic-internal,default,none,unmapped,no,not-a-figure-or-table-float,yes
results/safety_guided_defense/variantE_motion_hard_negative/seed43/test_eval/E_lam1p0_byValMacroF1_fgsm_safety_metrics_test_epsilon_0_03.csv,csv,2d0508224091191f928eb5563cdc3bed5c4f87153ca88a50ae3eeada91871b8f,474,unknown,none,test-descriptive,path:convention,test,unmapped,no,not-a-figure-or-table-float,yes
results/safety_guided_defense/variantE_motion_hard_negative/seed43/test_eval/E_lam1p0_byValMacroF1_fgsm_sweep_predictions_legacy.csv,predictions,06447e7ef6326ae22e832be0516f844b86064c5683563ba208eab2f591d47a78,1219961,unknown,none,diagnostic-internal,default,none,unmapped,no,not-a-figure-or-table-float,yes
results/safety_guided_defense/variantE_motion_hard_negative/seed43/test_eval/E_lam1p0_byValMacroF1_fgsm_sweep_predictions_test.csv,predictions,3e0569668de8e9a5ec38cff1b772d40aa9e3cfb8a959ed3482d9d3f62d47018c,611009,unknown,none,diagnostic-internal,default,none,unmapped,no,not-a-figure-or-table-float,yes
results/safety_guided_defense/variantE_motion_hard_negative/seed43/test_eval/E_lam1p0_byValMacroF1_pgd_epsilon_sweep_legacy.csv,csv,fc1307f4ad8905c475324db38cc1c65d3b889f782c974959b84f69141106b9b4,2635,unknown,none,diagnostic-internal,default,none,unmapped,no,not-a-figure-or-table-float,yes
results/safety_guided_defense/variantE_motion_hard_negative/seed43/test_eval/E_lam1p0_byValMacroF1_pgd_epsilon_sweep_test.csv,csv,360206c6668f249298c011abbde89e450813c80c35fe27e124660b0fe3ca26a7,2587,scripts/audit_core.py,literal,diagnostic-internal,default,none,unmapped,no,not-a-figure-or-table-float,yes
results/safety_guided_defense/variantE_motion_hard_negative/seed43/test_eval/E_lam1p0_byValMacroF1_pgd_predictions_legacy_epsilon_0_03.csv,predictions,e43a38cca85c8d28a85717876c30e3d394bd98e55fc7d582a009e49ffbf7b430,80179,unknown,none,diagnostic-internal,default,none,unmapped,no,not-a-figure-or-table-float,yes
results/safety_guided_defense/variantE_motion_hard_negative/seed43/test_eval/E_lam1p0_byValMacroF1_pgd_predictions_test_epsilon_0_03.csv,predictions,486f578696f2e7980fa437e4d00cbae460dfda4f0f54105d7ca9f26fc774bcad,40326,scripts/audit_core.py,literal,test-descriptive,path:convention,test,unmapped,no,not-a-figure-or-table-float,yes
results/safety_guided_defense/variantE_motion_hard_negative/seed43/test_eval/E_lam1p0_byValMacroF1_pgd_probabilities_test_epsilon_0_03.csv,predictions,751902d353a136f9b20833a1dfb6b5b24d1a34e65befb4f167a8fb9013e4a318,93283,scripts/audit_core.py,literal,test-descriptive,path:convention,test,unmapped,no,not-a-figure-or-table-float,yes
results/safety_guided_defense/variantE_motion_hard_negative/seed43/test_eval/E_lam1p0_byValMacroF1_pgd_safety_metrics_legacy_epsilon_0_03.csv,csv,2419b15bd53c87199b8bde0d901bbc6d0bbb5713558f5f0e30692a74061dde11,479,unknown,none,diagnostic-internal,default,none,unmapped,no,not-a-figure-or-table-float,yes
results/safety_guided_defense/variantE_motion_hard_negative/seed43/test_eval/E_lam1p0_byValMacroF1_pgd_safety_metrics_test_epsilon_0_03.csv,csv,1b15e3e82e0e964ae50f5239cdf35a79a2979e259f25d41821fe3eb6fef8aa4a,477,scripts/audit_core.py,literal,test-descriptive,path:convention,test,unmapped,no,not-a-figure-or-table-float,yes
results/safety_guided_defense/variantE_motion_hard_negative/seed43/test_eval/E_lam1p0_byValMacroF1_pgd_sweep_predictions_legacy.csv,predictions,3d3fa87aa616f83b66f4201f9d8e77d65abd1dfa2a95172ad440cdc2b28ed7a5,1437149,unknown,none,diagnostic-internal,default,none,unmapped,no,not-a-figure-or-table-float,yes
results/safety_guided_defense/variantE_motion_hard_negative/seed43/test_eval/E_lam1p0_byValMacroF1_pgd_sweep_predictions_test.csv,predictions,eec17e22eabaf2d89886f1cf8c975c96cf935ff085a8ac571ec4411421fa3797,720117,unknown,none,diagnostic-internal,default,none,unmapped,no,not-a-figure-or-table-float,yes
results/safety_guided_defense/variantE_motion_hard_negative/seed43/test_eval/E_lam1p0_byValMacroF1_sweep_metadata.json,metadata,f5433a1810b53f0a9a72f925df5faac4024598a3a5d1014b19f6c731727c346e,4149,unknown,none,diagnostic-internal,default,none,unmapped,no,not-a-figure-or-table-float,yes
results/safety_guided_defense/variantE_motion_hard_negative/seed43/variantE_seed43_comparison.csv,csv,e98d01a4d2b24f1bab6d6e807e8fcfd09ddae620433cc80dfa4d3aa01d271bb0,745,unknown,none,diagnostic-internal,default,none,unmapped,no,not-a-figure-or-table-float,yes
results/safety_guided_defense/variantE_motion_hard_negative/selection_v2/SELECTION_V2_REPORT.md,report,8ca2dbc83d2d0f510fc23ec79ad6f4379374fa4a0ae389d00e5f6fab023c40d1,9608,unknown,none,diagnostic-internal,default,none,unmapped,no,not-a-figure-or-table-float,yes
results/safety_guided_defense/variantE_motion_hard_negative/selection_v2/analysis/binary_alert_metrics.csv,csv,53f11311c86fdb82ff0e90447aa4aea2bd531fd5bc9a470e4973a0f45d191367,2216,scripts/analyze_safety_guided_seed.py,literal,diagnostic-internal,default,none,unmapped,no,not-a-figure-or-table-float,yes
results/safety_guided_defense/variantE_motion_hard_negative/selection_v2/analysis/false_alarm_class_sources.csv,csv,98c41a961a950a68d5198bdf23f365e96a4072477ca3acff3f5d4cebe1510971,1504,scripts/analyze_safety_guided_seed.py,literal,diagnostic-internal,default,none,unmapped,no,not-a-figure-or-table-float,yes
results/safety_guided_defense/variantE_motion_hard_negative/selection_v2/analysis/probability_diagnosis.csv,csv,534e25461275af3caabbf82064b5f84bd66796cdded174b20f30880e54eb670f,1310,scripts/analyze_false_alarm_calibration.py,literal,diagnostic-internal,default,none,unmapped,no,not-a-figure-or-table-float,yes
results/safety_guided_defense/variantE_motion_hard_negative/selection_v2/analysis/selection_candidates.csv,csv,dd204688601e508ab655f678414edc948071bdd8c0b488373aacede908f69a7b,491,scripts/analyze_selection_v2.py,literal,diagnostic-internal,default,none,unmapped,no,not-a-figure-or-table-float,yes
results/safety_guided_defense/variantE_motion_hard_negative/selection_v2/diagnostic_audit/MATH_TO_BEHAVIOR_AUDIT.md,report,34e6088a354d766b6b57049d015d5b34f21cf4af6695f9c79d5c2fe979fb477d,25536,unknown,none,diagnostic-internal,default,none,unmapped,no,not-a-figure-or-table-float,yes
results/safety_guided_defense/variantE_motion_hard_negative/selection_v2/diagnostic_audit/calibration_metrics.csv,csv,b05b41eeb761c17f22fdc2bff43515e10881bd1c97482929f5d1d644e03e11e1,574,scripts/audit_core.py,literal,diagnostic-internal,default,none,unmapped,no,not-a-figure-or-table-float,yes
results/safety_guided_defense/variantE_motion_hard_negative/selection_v2/diagnostic_audit/class_counts.csv,csv,0dbf6012c3f16614e332d64106ee9ef84ff3cfeb58d1068778d25587c15269cf,423,scripts/audit_core.py,literal,diagnostic-internal,default,none,unmapped,no,not-a-figure-or-table-float,yes
results/safety_guided_defense/variantE_motion_hard_negative/selection_v2/diagnostic_audit/class_normalized_false_alarms.csv,csv,a56dfd8d8abd9a5ae9b6840d53df67f0c47769205d2a49edd4b964364d09404f,2090,scripts/audit_core.py,literal,diagnostic-internal,default,none,unmapped,no,not-a-figure-or-table-float,yes
results/safety_guided_defense/variantE_motion_hard_negative/selection_v2/diagnostic_audit/cost_curve_preference.csv,csv,fa41ab1c6e1fd2e3d2b6110c18303f234527035b76eb4d5f9c7cdc76862e4f46,674,scripts/audit_core.py,literal,diagnostic-internal,default,none,unmapped,no,not-a-figure-or-table-float,yes
results/safety_guided_defense/variantE_motion_hard_negative/selection_v2/diagnostic_audit/epoch_trajectory_summary.csv,csv,5245cfe280d066bc69148505d187027bfe58a8a3c39d92a77ec1f274839a7e60,6756,scripts/audit_core.py,literal,diagnostic-internal,default,none,unmapped,no,not-a-figure-or-table-float,yes
results/safety_guided_defense/variantE_motion_hard_negative/selection_v2/diagnostic_audit/fall_window_overlap.csv,csv,1149034eddc0bcaf147673cd53415c961e2b3d137353e45638efe86a192b53cf,695,scripts/audit_core.py,literal,diagnostic-internal,default,none,unmapped,no,not-a-figure-or-table-float,yes
results/safety_guided_defense/variantE_motion_hard_negative/selection_v2/diagnostic_audit/false_alarm_overlap.csv,csv,e3f6a86a33b472e5bf31e402574697d2cc20533d4ff2d617ebf415400f19864b,380,scripts/audit_core.py,literal,diagnostic-internal,default,none,unmapped,no,not-a-figure-or-table-float,yes
results/safety_guided_defense/variantE_motion_hard_negative/selection_v2/diagnostic_audit/figures/fig_confidence_by_error_type.png,figure,3377bf3b0e49ac3d1bdc777a749ffb04b35b7dab930657299a9ca9cc69ecc03f,40657,scripts/audit_core.py,literal,diagnostic-internal,default,none,unmapped,no,evidence-not-admissible;claim-not-approved,yes
results/safety_guided_defense/variantE_motion_hard_negative/selection_v2/diagnostic_audit/figures/fig_cost_preference_by_ratio.png,figure,814ae9afa090df6756e8391629545eca8d039863cff807a7a55f9d2d16e8552a,146067,scripts/audit_core.py,literal,diagnostic-internal,default,none,unmapped,no,evidence-not-admissible;claim-not-approved,yes
results/safety_guided_defense/variantE_motion_hard_negative/selection_v2/diagnostic_audit/figures/fig_epoch_trajectory_seed42.png,figure,140c8532183bd688fc433ab224771b695fd05bbc4bb24fec8fa64b402bc7d3bc,212173,unknown,none,diagnostic-internal,default,none,unmapped,no,generator-unknown;evidence-not-admissible;claim-not-approved,yes
results/safety_guided_defense/variantE_motion_hard_negative/selection_v2/diagnostic_audit/figures/fig_epoch_trajectory_seed43.png,figure,035122bc29f85981dcabb8818eee8f0aa1c8beff10b216cb6a8d5d39e5703870,176328,unknown,none,diagnostic-internal,default,none,unmapped,no,generator-unknown;evidence-not-admissible;claim-not-approved,yes
results/safety_guided_defense/variantE_motion_hard_negative/selection_v2/diagnostic_audit/figures/fig_fall_probability_distributions.png,figure,28126cb30b54727b0c9b5dd31d91502fbee462bf1596b32f69c404d3813dbf58,45455,scripts/audit_core.py,literal,diagnostic-internal,default,none,unmapped,no,evidence-not-admissible;claim-not-approved,yes
results/safety_guided_defense/variantE_motion_hard_negative/selection_v2/diagnostic_audit/figures/fig_logit_margin_distributions.png,figure,77062e12eaf9fafdd1f43279eeeebfaf3f26345d35a192ef73b783c43107f0db,45843,scripts/audit_core.py,literal,diagnostic-internal,default,none,unmapped,no,evidence-not-admissible;claim-not-approved,yes
results/safety_guided_defense/variantE_motion_hard_negative/selection_v2/diagnostic_audit/figures/fig_loss_scale_vs_epoch.png,figure,3f38ea8aeb7251f48ca50242f02902734ae1cab9a95cb2a7e83e38908c7b186d,132113,scripts/audit_core.py,literal,diagnostic-internal,default,none,unmapped,no,evidence-not-admissible;claim-not-approved,yes
results/safety_guided_defense/variantE_motion_hard_negative/selection_v2/diagnostic_audit/figures/fig_pareto_seed42.png,figure,c5a51ca96bd394aa5cebd7d3ec840e2a42085f00022b17b17c6520d1f35d01d4,57471,unknown,none,diagnostic-internal,default,none,unmapped,no,generator-unknown;evidence-not-admissible;claim-not-approved,yes
results/safety_guided_defense/variantE_motion_hard_negative/selection_v2/diagnostic_audit/figures/fig_pareto_seed43.png,figure,cfd04c8944c24b7b077f5f0f326633d56d2485c46eb5d0759eb0d57a6804bf44,62938,unknown,none,diagnostic-internal,default,none,unmapped,no,generator-unknown;evidence-not-admissible;claim-not-approved,yes
results/safety_guided_defense/variantE_motion_hard_negative/selection_v2/diagnostic_audit/figures/fig_val_vs_test_false_alarms.png,figure,ce1c4132aee649dada810d25ecdec87c9fd333cad3b87eaac31ea265cbc306a5,55403,scripts/audit_core.py,literal,validation-only,path:val,val,unmapped,candidate,claim-not-approved,yes
results/safety_guided_defense/variantE_motion_hard_negative/selection_v2/diagnostic_audit/figures/fig_val_vs_test_recall.png,figure,7cae79c709d148b53f724619482d57d2f77c426ab1c8091cf4cb3300512e37fd,54565,scripts/audit_core.py,literal,validation-only,path:val,val,unmapped,candidate,claim-not-approved,yes
results/safety_guided_defense/variantE_motion_hard_negative/selection_v2/diagnostic_audit/logit_margin_diagnostics.csv,csv,3f7a8972bb245f1ded7a37c10b26a75fcecb037b4d1d36f9beab112b8df8746c,2743,scripts/audit_core.py,literal,diagnostic-internal,default,none,unmapped,no,not-a-figure-or-table-float,yes
results/safety_guided_defense/variantE_motion_hard_negative/selection_v2/diagnostic_audit/loss_scale_diagnostics.csv,csv,e98dd0c31a3685574d425c133b369607545f9db6f0a1ae6da294596a22732727,5568,scripts/audit_core.py,literal,diagnostic-internal,default,none,unmapped,no,not-a-figure-or-table-float,yes
results/safety_guided_defense/variantE_motion_hard_negative/selection_v2/diagnostic_audit/paired_comparisons.csv,csv,c4068928b1cc47b7fb0eee3ba994017ca73fb60964b83e21660ddc6759cabcd0,976,scripts/audit_core.py,literal,diagnostic-internal,default,none,unmapped,no,not-a-figure-or-table-float,yes
results/safety_guided_defense/variantE_motion_hard_negative/selection_v2/diagnostic_audit/pareto_points.csv,csv,e27a6a8da82b23ec28eace338f2efdd4c3920809f604b7dcc96082acbcc23f8c,1004,scripts/audit_core.py,literal,diagnostic-internal,default,none,unmapped,no,not-a-figure-or-table-float,yes
results/safety_guided_defense/variantE_motion_hard_negative/selection_v2/diagnostic_audit/seed44_preregistration.md,report,dc43f298b45091e22b48545807794df4f482b5c5a60a3cc7957525c8bec74405,3399,unknown,none,diagnostic-internal,default,none,unmapped,no,not-a-figure-or-table-float,yes
results/safety_guided_defense/variantE_motion_hard_negative/selection_v2/diagnostic_audit/stronger_attack_eval/stronger_pgd_sanity_check.csv,csv,f265bae07c80836f03e7eea24d6dc41962e8c4fcf661f8ffad427cbc34de1fbc,1991,scripts/audit_stronger_pgd.py,literal,diagnostic-internal,default,none,unmapped,no,not-a-figure-or-table-float,yes
results/safety_guided_defense/variantE_motion_hard_negative/selection_v2/diagnostic_audit/uncertainty_intervals.csv,csv,8aa9979df2ac13afb3b3c48379dcf228d536ed55f83f8212c71c9534da54c5ca,1145,scripts/audit_core.py,literal,diagnostic-internal,default,none,unmapped,no,not-a-figure-or-table-float,yes
results/safety_guided_defense/variantE_motion_hard_negative/selection_v2/diagnostic_audit/val_test_reliability.csv,csv,272dd8bfd1ccc06647e7010f8cd0b9cc51996dc7bff64a841ed8754f7e55fbc6,666,scripts/audit_core.py,literal,diagnostic-internal,default,none,unmapped,no,not-a-figure-or-table-float,yes
results/safety_guided_defense/variantE_motion_hard_negative/selection_v2/figures/fig_clean_accuracy.png,figure,b1b57c43eabfaa13c61e73d327ecfc3d36ea8da8ea3049b22c2aabd026e23100,46758,scripts/analyze_selection_v2.py,literal,diagnostic-internal,default,none,unmapped,no,evidence-not-admissible;claim-not-approved,yes
results/safety_guided_defense/variantE_motion_hard_negative/selection_v2/figures/fig_matched_recall_frontier.png,figure,2b9c57e170509f63b3dd3047c7561c24cf22a236b852fa743aeec69b0f1fa2bb,107314,scripts/analyze_selection_v2.py,literal,diagnostic-internal,default,none,unmapped,no,evidence-not-admissible;claim-not-approved,yes
results/safety_guided_defense/variantE_motion_hard_negative/selection_v2/figures/fig_recall_vs_false_alarms.png,figure,a90d4b9c7043a19bef1c236a85e8905eb210be2be8e9494eb20e6ba1d0c50801,60312,scripts/analyze_selection_v2.py,literal,diagnostic-internal,default,none,unmapped,no,evidence-not-admissible;claim-not-approved,yes
results/safety_guided_defense/variantE_motion_hard_negative/selection_v2/seed42/analysis/seed42_variantE_selv2_lam1p0_selection_candidates.csv,csv,f868bb992d6176f67e4ef375453c696d6b4e0f0af00b305db0180f638b53e6c2,286,unknown,none,diagnostic-internal,default,none,unmapped,no,not-a-figure-or-table-float,yes
results/safety_guided_defense/variantE_motion_hard_negative/selection_v2/seed42/logs/seed42_variantE_selv2_lam1p0_metadata.json,metadata,9ea9511a216ac71aa1760098f9ffc1fd2e41c6126307155dd4b0552d46b8d2cc,2191,unknown,none,diagnostic-internal,default,none,unmapped,no,not-a-figure-or-table-float,yes
results/safety_guided_defense/variantE_motion_hard_negative/selection_v2/seed42/logs/seed42_variantE_selv2_lam1p0_training_log.csv,csv,a13652dbdc8d48f671a6672110831849deb35fc09b6eae472e64c45364894581,7357,unknown,none,diagnostic-internal,default,none,unmapped,no,not-a-figure-or-table-float,yes
results/safety_guided_defense/variantE_motion_hard_negative/selection_v2/seed42/test_eval/v2lowFA_attacks_metadata.json,metadata,1c249a56e5864d3ef6f8d7adb4e4b115df7c6fb16621d4418ace0dc6bad123bc,6277,unknown,none,diagnostic-internal,default,none,unmapped,no,not-a-figure-or-table-float,yes
results/safety_guided_defense/variantE_motion_hard_negative/selection_v2/seed42/test_eval/v2lowFA_clean_probabilities_test_epsilon_0_03.csv,predictions,38f37a5f19b6d6cc37d2cb76f5e5d164ade678d9453d1064718e097787923a92,93762,unknown,none,test-descriptive,path:convention,test,unmapped,no,not-a-figure-or-table-float,yes
results/safety_guided_defense/variantE_motion_hard_negative/selection_v2/seed42/test_eval/v2lowFA_fgsm_epsilon_sweep_legacy.csv,csv,757092b73f259e78dc7941596910f73161e729f2cdb7b684bfd48f3d5b2ccd98,2576,unknown,none,diagnostic-internal,default,none,unmapped,no,not-a-figure-or-table-float,yes
results/safety_guided_defense/variantE_motion_hard_negative/selection_v2/seed42/test_eval/v2lowFA_fgsm_epsilon_sweep_test.csv,csv,3331fde9006458a7b812e9214b21eeace7b3553ea4d06e72ad250f2bb2b1104c,2537,unknown,none,diagnostic-internal,default,none,unmapped,no,not-a-figure-or-table-float,yes
results/safety_guided_defense/variantE_motion_hard_negative/selection_v2/seed42/test_eval/v2lowFA_fgsm_predictions_legacy_epsilon_0_03.csv,predictions,a4364568e4c169310fdf5723db5fc8e7d239fb7f4ef3c64ded5f5ade54725c4f,67783,unknown,none,diagnostic-internal,default,none,unmapped,no,not-a-figure-or-table-float,yes
results/safety_guided_defense/variantE_motion_hard_negative/selection_v2/seed42/test_eval/v2lowFA_fgsm_predictions_test_epsilon_0_03.csv,predictions,c67a865387e9dc0507ea894e788d4515e8315787c646aef470bff4ec94614539,34112,unknown,none,test-descriptive,path:convention,test,unmapped,no,not-a-figure-or-table-float,yes
results/safety_guided_defense/variantE_motion_hard_negative/selection_v2/seed42/test_eval/v2lowFA_fgsm_probabilities_test_epsilon_0_03.csv,predictions,961f52285e9348366788af5f902dd477314e88912615e6e2a627dc26767f4654,93139,unknown,none,test-descriptive,path:convention,test,unmapped,no,not-a-figure-or-table-float,yes
results/safety_guided_defense/variantE_motion_hard_negative/selection_v2/seed42/test_eval/v2lowFA_fgsm_safety_metrics_legacy_epsilon_0_03.csv,csv,65e7a0a361876711fabdd0c963a447e699315e66178369274ccf173fad09b3b9,477,unknown,none,diagnostic-internal,default,none,unmapped,no,not-a-figure-or-table-float,yes
results/safety_guided_defense/variantE_motion_hard_negative/selection_v2/seed42/test_eval/v2lowFA_fgsm_safety_metrics_test_epsilon_0_03.csv,csv,770966f2c15f7f7cc6b260645328196d5d1094b0a47bc7b46ce07779458bed84,475,unknown,none,test-descriptive,path:convention,test,unmapped,no,not-a-figure-or-table-float,yes
results/safety_guided_defense/variantE_motion_hard_negative/selection_v2/seed42/test_eval/v2lowFA_fgsm_sweep_predictions_legacy.csv,predictions,e9160722fd0318256551538bb4b71d72fa4fbf2514c510ef7552705f580f3f5e,1214762,unknown,none,diagnostic-internal,default,none,unmapped,no,not-a-figure-or-table-float,yes
results/safety_guided_defense/variantE_motion_hard_negative/selection_v2/seed42/test_eval/v2lowFA_fgsm_sweep_predictions_test.csv,predictions,a7b2952ccbadc1cd7252f11fba1c0ee76d5487092866cb145dc816f036770df1,608396,unknown,none,diagnostic-internal,default,none,unmapped,no,not-a-figure-or-table-float,yes
results/safety_guided_defense/variantE_motion_hard_negative/selection_v2/seed42/test_eval/v2lowFA_pgd_epsilon_sweep_legacy.csv,csv,a258abd82a9e0c550570fa191b8b80bd6c5bad73aa8d0cb35375e65aac82af5b,2643,unknown,none,diagnostic-internal,default,none,unmapped,no,not-a-figure-or-table-float,yes
results/safety_guided_defense/variantE_motion_hard_negative/selection_v2/seed42/test_eval/v2lowFA_pgd_epsilon_sweep_test.csv,csv,f14553bb92038758c19c1bc56593f510cc93a831b85dfd86b86ca0f888eb2869,2589,scripts/audit_core.py,literal,diagnostic-internal,default,none,unmapped,no,not-a-figure-or-table-float,yes
results/safety_guided_defense/variantE_motion_hard_negative/selection_v2/seed42/test_eval/v2lowFA_pgd_predictions_legacy_epsilon_0_03.csv,predictions,696ad6569d6c4dabafb7b60920231e5906a349e233134a650aaac508d1c2e341,79857,unknown,none,diagnostic-internal,default,none,unmapped,no,not-a-figure-or-table-float,yes
results/safety_guided_defense/variantE_motion_hard_negative/selection_v2/seed42/test_eval/v2lowFA_pgd_predictions_test_epsilon_0_03.csv,predictions,74998dc2236727fa251516d03de855d25672a76cd581a2e84105a39773e3760d,40184,scripts/audit_core.py,literal,test-descriptive,path:convention,test,unmapped,no,not-a-figure-or-table-float,yes
results/safety_guided_defense/variantE_motion_hard_negative/selection_v2/seed42/test_eval/v2lowFA_pgd_probabilities_test_epsilon_0_03.csv,predictions,484be7113d48dff39bef8e3ed1fcb5b44a53bb4091857da7d611ac2db90e2c7c,92761,scripts/audit_core.py,literal,test-descriptive,path:convention,test,unmapped,no,not-a-figure-or-table-float,yes
results/safety_guided_defense/variantE_motion_hard_negative/selection_v2/seed42/test_eval/v2lowFA_pgd_safety_metrics_legacy_epsilon_0_03.csv,csv,c1acee4c160625866919ea51a4d327f94daac5aca118faf467702e450532ccdd,482,unknown,none,diagnostic-internal,default,none,unmapped,no,not-a-figure-or-table-float,yes
results/safety_guided_defense/variantE_motion_hard_negative/selection_v2/seed42/test_eval/v2lowFA_pgd_safety_metrics_test_epsilon_0_03.csv,csv,f60e9cef2268268ee28d77164936efdf1de0b1ae5d8cd5dcc377752463ce98c7,477,scripts/audit_core.py,literal,test-descriptive,path:convention,test,unmapped,no,not-a-figure-or-table-float,yes
results/safety_guided_defense/variantE_motion_hard_negative/selection_v2/seed42/test_eval/v2lowFA_pgd_sweep_predictions_legacy.csv,predictions,124ca95378598b3b73f831936b6c508c8c2f32aee087e443fddb359f5136848f,1431653,unknown,none,diagnostic-internal,default,none,unmapped,no,not-a-figure-or-table-float,yes
results/safety_guided_defense/variantE_motion_hard_negative/selection_v2/seed42/test_eval/v2lowFA_pgd_sweep_predictions_test.csv,predictions,a573ba603370cc410560fd963bfec0da17265888040b59858fe8190fb8e37c1e,717128,unknown,none,diagnostic-internal,default,none,unmapped,no,not-a-figure-or-table-float,yes
results/safety_guided_defense/variantE_motion_hard_negative/selection_v2/seed42/test_eval/v2lowFA_sweep_metadata.json,metadata,8fc01f4be6fa33ab632548f3e8bd788854b55394c2ec05dead5331cca47d05fe,4105,unknown,none,diagnostic-internal,default,none,unmapped,no,not-a-figure-or-table-float,yes
results/safety_guided_defense/variantE_motion_hard_negative/selection_v2/seed42/test_eval/v2safety_attacks_metadata.json,metadata,7e9d44cb3118b2c3c902509306b56558bff918bbe026675a93ab37672dc03c8f,6335,unknown,none,diagnostic-internal,default,none,unmapped,no,not-a-figure-or-table-float,yes
results/safety_guided_defense/variantE_motion_hard_negative/selection_v2/seed42/test_eval/v2safety_clean_probabilities_test_epsilon_0_03.csv,predictions,17a5cf2cf4c1449346bafd2d6edef957e53b83f195273bf56ff284d958f546ff,93723,unknown,none,test-descriptive,path:convention,test,unmapped,no,not-a-figure-or-table-float,yes
results/safety_guided_defense/variantE_motion_hard_negative/selection_v2/seed42/test_eval/v2safety_fgsm_epsilon_sweep_legacy.csv,csv,ab9965e25d57a90e3fe3f84b54bae4034d5eb8a04479ac0bfd0a93bd50d4176b,2598,unknown,none,diagnostic-internal,default,none,unmapped,no,not-a-figure-or-table-float,yes
results/safety_guided_defense/variantE_motion_hard_negative/selection_v2/seed42/test_eval/v2safety_fgsm_epsilon_sweep_test.csv,csv,e05dd763e3084d2ae0e888d1fb4143015241929416ab1c3d5dd8970b286d095c,2540,unknown,none,diagnostic-internal,default,none,unmapped,no,not-a-figure-or-table-float,yes
results/safety_guided_defense/variantE_motion_hard_negative/selection_v2/seed42/test_eval/v2safety_fgsm_predictions_legacy_epsilon_0_03.csv,predictions,f31bc09cfb467313cfb779baeb79cd8cb8b603b820e09fea9950d7490c48696b,67723,unknown,none,diagnostic-internal,default,none,unmapped,no,not-a-figure-or-table-float,yes
results/safety_guided_defense/variantE_motion_hard_negative/selection_v2/seed42/test_eval/v2safety_fgsm_predictions_test_epsilon_0_03.csv,predictions,694c546c3ffb020ff3476c896ae23db304d7efa9c9f76bdf5036e43404be6f22,34088,unknown,none,test-descriptive,path:convention,test,unmapped,no,not-a-figure-or-table-float,yes
results/safety_guided_defense/variantE_motion_hard_negative/selection_v2/seed42/test_eval/v2safety_fgsm_probabilities_test_epsilon_0_03.csv,predictions,3714a7fa1f376db5470540f798343ef68af0fe4aee27c1b373ca28c5c64f5c28,93134,unknown,none,test-descriptive,path:convention,test,unmapped,no,not-a-figure-or-table-float,yes
results/safety_guided_defense/variantE_motion_hard_negative/selection_v2/seed42/test_eval/v2safety_fgsm_safety_metrics_legacy_epsilon_0_03.csv,csv,c3219364648644684dcea006673b4081c6d632d022246ebe5817fa94309f826b,479,unknown,none,diagnostic-internal,default,none,unmapped,no,not-a-figure-or-table-float,yes
results/safety_guided_defense/variantE_motion_hard_negative/selection_v2/seed42/test_eval/v2safety_fgsm_safety_metrics_test_epsilon_0_03.csv,csv,d1ad9e2b927735483d1dc19578f26e60e8bf2773ff6154ac943f443d05e710c4,475,unknown,none,test-descriptive,path:convention,test,unmapped,no,not-a-figure-or-table-float,yes
results/safety_guided_defense/variantE_motion_hard_negative/selection_v2/seed42/test_eval/v2safety_fgsm_sweep_predictions_legacy.csv,predictions,b2e2f5bd3b83a66fbe3a1da5006a35091afab03c85340a4398968f09bd07f191,1214598,unknown,none,diagnostic-internal,default,none,unmapped,no,not-a-figure-or-table-float,yes
results/safety_guided_defense/variantE_motion_hard_negative/selection_v2/seed42/test_eval/v2safety_fgsm_sweep_predictions_test.csv,predictions,624763ba8d6abd824560268d1782560ef2db7623f20b57d1836818ca4411eeae,608414,unknown,none,diagnostic-internal,default,none,unmapped,no,not-a-figure-or-table-float,yes
results/safety_guided_defense/variantE_motion_hard_negative/selection_v2/seed42/test_eval/v2safety_pgd_epsilon_sweep_legacy.csv,csv,e5e608ee7e7efe78a6066554e5b21abf4e300d4066a62676dc9516680fa09a81,2651,unknown,none,diagnostic-internal,default,none,unmapped,no,not-a-figure-or-table-float,yes
results/safety_guided_defense/variantE_motion_hard_negative/selection_v2/seed42/test_eval/v2safety_pgd_epsilon_sweep_test.csv,csv,bb27913196deb16898247b1f2bf313ba79d9415ca1c5f84fca9890a89014fd75,2606,scripts/analyze_selection_v2.py,literal,diagnostic-internal,default,none,unmapped,no,not-a-figure-or-table-float,yes
results/safety_guided_defense/variantE_motion_hard_negative/selection_v2/seed42/test_eval/v2safety_pgd_predictions_legacy_epsilon_0_03.csv,predictions,6c65b4cd596303dea1e3259626bc6e9de9fe7a57f2d2da526b8f885357a281cc,79954,unknown,none,diagnostic-internal,default,none,unmapped,no,not-a-figure-or-table-float,yes
results/safety_guided_defense/variantE_motion_hard_negative/selection_v2/seed42/test_eval/v2safety_pgd_predictions_test_epsilon_0_03.csv,predictions,5e38f545760a8ddcf2f457410310aa9ce763e48f0abffeb4f78d11d9b1e05fbb,40224,scripts/audit_core.py,literal,test-descriptive,path:convention,test,unmapped,no,not-a-figure-or-table-float,yes
results/safety_guided_defense/variantE_motion_hard_negative/selection_v2/seed42/test_eval/v2safety_pgd_probabilities_test_epsilon_0_03.csv,predictions,d48130954e20d25e3bc6954c3de8643bd11561bc6aa8dded4543519ab81ec0f9,92809,scripts/analyze_variantF.py,literal,test-descriptive,path:convention,test,unmapped,no,not-a-figure-or-table-float,yes
results/safety_guided_defense/variantE_motion_hard_negative/selection_v2/seed42/test_eval/v2safety_pgd_safety_metrics_legacy_epsilon_0_03.csv,csv,580ff558b2a4a15f1e6160d3c391e808318b7921a30f32ff8ba5b6322ff4ba53,482,unknown,none,diagnostic-internal,default,none,unmapped,no,not-a-figure-or-table-float,yes
results/safety_guided_defense/variantE_motion_hard_negative/selection_v2/seed42/test_eval/v2safety_pgd_safety_metrics_test_epsilon_0_03.csv,csv,515f1d8a6295f178930fdd35da0d4e7195a2413f5493e4b48efc9be9bcb16808,480,scripts/audit_core.py,literal,test-descriptive,path:convention,test,unmapped,no,not-a-figure-or-table-float,yes
results/safety_guided_defense/variantE_motion_hard_negative/selection_v2/seed42/test_eval/v2safety_pgd_sweep_predictions_legacy.csv,predictions,b2c54adb49e29cfccb329485850d60f57b6e65412314b0af2b7f34273af5401a,1432336,unknown,none,diagnostic-internal,default,none,unmapped,no,not-a-figure-or-table-float,yes
results/safety_guided_defense/variantE_motion_hard_negative/selection_v2/seed42/test_eval/v2safety_pgd_sweep_predictions_test.csv,predictions,d76e1b1fdbbdad0a23dafdb859e5ccc94b7c9a0c698aece69eced70c77609f8a,717632,scripts/analysis/plot_d1_d12_recall_far.py,literal,diagnostic-internal,default,none,unmapped,no,not-a-figure-or-table-float,yes
results/safety_guided_defense/variantE_motion_hard_negative/selection_v2/seed42/test_eval/v2safety_sweep_metadata.json,metadata,8749a5b965b233254200516095011257be2c1a255c291407ca10ab119406f1bc,4115,unknown,none,diagnostic-internal,default,none,unmapped,no,not-a-figure-or-table-float,yes
results/safety_guided_defense/variantE_motion_hard_negative/selection_v2/seed43/analysis/seed43_variantE_selv2_lam1p0_selection_candidates.csv,csv,cbd5bf8f7e398e53f3c29f32de8cf7720cc6064661d7be39fee996ab666227a1,284,unknown,none,diagnostic-internal,default,none,unmapped,no,not-a-figure-or-table-float,yes
results/safety_guided_defense/variantE_motion_hard_negative/selection_v2/seed43/logs/seed43_variantE_selv2_lam1p0_metadata.json,metadata,9c3ee0a79a6bf50bf4c1a40b791b68baed0938c2ef0d56a41f7cd80e8e091125,2192,unknown,none,diagnostic-internal,default,none,unmapped,no,not-a-figure-or-table-float,yes
results/safety_guided_defense/variantE_motion_hard_negative/selection_v2/seed43/logs/seed43_variantE_selv2_lam1p0_training_log.csv,csv,46bf8acce4f13a3bb82777f60d71f762eb9c7257c11575f5ef790df5296a3207,3815,unknown,none,diagnostic-internal,default,none,unmapped,no,not-a-figure-or-table-float,yes
results/safety_guided_defense/variantE_motion_hard_negative/selection_v2/seed43/test_eval/v2lowFA_attacks_metadata.json,metadata,96e73e87c82d5db3cc7356b8b2882728edb5f3db9d51c0d4a8f2d7cea4736193,6309,unknown,none,diagnostic-internal,default,none,unmapped,no,not-a-figure-or-table-float,yes
results/safety_guided_defense/variantE_motion_hard_negative/selection_v2/seed43/test_eval/v2lowFA_clean_probabilities_test_epsilon_0_03.csv,predictions,c5da302c07ab28763b689daf8ba1ee9e80be56e44824ace4637c6a62597271e9,94261,unknown,none,test-descriptive,path:convention,test,unmapped,no,not-a-figure-or-table-float,yes
results/safety_guided_defense/variantE_motion_hard_negative/selection_v2/seed43/test_eval/v2lowFA_fgsm_epsilon_sweep_legacy.csv,csv,f5f63bccb18a3cce048982802a5b350fa472f58e0c07addd3b6b86657e3723ab,2581,unknown,none,diagnostic-internal,default,none,unmapped,no,not-a-figure-or-table-float,yes
results/safety_guided_defense/variantE_motion_hard_negative/selection_v2/seed43/test_eval/v2lowFA_fgsm_epsilon_sweep_test.csv,csv,a6128257b5279cc61af07e39b10a3f5ae594eef9684702517e594b9711fea443,2538,unknown,none,diagnostic-internal,default,none,unmapped,no,not-a-figure-or-table-float,yes
results/safety_guided_defense/variantE_motion_hard_negative/selection_v2/seed43/test_eval/v2lowFA_fgsm_predictions_legacy_epsilon_0_03.csv,predictions,91c87830da8c92bb4bb679aa19ec27b78a6825df62c255be77863836ea4815ef,67652,unknown,none,diagnostic-internal,default,none,unmapped,no,not-a-figure-or-table-float,yes
results/safety_guided_defense/variantE_motion_hard_negative/selection_v2/seed43/test_eval/v2lowFA_fgsm_predictions_test_epsilon_0_03.csv,predictions,014e2822083e217ef905a761d73736a3d1a34d83e5b2ebedc7a8859963a54f44,34048,unknown,none,test-descriptive,path:convention,test,unmapped,no,not-a-figure-or-table-float,yes
results/safety_guided_defense/variantE_motion_hard_negative/selection_v2/seed43/test_eval/v2lowFA_fgsm_probabilities_test_epsilon_0_03.csv,predictions,0246959de90bb16f9c3b3fd291cc6e9c15a17b44f8e45ef99460acae310c4eb9,93648,unknown,none,test-descriptive,path:convention,test,unmapped,no,not-a-figure-or-table-float,yes
results/safety_guided_defense/variantE_motion_hard_negative/selection_v2/seed43/test_eval/v2lowFA_fgsm_safety_metrics_legacy_epsilon_0_03.csv,csv,c5d36a8c393c7a7b53cc33afcba0d35ecbb7bade172fa5a1879b370c8bc84da9,477,unknown,none,diagnostic-internal,default,none,unmapped,no,not-a-figure-or-table-float,yes
results/safety_guided_defense/variantE_motion_hard_negative/selection_v2/seed43/test_eval/v2lowFA_fgsm_safety_metrics_test_epsilon_0_03.csv,csv,5e010c08c9ce0d968c0d28101e2b226bae8529b1ff4597c0c2c511729c54e41b,475,unknown,none,test-descriptive,path:convention,test,unmapped,no,not-a-figure-or-table-float,yes
results/safety_guided_defense/variantE_motion_hard_negative/selection_v2/seed43/test_eval/v2lowFA_fgsm_sweep_predictions_legacy.csv,predictions,1a85a66b393ab289e1286cb3395bfd086ded26b25669f2671fdd159374e94364,1213272,unknown,none,diagnostic-internal,default,none,unmapped,no,not-a-figure-or-table-float,yes
results/safety_guided_defense/variantE_motion_hard_negative/selection_v2/seed43/test_eval/v2lowFA_fgsm_sweep_predictions_test.csv,predictions,14955d90c523a6492436579140a5e314fb927abd6b9bff8debe76b2465ca3543,607653,unknown,none,diagnostic-internal,default,none,unmapped,no,not-a-figure-or-table-float,yes
results/safety_guided_defense/variantE_motion_hard_negative/selection_v2/seed43/test_eval/v2lowFA_pgd_epsilon_sweep_legacy.csv,csv,2d51054e02ff297be4c54570c6b3a6bc6476a10049f94e35b1d2b53b4dd0f1ce,2645,unknown,none,diagnostic-internal,default,none,unmapped,no,not-a-figure-or-table-float,yes
results/safety_guided_defense/variantE_motion_hard_negative/selection_v2/seed43/test_eval/v2lowFA_pgd_epsilon_sweep_test.csv,csv,00ff4a6d6f7e3e71aacb6c21bdf5efb94aa5560ca0b192f14128025db8d98113,2592,scripts/audit_core.py,literal,diagnostic-internal,default,none,unmapped,no,not-a-figure-or-table-float,yes
results/safety_guided_defense/variantE_motion_hard_negative/selection_v2/seed43/test_eval/v2lowFA_pgd_predictions_legacy_epsilon_0_03.csv,predictions,5aba3573b2e1c9ac49e6608b7250827bee16b0fdf19a8f6cf998833ad211fe00,79770,unknown,none,diagnostic-internal,default,none,unmapped,no,not-a-figure-or-table-float,yes
results/safety_guided_defense/variantE_motion_hard_negative/selection_v2/seed43/test_eval/v2lowFA_pgd_predictions_test_epsilon_0_03.csv,predictions,783d41f07133df3a4996a27dee38560cdfed554d8297fe4f97bc1f7a261cb73b,40134,scripts/audit_core.py,literal,test-descriptive,path:convention,test,unmapped,no,not-a-figure-or-table-float,yes
results/safety_guided_defense/variantE_motion_hard_negative/selection_v2/seed43/test_eval/v2lowFA_pgd_probabilities_test_epsilon_0_03.csv,predictions,60c56bf59b2118738c3ca0593287c6765aac2e646c72f29673b9dcbbd8502368,93245,scripts/audit_core.py,literal,test-descriptive,path:convention,test,unmapped,no,not-a-figure-or-table-float,yes
results/safety_guided_defense/variantE_motion_hard_negative/selection_v2/seed43/test_eval/v2lowFA_pgd_safety_metrics_legacy_epsilon_0_03.csv,csv,d927c6663ad7a945bfdcf65ea92a08085241d6f19126ab0d5092fa0ec84ba9dc,482,unknown,none,diagnostic-internal,default,none,unmapped,no,not-a-figure-or-table-float,yes
results/safety_guided_defense/variantE_motion_hard_negative/selection_v2/seed43/test_eval/v2lowFA_pgd_safety_metrics_test_epsilon_0_03.csv,csv,6f03c7fc90852ed9570d0bb78e77adaccc0eeb2d60ffda3eeafc38f67ec86d54,477,scripts/audit_core.py,literal,test-descriptive,path:convention,test,unmapped,no,not-a-figure-or-table-float,yes
results/safety_guided_defense/variantE_motion_hard_negative/selection_v2/seed43/test_eval/v2lowFA_pgd_sweep_predictions_legacy.csv,predictions,a2ce04ac379593ae77bc527eb201aec539de6d9bc4e70ca8d1d2e22b71833474,1430492,unknown,none,diagnostic-internal,default,none,unmapped,no,not-a-figure-or-table-float,yes
results/safety_guided_defense/variantE_motion_hard_negative/selection_v2/seed43/test_eval/v2lowFA_pgd_sweep_predictions_test.csv,predictions,623fd53e3547da6648b8c959e8c22b0654b92a5f927b44ed8e84e5b9a7cf789c,716698,unknown,none,diagnostic-internal,default,none,unmapped,no,not-a-figure-or-table-float,yes
results/safety_guided_defense/variantE_motion_hard_negative/selection_v2/seed43/test_eval/v2lowFA_sweep_metadata.json,metadata,2a6e3e61dc23edea4d524e613eb6965b7188878e5147255d79494667c4b02275,4101,unknown,none,diagnostic-internal,default,none,unmapped,no,not-a-figure-or-table-float,yes
results/safety_guided_defense/variantE_motion_hard_negative/selection_v2/seed43/test_eval/v2safety_attacks_metadata.json,metadata,194b1f4256578a211dc1f067233411d370f3444fcd54e04348d90e38f3bce768,6300,unknown,none,diagnostic-internal,default,none,unmapped,no,not-a-figure-or-table-float,yes
results/safety_guided_defense/variantE_motion_hard_negative/selection_v2/seed43/test_eval/v2safety_clean_probabilities_test_epsilon_0_03.csv,predictions,e88e1d5d8ef202d2a616bfa9eadd1412fbf367f370d4aa8029cec66df3d49962,94180,unknown,none,test-descriptive,path:convention,test,unmapped,no,not-a-figure-or-table-float,yes
results/safety_guided_defense/variantE_motion_hard_negative/selection_v2/seed43/test_eval/v2safety_fgsm_epsilon_sweep_legacy.csv,csv,1ee1878ec3b35cfecf10436c69fcff0ced7d92ab0ff0038e12746f9cbcdd2476,2600,unknown,none,diagnostic-internal,default,none,unmapped,no,not-a-figure-or-table-float,yes
results/safety_guided_defense/variantE_motion_hard_negative/selection_v2/seed43/test_eval/v2safety_fgsm_epsilon_sweep_test.csv,csv,53c46b5dee46d0dbb1fb7c60f8e855f0e3c421d11b63cb37c70f650908aa0ffa,2535,unknown,none,diagnostic-internal,default,none,unmapped,no,not-a-figure-or-table-float,yes
results/safety_guided_defense/variantE_motion_hard_negative/selection_v2/seed43/test_eval/v2safety_fgsm_predictions_legacy_epsilon_0_03.csv,predictions,c55031fd68d1fbf9e2025ec54801fa9c5e7ddacd612bca09ef82646b7f9fe148,67357,unknown,none,diagnostic-internal,default,none,unmapped,no,not-a-figure-or-table-float,yes
results/safety_guided_defense/variantE_motion_hard_negative/selection_v2/seed43/test_eval/v2safety_fgsm_predictions_test_epsilon_0_03.csv,predictions,c1e36931387ef83b92836532a43e3650310f14445cc0518492fe29b4fa3021d9,33937,unknown,none,test-descriptive,path:convention,test,unmapped,no,not-a-figure-or-table-float,yes
results/safety_guided_defense/variantE_motion_hard_negative/selection_v2/seed43/test_eval/v2safety_fgsm_probabilities_test_epsilon_0_03.csv,predictions,01fac36c5cfc2f415daa7eed00793975b3a740912bf7ceee9b4f6dba42a190de,93595,unknown,none,test-descriptive,path:convention,test,unmapped,no,not-a-figure-or-table-float,yes
results/safety_guided_defense/variantE_motion_hard_negative/selection_v2/seed43/test_eval/v2safety_fgsm_safety_metrics_legacy_epsilon_0_03.csv,csv,0954b72d3854f10abe2b69b7757961d183fdd4c0b4970a62105836f629492980,479,unknown,none,diagnostic-internal,default,none,unmapped,no,not-a-figure-or-table-float,yes
results/safety_guided_defense/variantE_motion_hard_negative/selection_v2/seed43/test_eval/v2safety_fgsm_safety_metrics_test_epsilon_0_03.csv,csv,b7a13fe15a2753cd3e21d152762a6e4157d89725577a07e36aea8da08391606b,475,unknown,none,test-descriptive,path:convention,test,unmapped,no,not-a-figure-or-table-float,yes
results/safety_guided_defense/variantE_motion_hard_negative/selection_v2/seed43/test_eval/v2safety_fgsm_sweep_predictions_legacy.csv,predictions,ba194eeb0bfa3cfb42e1e888cfac1ebc6a09f51f51ae8959f4bbc5c85d78f126,1208990,unknown,none,diagnostic-internal,default,none,unmapped,no,not-a-figure-or-table-float,yes
results/safety_guided_defense/variantE_motion_hard_negative/selection_v2/seed43/test_eval/v2safety_fgsm_sweep_predictions_test.csv,predictions,0bb2c309c5af0ece51f3db1f3b8912d42e4a8dd29144a250435e7d401c886d7c,605964,unknown,none,diagnostic-internal,default,none,unmapped,no,not-a-figure-or-table-float,yes
results/safety_guided_defense/variantE_motion_hard_negative/selection_v2/seed43/test_eval/v2safety_pgd_epsilon_sweep_legacy.csv,csv,36b5e23edaf1178b048156d118b3e3e2b9d39cd3c1e7796835ac3ea7393084ad,2654,unknown,none,diagnostic-internal,default,none,unmapped,no,not-a-figure-or-table-float,yes
results/safety_guided_defense/variantE_motion_hard_negative/selection_v2/seed43/test_eval/v2safety_pgd_epsilon_sweep_test.csv,csv,bbe21a3f3378db250a90399aab9cc1d86bdfbf333de8a01a415ae0cd9267b568,2598,scripts/analyze_selection_v2.py,literal,diagnostic-internal,default,none,unmapped,no,not-a-figure-or-table-float,yes
results/safety_guided_defense/variantE_motion_hard_negative/selection_v2/seed43/test_eval/v2safety_pgd_predictions_legacy_epsilon_0_03.csv,predictions,14d85ecd8e45e3e151473c8977acb6f58dde6fb690e4a242813d531af66d791d,79481,unknown,none,diagnostic-internal,default,none,unmapped,no,not-a-figure-or-table-float,yes
results/safety_guided_defense/variantE_motion_hard_negative/selection_v2/seed43/test_eval/v2safety_pgd_predictions_test_epsilon_0_03.csv,predictions,e9f6996bc826233d3bc1a3f02557f3c98e31a7c166edf5b2c6468c0cd3923a8b,40012,scripts/audit_core.py,literal,test-descriptive,path:convention,test,unmapped,no,not-a-figure-or-table-float,yes
results/safety_guided_defense/variantE_motion_hard_negative/selection_v2/seed43/test_eval/v2safety_pgd_probabilities_test_epsilon_0_03.csv,predictions,a415743862c7dea5af21eede7bae505c792a5ba199b3bf8273c20e859dcd7db9,93181,scripts/analyze_variantF.py,literal,test-descriptive,path:convention,test,unmapped,no,not-a-figure-or-table-float,yes
results/safety_guided_defense/variantE_motion_hard_negative/selection_v2/seed43/test_eval/v2safety_pgd_safety_metrics_legacy_epsilon_0_03.csv,csv,b23b2d1888c50c163405473be4b9ebf188bfb250d04270c6a9290db9b6ad8d64,482,unknown,none,diagnostic-internal,default,none,unmapped,no,not-a-figure-or-table-float,yes
results/safety_guided_defense/variantE_motion_hard_negative/selection_v2/seed43/test_eval/v2safety_pgd_safety_metrics_test_epsilon_0_03.csv,csv,22ec6ea4e622276339c6e2430d7b107e22ca57db1cb719365ed81a0abece6c13,477,scripts/audit_core.py,literal,test-descriptive,path:convention,test,unmapped,no,not-a-figure-or-table-float,yes
results/safety_guided_defense/variantE_motion_hard_negative/selection_v2/seed43/test_eval/v2safety_pgd_sweep_predictions_legacy.csv,predictions,c4bd86d08aaec874978e4d88267eb3641fecc1a0583269da9c24bbc9001889c0,1426134,unknown,none,diagnostic-internal,default,none,unmapped,no,not-a-figure-or-table-float,yes
results/safety_guided_defense/variantE_motion_hard_negative/selection_v2/seed43/test_eval/v2safety_pgd_sweep_predictions_test.csv,predictions,09efb002f62d42556c72a165a3aa20125f93ac99af28151cf874f3cca0b0f886,714988,scripts/analysis/plot_d1_d12_recall_far.py,literal,diagnostic-internal,default,none,unmapped,no,not-a-figure-or-table-float,yes
results/safety_guided_defense/variantE_motion_hard_negative/selection_v2/seed43/test_eval/v2safety_sweep_metadata.json,metadata,0c0f372e07d245fb412614ef4d4b1f1ab100bc9084d6b23afad3a979821f4f46,4117,unknown,none,diagnostic-internal,default,none,unmapped,no,not-a-figure-or-table-float,yes
results/safety_guided_defense/variantE_motion_hard_negative/selection_v2/selection_v2_comparison.csv,csv,3d1e601d7e3bc1a3a598ad5c6effdc017102c2acd38990daee5024961b740195,983,scripts/analyze_selection_v2.py,literal,diagnostic-internal,default,none,unmapped,no,not-a-figure-or-table-float,yes
results/safety_guided_defense/variantF_design_memo/VARIANT_F_DESIGN_MEMO.md,report,6796baefa7d6cc2d0ae1976faa4eee57ea5bb15cb6fb33ec2e0d5fc05ea7982e,16075,scripts/train_variantF_motion_margin.py,literal,diagnostic-internal,default,none,unmapped,no,not-a-figure-or-table-float,yes
results/safety_guided_defense/variantF_false_alarm_diagnostic/VARIANT_F_FALSE_ALARM_DIAGNOSTIC.md,report,6345bca412d7fba08e1555e09825a9befc529142c7fd975cb3ed0e219b0e7509,17221,unknown,none,diagnostic-internal,default,none,unmapped,no,not-a-figure-or-table-float,yes
results/safety_guided_defense/variantF_false_alarm_diagnostic/analysis/cost_curve_gated.csv,csv,b04f9c7ee541d262ef58429e0ee9620b67278755cb12025592eddd809f9cdbf9,285,scripts/diagnose_variantF_false_alarms.py,literal,diagnostic-internal,default,none,unmapped,no,not-a-figure-or-table-float,yes
results/safety_guided_defense/variantF_false_alarm_diagnostic/analysis/cross_seed_threshold_stability.csv,csv,a43472badc8cb37dd6edec3bfb58880e6974c4ffb86c863c60d61e19ff7a1b40,278,scripts/diagnose_variantF_false_alarms.py,literal,diagnostic-internal,default,none,unmapped,no,not-a-figure-or-table-float,yes
results/safety_guided_defense/variantF_false_alarm_diagnostic/analysis/group_distributions.csv,csv,c6c2e04c937fe2bc692766b3ea03b221785e0ee1616e5371628286bdfd8f7d81,505,scripts/diagnose_variantF_false_alarms.py,literal,diagnostic-internal,default,none,unmapped,no,not-a-figure-or-table-float,yes
results/safety_guided_defense/variantF_false_alarm_diagnostic/analysis/operating_point_sweep_seed42.csv,csv,9250ddceeaeeedd8cc1cc414a02d1494ae4392d1c9bd77d89db3f9b4ef10ff1c,49962,unknown,none,diagnostic-internal,default,none,unmapped,no,not-a-figure-or-table-float,yes
results/safety_guided_defense/variantF_false_alarm_diagnostic/analysis/operating_point_sweep_seed44.csv,csv,31142f1c9e66fe0fbcbaab31f8f5751493de8c85b3e27705434c49efc7f4ee45,49912,unknown,none,diagnostic-internal,default,none,unmapped,no,not-a-figure-or-table-float,yes
results/safety_guided_defense/variantF_false_alarm_diagnostic/analysis/residual_fa_anatomy_seed42.csv,csv,b0bf13ea776733717a930ec9bf410689ef34ad4ac273c6e4815b9f1bcd3079a6,10066,unknown,none,diagnostic-internal,default,none,unmapped,no,not-a-figure-or-table-float,yes
results/safety_guided_defense/variantF_false_alarm_diagnostic/analysis/residual_fa_anatomy_seed44.csv,csv,bd2e9f76954cfc3971276076052231a3d1586f3ee3800784010e4b022ca6ad15,9831,unknown,none,diagnostic-internal,default,none,unmapped,no,not-a-figure-or-table-float,yes
results/safety_guided_defense/variantF_false_alarm_diagnostic/analysis/source_class_summary.csv,csv,111cff07986ead03c73cb5d6507487b87b1dc21f3e54be87e4a1a7390fbae5c3,723,scripts/diagnose_variantF_false_alarms.py,literal,diagnostic-internal,default,none,unmapped,no,not-a-figure-or-table-float,yes
results/safety_guided_defense/variantF_false_alarm_diagnostic/analysis/target_satisfaction.csv,csv,23a7a1f440e5d7841fdc9835c71af8c65ced5a6785a754b749cf015550157e12,447,scripts/diagnose_variantF_false_alarms.py,literal,diagnostic-internal,default,none,unmapped,no,not-a-figure-or-table-float,yes
results/safety_guided_defense/variantF_false_alarm_diagnostic/figures/fig_hist_fallprob_margin_seed42.png,figure,329f42bfedd8837848a58fb7bed07e9ed77f99bad0a52f80b668f23fb1b9a964,46268,unknown,none,diagnostic-internal,default,none,unmapped,no,generator-unknown;evidence-not-admissible;claim-not-approved,yes
results/safety_guided_defense/variantF_false_alarm_diagnostic/figures/fig_hist_fallprob_margin_seed44.png,figure,eac34b43cac474b83d3b71ed16bcab8c9fef101e67109de847c41b2a214102ad,45221,unknown,none,diagnostic-internal,default,none,unmapped,no,generator-unknown;evidence-not-admissible;claim-not-approved,yes
results/safety_guided_defense/variantF_false_alarm_diagnostic/figures/fig_separability_seed42.png,figure,662ec165903c7414a03166a1845b93ac1b271b8ecb018fa129d37bb4bc1a57c2,85079,unknown,none,diagnostic-internal,default,none,unmapped,no,generator-unknown;evidence-not-admissible;claim-not-approved,yes
results/safety_guided_defense/variantF_false_alarm_diagnostic/figures/fig_separability_seed44.png,figure,8d54d39414099a32d0693a18f83c407109040eece2e1586c720941b61786135e,85078,unknown,none,diagnostic-internal,default,none,unmapped,no,generator-unknown;evidence-not-admissible;claim-not-approved,yes
results/safety_guided_defense/variantF_motion_margin/seed42/VARIANT_F_SEED42_PILOT_REPORT.md,report,bbc5519ff35ae67fcda07053904905599fd2d315cd241091d338c64e9157035d,7746,unknown,none,diagnostic-internal,default,none,unmapped,no,not-a-figure-or-table-float,yes
results/safety_guided_defense/variantF_motion_margin/seed42/analysis/cost_curve.csv,csv,256d348338dd79242fbe420a20999455bde7bb6040c160d59088eb366630a18d,470,scripts/analyze_variantF.py,literal,diagnostic-internal,default,none,unmapped,no,not-a-figure-or-table-float,yes
results/safety_guided_defense/variantF_motion_margin/seed42/analysis/criteria_scorecard.csv,csv,7a3275a025310da57b6a412837fd20a6adb3e65fbd3db7f1bbd039175c3ae942,378,scripts/analyze_variantF.py,literal,diagnostic-internal,default,none,unmapped,no,not-a-figure-or-table-float,yes
results/safety_guided_defense/variantF_motion_margin/seed42/analysis/logit_margin_geometry.csv,csv,007a4f95e83fb2e334facce260f1495777a0a8f976ae231f3b702242c29cbf8b,342,scripts/analyze_variantF.py,literal,diagnostic-internal,default,none,unmapped,no,not-a-figure-or-table-float,yes
results/safety_guided_defense/variantF_motion_margin/seed42/analysis/seed42_variantF_margin_lamM0p5_lamF1p0_gm0p5_gf0p5_selection_candidates.csv,csv,16a6c249a161c1b96ebe1fbc5f28206da72111070cd4ba62629e156912299df3,234,unknown,none,diagnostic-internal,default,none,unmapped,no,not-a-figure-or-table-float,yes
results/safety_guided_defense/variantF_motion_margin/seed42/analysis/seed42_variantF_margin_lamM1p0_lamF0p5_gm0p5_gf0p5_selection_candidates.csv,csv,90d8b0122011d0cbaf0e543ab37dfb3de51f3da1985044d8a7cab7e8b0056f3f,286,unknown,none,diagnostic-internal,default,none,unmapped,no,not-a-figure-or-table-float,yes
results/safety_guided_defense/variantF_motion_margin/seed42/analysis/seed42_variantF_margin_lamM1p0_lamF1p0_gm0p5_gf0p5_selection_candidates.csv,csv,31a74b137594abf41d42c2900692672029839a23e2a4b30b3a8c39f7cbb068f3,286,unknown,none,diagnostic-internal,default,none,unmapped,no,not-a-figure-or-table-float,yes
results/safety_guided_defense/variantF_motion_margin/seed42/analysis/wilson_intervals.csv,csv,84fb4aaedf045ed53b84428df30fe9ab06351f9043bd960c6fbe56a857deb2d5,439,scripts/analyze_variantF.py,literal,diagnostic-internal,default,none,unmapped,no,not-a-figure-or-table-float,yes
results/safety_guided_defense/variantF_motion_margin/seed42/figures/fig_pareto_variantF.png,figure,a4da0a18faee15b1c011bcc8c97dfd93f416e187da4580ea81b99f3ba7c5bcd7,61524,scripts/analyze_variantF.py,literal,diagnostic-internal,default,none,unmapped,no,evidence-not-admissible;claim-not-approved,yes
results/safety_guided_defense/variantF_motion_margin/seed42/logs/seed42_variantF_margin_lamM0p5_lamF1p0_gm0p5_gf0p5_metadata.json,metadata,9b401ad469c0d1e396a11e46641698c9f0c89aad9a29a809d766766afc76644e,2130,unknown,none,diagnostic-internal,default,none,unmapped,no,not-a-figure-or-table-float,yes
results/safety_guided_defense/variantF_motion_margin/seed42/logs/seed42_variantF_margin_lamM0p5_lamF1p0_gm0p5_gf0p5_training_log.csv,csv,a7fac230dad6ed401ae0fe1851240af71c1a38039e4006368871a8137807f053,8136,unknown,none,diagnostic-internal,default,none,unmapped,no,not-a-figure-or-table-float,yes
results/safety_guided_defense/variantF_motion_margin/seed42/logs/seed42_variantF_margin_lamM1p0_lamF0p5_gm0p5_gf0p5_metadata.json,metadata,2c2f135f1c6d9c3345f525437becdc912f10e540712ad791ecba2fa22c12a01f,2130,unknown,none,diagnostic-internal,default,none,unmapped,no,not-a-figure-or-table-float,yes
results/safety_guided_defense/variantF_motion_margin/seed42/logs/seed42_variantF_margin_lamM1p0_lamF0p5_gm0p5_gf0p5_training_log.csv,csv,30e706af907a2dfed87cdfe9349a646153b883e565da3ef24035f5c0f5794f00,8006,unknown,none,diagnostic-internal,default,none,unmapped,no,not-a-figure-or-table-float,yes
results/safety_guided_defense/variantF_motion_margin/seed42/logs/seed42_variantF_margin_lamM1p0_lamF1p0_gm0p5_gf0p5_metadata.json,metadata,4268b3994cbced778eb17b931c6b41ecfd55cd86b16b89a2ea656b6e63ddba29,2131,unknown,none,diagnostic-internal,default,none,unmapped,no,not-a-figure-or-table-float,yes
results/safety_guided_defense/variantF_motion_margin/seed42/logs/seed42_variantF_margin_lamM1p0_lamF1p0_gm0p5_gf0p5_training_log.csv,csv,02d465c9ce27912408fac7e7a68038f380eb49c30809e1c72f480b323b4e0d6e,8043,unknown,none,diagnostic-internal,default,none,unmapped,no,not-a-figure-or-table-float,yes
results/safety_guided_defense/variantF_motion_margin/seed42/metadata/F_lamM1p0_lamF0p5_v2lowFA_attacks_metadata.json,metadata,d8211deeed79c8653dcee58a99a06370ea11d56aad12a61719ffd91cc43be040,6311,unknown,none,diagnostic-internal,default,none,unmapped,no,not-a-figure-or-table-float,yes
results/safety_guided_defense/variantF_motion_margin/seed42/metadata/F_lamM1p0_lamF0p5_v2lowFA_pgd20_attacks_metadata.json,metadata,970edf6641fe306102c5d512149a6b9edd916cc62ab92ec4a9e19ddbd8235971,3902,unknown,none,diagnostic-internal,default,none,unmapped,no,not-a-figure-or-table-float,yes
results/safety_guided_defense/variantF_motion_margin/seed42/metadata/F_lamM1p0_lamF0p5_v2safety_attacks_metadata.json,metadata,fcf09cdd8d995a5ab437e408e3acb793170ede9438964198589e254e4a0cf7f8,6327,unknown,none,diagnostic-internal,default,none,unmapped,no,not-a-figure-or-table-float,yes
results/safety_guided_defense/variantF_motion_margin/seed42/metadata/F_lamM1p0_lamF0p5_v2safety_pgd20_attacks_metadata.json,metadata,5e706f7ec6913e98aa72106909367f0dff599c2df198718ed9c724ddf39a59b7,3996,unknown,none,diagnostic-internal,default,none,unmapped,no,not-a-figure-or-table-float,yes
results/safety_guided_defense/variantF_motion_margin/seed42/metadata/F_lamM1p0_lamF1p0_v2lowFA_attacks_metadata.json,metadata,d9ff70346aaf4e36221118fa6aac968b6c6f16a82ae5740013014aaf77e1d96a,6304,unknown,none,diagnostic-internal,default,none,unmapped,no,not-a-figure-or-table-float,yes
results/safety_guided_defense/variantF_motion_margin/seed42/metadata/F_lamM1p0_lamF1p0_v2lowFA_pgd20_attacks_metadata.json,metadata,697071c001acd34ee8afe0c6c69d0dc150bde3f83d5059b2b8ad7c0d5cb466d8,4025,unknown,none,diagnostic-internal,default,none,unmapped,no,not-a-figure-or-table-float,yes
results/safety_guided_defense/variantF_motion_margin/seed42/metadata/F_lamM1p0_lamF1p0_v2safety_attacks_metadata.json,metadata,798b636f647e10403fde4aa1dd89c43a8581b4a34e3891508bb77a378ce419f0,6330,unknown,none,diagnostic-internal,default,none,unmapped,no,not-a-figure-or-table-float,yes
results/safety_guided_defense/variantF_motion_margin/seed42/metadata/F_lamM1p0_lamF1p0_v2safety_pgd20_attacks_metadata.json,metadata,003ce17a963c12c5c33ec6f4d7d51720c08de07b3c6b850ced2ec04b13a3dbea,4041,unknown,none,diagnostic-internal,default,none,unmapped,no,not-a-figure-or-table-float,yes
results/safety_guided_defense/variantF_motion_margin/seed42/metadata/seed42_variantF_margin_lamM0p5_lamF1p0_gm0p5_gf0p5_metadata.json,metadata,9b401ad469c0d1e396a11e46641698c9f0c89aad9a29a809d766766afc76644e,2130,unknown,none,diagnostic-internal,default,none,unmapped,no,not-a-figure-or-table-float,yes
results/safety_guided_defense/variantF_motion_margin/seed42/metadata/seed42_variantF_margin_lamM1p0_lamF0p5_gm0p5_gf0p5_metadata.json,metadata,2c2f135f1c6d9c3345f525437becdc912f10e540712ad791ecba2fa22c12a01f,2130,unknown,none,diagnostic-internal,default,none,unmapped,no,not-a-figure-or-table-float,yes
results/safety_guided_defense/variantF_motion_margin/seed42/metadata/seed42_variantF_margin_lamM1p0_lamF1p0_gm0p5_gf0p5_metadata.json,metadata,4268b3994cbced778eb17b931c6b41ecfd55cd86b16b89a2ea656b6e63ddba29,2131,unknown,none,diagnostic-internal,default,none,unmapped,no,not-a-figure-or-table-float,yes
results/safety_guided_defense/variantF_motion_margin/seed42/test_eval/F_lamM1p0_lamF0p5_v2lowFA_attacks_metadata.json,metadata,d8211deeed79c8653dcee58a99a06370ea11d56aad12a61719ffd91cc43be040,6311,unknown,none,diagnostic-internal,default,none,unmapped,no,not-a-figure-or-table-float,yes
results/safety_guided_defense/variantF_motion_margin/seed42/test_eval/F_lamM1p0_lamF0p5_v2lowFA_clean_probabilities_test_epsilon_0_03.csv,predictions,2c289b3c53bfe415da47d182e7aca527750d2ce8da338ede8e052d9701c2f887,93788,unknown,none,test-post-hoc,ledger:test+post_hoc,test,unmapped,no,not-a-figure-or-table-float,yes
results/safety_guided_defense/variantF_motion_margin/seed42/test_eval/F_lamM1p0_lamF0p5_v2lowFA_fgsm_epsilon_sweep_legacy.csv,csv,54e5bb4d9850d45b977e632fa5caa897cbc286052ab76a1c0021605e011b1a5a,2575,unknown,none,diagnostic-internal,default,none,unmapped,no,not-a-figure-or-table-float,yes
results/safety_guided_defense/variantF_motion_margin/seed42/test_eval/F_lamM1p0_lamF0p5_v2lowFA_fgsm_epsilon_sweep_test.csv,csv,e5e8e7551324efea0cfcf34349ff9f349b42512ac4affa2374c20f4b1e891a4c,2536,unknown,none,test-descriptive,ledger:test,test,unmapped,no,not-a-figure-or-table-float,yes
results/safety_guided_defense/variantF_motion_margin/seed42/test_eval/F_lamM1p0_lamF0p5_v2lowFA_fgsm_predictions_legacy_epsilon_0_03.csv,predictions,8de1f7412c7e429a86a3f0b66e9dc17185812a023541bf0994ffdb9dddd7c8e5,67845,unknown,none,diagnostic-internal,default,none,unmapped,no,not-a-figure-or-table-float,yes
results/safety_guided_defense/variantF_motion_margin/seed42/test_eval/F_lamM1p0_lamF0p5_v2lowFA_fgsm_predictions_test_epsilon_0_03.csv,predictions,3769999d5e4af19dcaba4f17599e3f3133a6dfd67ff7c45e84f3ee7578364a1e,34142,unknown,none,test-descriptive,path:convention,test,unmapped,no,not-a-figure-or-table-float,yes
results/safety_guided_defense/variantF_motion_margin/seed42/test_eval/F_lamM1p0_lamF0p5_v2lowFA_fgsm_probabilities_test_epsilon_0_03.csv,predictions,2c6d0bd1036b65bde825d24654f49a1918a20fc55f2108a2dec22559b9295705,93242,unknown,none,test-post-hoc,ledger:test+post_hoc,test,unmapped,no,not-a-figure-or-table-float,yes
results/safety_guided_defense/variantF_motion_margin/seed42/test_eval/F_lamM1p0_lamF0p5_v2lowFA_fgsm_safety_metrics_legacy_epsilon_0_03.csv,csv,e8575db226802a66e51081ae408b6806b2f50c28f52a2070be1362103ed200de,477,unknown,none,diagnostic-internal,default,none,unmapped,no,not-a-figure-or-table-float,yes
results/safety_guided_defense/variantF_motion_margin/seed42/test_eval/F_lamM1p0_lamF0p5_v2lowFA_fgsm_safety_metrics_test_epsilon_0_03.csv,csv,64b35745606752a41bff3f9ba61de04b64ab7bef9a7d6e56bb5d3ccbd2d19d07,475,unknown,none,test-descriptive,ledger:test,test,unmapped,no,not-a-figure-or-table-float,yes
results/safety_guided_defense/variantF_motion_margin/seed42/test_eval/F_lamM1p0_lamF0p5_v2lowFA_fgsm_sweep_predictions_legacy.csv,predictions,b544513c51eaebeb2e4d82a4f85db7b158d8b8649eb45b324c9716c8c66d5bc7,1215722,unknown,none,diagnostic-internal,default,none,unmapped,no,not-a-figure-or-table-float,yes
results/safety_guided_defense/variantF_motion_margin/seed42/test_eval/F_lamM1p0_lamF0p5_v2lowFA_fgsm_sweep_predictions_test.csv,predictions,322b997d83abc09baad5e910d4dee0a0edb4614f5128d67ada1ad7de03cc5e48,608803,unknown,none,test-descriptive,ledger:test,test,unmapped,no,not-a-figure-or-table-float,yes
results/safety_guided_defense/variantF_motion_margin/seed42/test_eval/F_lamM1p0_lamF0p5_v2lowFA_pgd20_attacks_metadata.json,metadata,970edf6641fe306102c5d512149a6b9edd916cc62ab92ec4a9e19ddbd8235971,3902,unknown,none,diagnostic-internal,default,none,unmapped,no,not-a-figure-or-table-float,yes
results/safety_guided_defense/variantF_motion_margin/seed42/test_eval/F_lamM1p0_lamF0p5_v2lowFA_pgd20_pgd_predictions_legacy_epsilon_0_03.csv,predictions,95a968f09ccb6bef3dba9e12a6a2917ab812e392ea028f9a5bb3583191cd44bd,80591,unknown,none,diagnostic-internal,default,none,unmapped,no,not-a-figure-or-table-float,yes
results/safety_guided_defense/variantF_motion_margin/seed42/test_eval/F_lamM1p0_lamF0p5_v2lowFA_pgd20_pgd_predictions_test_epsilon_0_03.csv,predictions,9a409adc5451bae45d52adf208e5517995a633a1e1271e32551cd5fa43578aec,40547,unknown,none,test-descriptive,path:convention,test,unmapped,no,not-a-figure-or-table-float,yes
results/safety_guided_defense/variantF_motion_margin/seed42/test_eval/F_lamM1p0_lamF0p5_v2lowFA_pgd20_pgd_safety_metrics_legacy_epsilon_0_03.csv,csv,5ee283e20f4fd799376cd84abc22901355d91518cc6acf5d3feb803459eae8ed,479,unknown,none,diagnostic-internal,default,none,unmapped,no,not-a-figure-or-table-float,yes
results/safety_guided_defense/variantF_motion_margin/seed42/test_eval/F_lamM1p0_lamF0p5_v2lowFA_pgd20_pgd_safety_metrics_test_epsilon_0_03.csv,csv,8f2224fb253431b5a52895750b3406ad405269bb0e8a4982e533b2047bfc6089,477,unknown,none,test-descriptive,ledger:test,test,unmapped,no,not-a-figure-or-table-float,yes
results/safety_guided_defense/variantF_motion_margin/seed42/test_eval/F_lamM1p0_lamF0p5_v2lowFA_pgd_epsilon_sweep_legacy.csv,csv,a83aa3708a6ce30cccd30ea216556533ff5e1659b0fd9aabb8d9c9dc55f47bdd,2628,unknown,none,diagnostic-internal,default,none,unmapped,no,not-a-figure-or-table-float,yes
results/safety_guided_defense/variantF_motion_margin/seed42/test_eval/F_lamM1p0_lamF0p5_v2lowFA_pgd_epsilon_sweep_test.csv,csv,e721c22ecef1f5fb88248daaaa858c02057385a50e18c56e049fb809f3b7d89c,2589,unknown,none,test-descriptive,ledger:test,test,unmapped,no,not-a-figure-or-table-float,yes
results/safety_guided_defense/variantF_motion_margin/seed42/test_eval/F_lamM1p0_lamF0p5_v2lowFA_pgd_predictions_legacy_epsilon_0_03.csv,predictions,4fb8f18e7e83fd93e5032303f8d89fb8509005f6edda3e922f7c8ae9e16496b7,80358,unknown,none,diagnostic-internal,default,none,unmapped,no,not-a-figure-or-table-float,yes
results/safety_guided_defense/variantF_motion_margin/seed42/test_eval/F_lamM1p0_lamF0p5_v2lowFA_pgd_predictions_test_epsilon_0_03.csv,predictions,dccd426236392358d6c04d5bf10e5f8cb54213b3f7abf78720ede1a9923fc963,40421,unknown,none,test-descriptive,path:convention,test,unmapped,no,not-a-figure-or-table-float,yes
results/safety_guided_defense/variantF_motion_margin/seed42/test_eval/F_lamM1p0_lamF0p5_v2lowFA_pgd_probabilities_test_epsilon_0_03.csv,predictions,25c537667823a69b5cc46d0760c1ca1a83047d1a0e01a608f39b2125cffff723,92964,scripts/analysis/plot_d1_d12_recall_far.py,literal,test-post-hoc,ledger:test+post_hoc,test,unmapped,no,not-a-figure-or-table-float,yes
results/safety_guided_defense/variantF_motion_margin/seed42/test_eval/F_lamM1p0_lamF0p5_v2lowFA_pgd_safety_metrics_legacy_epsilon_0_03.csv,csv,b97d2eb3f70f9506060f4b9c2ec8d91083a6dd301ca1bb3b799967e141bacebe,479,unknown,none,diagnostic-internal,default,none,unmapped,no,not-a-figure-or-table-float,yes
results/safety_guided_defense/variantF_motion_margin/seed42/test_eval/F_lamM1p0_lamF0p5_v2lowFA_pgd_safety_metrics_test_epsilon_0_03.csv,csv,761d201501949b49c3224b02f35fa535c4c87916c123a95daf5450057de1341b,477,unknown,none,test-descriptive,ledger:test,test,unmapped,no,not-a-figure-or-table-float,yes
results/safety_guided_defense/variantF_motion_margin/seed42/test_eval/F_lamM1p0_lamF0p5_v2lowFA_pgd_sweep_predictions_legacy.csv,predictions,a8969adc217a906cfae7172d0a8532a0c46bd637873a5f4d2b233b2ad6ba797b,1438731,unknown,none,diagnostic-internal,default,none,unmapped,no,not-a-figure-or-table-float,yes
results/safety_guided_defense/variantF_motion_margin/seed42/test_eval/F_lamM1p0_lamF0p5_v2lowFA_pgd_sweep_predictions_test.csv,predictions,9bf4e31c490d5077bb8d93dc3034d433d73e4c8955226b76cafe5bf04c40247a,720602,unknown,none,test-descriptive,ledger:test,test,unmapped,no,not-a-figure-or-table-float,yes
results/safety_guided_defense/variantF_motion_margin/seed42/test_eval/F_lamM1p0_lamF0p5_v2lowFA_sweep_metadata.json,metadata,d636d89d67cc3e3ee2c5e43ddfee6bc734f48542abb31bf5819bad0b3575ced1,4101,unknown,none,diagnostic-internal,default,none,unmapped,no,not-a-figure-or-table-float,yes
results/safety_guided_defense/variantF_motion_margin/seed42/test_eval/F_lamM1p0_lamF0p5_v2safety_attacks_metadata.json,metadata,fcf09cdd8d995a5ab437e408e3acb793170ede9438964198589e254e4a0cf7f8,6327,unknown,none,diagnostic-internal,default,none,unmapped,no,not-a-figure-or-table-float,yes
results/safety_guided_defense/variantF_motion_margin/seed42/test_eval/F_lamM1p0_lamF0p5_v2safety_clean_probabilities_test_epsilon_0_03.csv,predictions,44ba104f9c15fa94d72fe968306281e42e7f0c544b1ac01ff8ec6acc349ae443,93820,unknown,none,test-post-hoc,ledger:test+post_hoc,test,unmapped,no,not-a-figure-or-table-float,yes
results/safety_guided_defense/variantF_motion_margin/seed42/test_eval/F_lamM1p0_lamF0p5_v2safety_fgsm_epsilon_sweep_legacy.csv,csv,a297c363bb11b6bcdde58aca7a7c7abfb70403abbd9b81dcdd3b2515f1b77ead,2604,unknown,none,diagnostic-internal,default,none,unmapped,no,not-a-figure-or-table-float,yes
results/safety_guided_defense/variantF_motion_margin/seed42/test_eval/F_lamM1p0_lamF0p5_v2safety_fgsm_epsilon_sweep_test.csv,csv,ceaf260363958d83da5addc9b41474c995c3bfed7fa0e4cea33c846425483804,2552,unknown,none,test-descriptive,ledger:test,test,unmapped,no,not-a-figure-or-table-float,yes
results/safety_guided_defense/variantF_motion_margin/seed42/test_eval/F_lamM1p0_lamF0p5_v2safety_fgsm_predictions_legacy_epsilon_0_03.csv,predictions,59c6d13d48f833b9e64b335941dc16b5e858a9d6091511a16288ecc67576bb1b,67875,unknown,none,diagnostic-internal,default,none,unmapped,no,not-a-figure-or-table-float,yes
results/safety_guided_defense/variantF_motion_margin/seed42/test_eval/F_lamM1p0_lamF0p5_v2safety_fgsm_predictions_test_epsilon_0_03.csv,predictions,895ebf2bab2d4c5d3b84c37da7008e4dab556c9e1a32625d0237e1907e6e1a27,34144,unknown,none,test-descriptive,path:convention,test,unmapped,no,not-a-figure-or-table-float,yes
results/safety_guided_defense/variantF_motion_margin/seed42/test_eval/F_lamM1p0_lamF0p5_v2safety_fgsm_probabilities_test_epsilon_0_03.csv,predictions,2fa61de3ac4543c0c49f434783332d8a7177bfd79805f5a10e63871480710fef,93361,unknown,none,test-post-hoc,ledger:test+post_hoc,test,unmapped,no,not-a-figure-or-table-float,yes
results/safety_guided_defense/variantF_motion_margin/seed42/test_eval/F_lamM1p0_lamF0p5_v2safety_fgsm_safety_metrics_legacy_epsilon_0_03.csv,csv,53ace43842c26e1cb7ff021d833253e619cb92440f9f65a828b84716829f8907,479,unknown,none,diagnostic-internal,default,none,unmapped,no,not-a-figure-or-table-float,yes
results/safety_guided_defense/variantF_motion_margin/seed42/test_eval/F_lamM1p0_lamF0p5_v2safety_fgsm_safety_metrics_test_epsilon_0_03.csv,csv,57d399af5e287ae6fdc9a8594399352f2ace148e8fb450b8bff846237a3071e8,476,unknown,none,test-descriptive,ledger:test,test,unmapped,no,not-a-figure-or-table-float,yes
results/safety_guided_defense/variantF_motion_margin/seed42/test_eval/F_lamM1p0_lamF0p5_v2safety_fgsm_sweep_predictions_legacy.csv,predictions,c9333b3c9f464f72e821572d806da393cd9c7c7d2b14d3790c2907f66dbb8140,1215901,unknown,none,diagnostic-internal,default,none,unmapped,no,not-a-figure-or-table-float,yes
results/safety_guided_defense/variantF_motion_margin/seed42/test_eval/F_lamM1p0_lamF0p5_v2safety_fgsm_sweep_predictions_test.csv,predictions,a2ffea897f219a862b1989d12b5eab8b4fd73e25a18784f19a37b47bdcb4d7d1,608917,unknown,none,test-descriptive,ledger:test,test,unmapped,no,not-a-figure-or-table-float,yes
results/safety_guided_defense/variantF_motion_margin/seed42/test_eval/F_lamM1p0_lamF0p5_v2safety_pgd20_attacks_metadata.json,metadata,5e706f7ec6913e98aa72106909367f0dff599c2df198718ed9c724ddf39a59b7,3996,unknown,none,diagnostic-internal,default,none,unmapped,no,not-a-figure-or-table-float,yes
results/safety_guided_defense/variantF_motion_margin/seed42/test_eval/F_lamM1p0_lamF0p5_v2safety_pgd20_pgd_predictions_legacy_epsilon_0_03.csv,predictions,db902cb3314a0927f9a666946c779e7d656ff46bbbb9231b30cef028a32fbd16,80028,unknown,none,diagnostic-internal,default,none,unmapped,no,not-a-figure-or-table-float,yes
results/safety_guided_defense/variantF_motion_margin/seed42/test_eval/F_lamM1p0_lamF0p5_v2safety_pgd20_pgd_predictions_test_epsilon_0_03.csv,predictions,d3983bfd4ef2a23867980f0b9b392891dcf773036f42b6b2bcf4252f71a25f49,40259,unknown,none,test-descriptive,path:convention,test,unmapped,no,not-a-figure-or-table-float,yes
results/safety_guided_defense/variantF_motion_margin/seed42/test_eval/F_lamM1p0_lamF0p5_v2safety_pgd20_pgd_safety_metrics_legacy_epsilon_0_03.csv,csv,df8791b977e0e05af0c541926022a339095112bba9afd759493a6b6a9eea6773,482,unknown,none,diagnostic-internal,default,none,unmapped,no,not-a-figure-or-table-float,yes
results/safety_guided_defense/variantF_motion_margin/seed42/test_eval/F_lamM1p0_lamF0p5_v2safety_pgd20_pgd_safety_metrics_test_epsilon_0_03.csv,csv,374f12bd0ad75cc413e5db662f549cff355475fc4459f2e13663ab1e74d914bb,480,unknown,none,test-descriptive,ledger:test,test,unmapped,no,not-a-figure-or-table-float,yes
results/safety_guided_defense/variantF_motion_margin/seed42/test_eval/F_lamM1p0_lamF0p5_v2safety_pgd_epsilon_sweep_legacy.csv,csv,145c04b1673d8da6b4b1b9641e79ede70c34fc648a4a0963d7f10f2ffe126255,2657,unknown,none,diagnostic-internal,default,none,unmapped,no,not-a-figure-or-table-float,yes
results/safety_guided_defense/variantF_motion_margin/seed42/test_eval/F_lamM1p0_lamF0p5_v2safety_pgd_epsilon_sweep_test.csv,csv,d5237b11c9ed553c547ff08eabbee839a64552c841f05cb7fdcab48c82302da0,2609,unknown,none,test-descriptive,ledger:test,test,unmapped,no,not-a-figure-or-table-float,yes
results/safety_guided_defense/variantF_motion_margin/seed42/test_eval/F_lamM1p0_lamF0p5_v2safety_pgd_predictions_legacy_epsilon_0_03.csv,predictions,c2be7a407b8852c3332071bb944d652f564e9d56590e02abceb694eaf81c565e,79982,unknown,none,diagnostic-internal,default,none,unmapped,no,not-a-figure-or-table-float,yes
results/safety_guided_defense/variantF_motion_margin/seed42/test_eval/F_lamM1p0_lamF0p5_v2safety_pgd_predictions_test_epsilon_0_03.csv,predictions,58f4500bc4df519c58706f5b528db2e302814b5d2a6500188d92dc6e26f20d3b,40244,unknown,none,test-descriptive,path:convention,test,unmapped,no,not-a-figure-or-table-float,yes
results/safety_guided_defense/variantF_motion_margin/seed42/test_eval/F_lamM1p0_lamF0p5_v2safety_pgd_probabilities_test_epsilon_0_03.csv,predictions,16c47e8da311f6f94a18a00819b919f48ac4b12277e67ad66571394b29f611bd,92932,unknown,none,test-post-hoc,ledger:test+post_hoc,test,unmapped,no,not-a-figure-or-table-float,yes
results/safety_guided_defense/variantF_motion_margin/seed42/test_eval/F_lamM1p0_lamF0p5_v2safety_pgd_safety_metrics_legacy_epsilon_0_03.csv,csv,782db437feaf80d31b92b390e970faa5286e4dfb2a38a71eff56382116bcc55e,482,unknown,none,diagnostic-internal,default,none,unmapped,no,not-a-figure-or-table-float,yes
results/safety_guided_defense/variantF_motion_margin/seed42/test_eval/F_lamM1p0_lamF0p5_v2safety_pgd_safety_metrics_test_epsilon_0_03.csv,csv,13409ce388df2cdf081c582ff25e465ac3fb0373994cebe4148b2bf44b1e8a47,480,unknown,none,test-descriptive,ledger:test,test,unmapped,no,not-a-figure-or-table-float,yes
results/safety_guided_defense/variantF_motion_margin/seed42/test_eval/F_lamM1p0_lamF0p5_v2safety_pgd_sweep_predictions_legacy.csv,predictions,e097d648e64507330a14c5105e2c74e662a7acb95611de86b2d2b2d0d0470600,1433637,unknown,none,diagnostic-internal,default,none,unmapped,no,not-a-figure-or-table-float,yes
results/safety_guided_defense/variantF_motion_margin/seed42/test_eval/F_lamM1p0_lamF0p5_v2safety_pgd_sweep_predictions_test.csv,predictions,7ce0c4126720ddb6e32b8f7e9bca1615636cc72bdfe1c7e1864716261ef08ab3,718240,unknown,none,test-descriptive,ledger:test,test,unmapped,no,not-a-figure-or-table-float,yes
results/safety_guided_defense/variantF_motion_margin/seed42/test_eval/F_lamM1p0_lamF0p5_v2safety_sweep_metadata.json,metadata,06578768246336b3f44cde7da04be5c989a13f2e375ea7cbf881ec9f4c41810c,4111,unknown,none,diagnostic-internal,default,none,unmapped,no,not-a-figure-or-table-float,yes
results/safety_guided_defense/variantF_motion_margin/seed42/test_eval/F_lamM1p0_lamF1p0_v2lowFA_attacks_metadata.json,metadata,d9ff70346aaf4e36221118fa6aac968b6c6f16a82ae5740013014aaf77e1d96a,6304,unknown,none,diagnostic-internal,default,none,unmapped,no,not-a-figure-or-table-float,yes
results/safety_guided_defense/variantF_motion_margin/seed42/test_eval/F_lamM1p0_lamF1p0_v2lowFA_clean_probabilities_test_epsilon_0_03.csv,predictions,05183df111787b194dfa95e23514ae0785ec34c6472ce7bba90f473e1a7d30e1,93802,unknown,none,test-post-hoc,ledger:test+post_hoc,test,unmapped,no,not-a-figure-or-table-float,yes
results/safety_guided_defense/variantF_motion_margin/seed42/test_eval/F_lamM1p0_lamF1p0_v2lowFA_fgsm_epsilon_sweep_legacy.csv,csv,82de77ff6394c9b728ec66ff64b02c0619971df15be8598b48ebc2085e2a5f9f,2578,unknown,none,diagnostic-internal,default,none,unmapped,no,not-a-figure-or-table-float,yes
results/safety_guided_defense/variantF_motion_margin/seed42/test_eval/F_lamM1p0_lamF1p0_v2lowFA_fgsm_epsilon_sweep_test.csv,csv,997f611222ba092a3177408152bf9c5620ea80375a758618be98788504ff1121,2539,unknown,none,test-descriptive,ledger:test,test,unmapped,no,not-a-figure-or-table-float,yes
results/safety_guided_defense/variantF_motion_margin/seed42/test_eval/F_lamM1p0_lamF1p0_v2lowFA_fgsm_predictions_legacy_epsilon_0_03.csv,predictions,df78791acb5e13b460dd8c284dc7ad3e053ccb3b1780a6543559fc3a91614c0d,67220,unknown,none,diagnostic-internal,default,none,unmapped,no,not-a-figure-or-table-float,yes
results/safety_guided_defense/variantF_motion_margin/seed42/test_eval/F_lamM1p0_lamF1p0_v2lowFA_fgsm_predictions_test_epsilon_0_03.csv,predictions,d11a5fcc2ba718e30563cd2143d778b37d81ae12f339ec4d798285c2ef1759bc,33837,unknown,none,test-descriptive,path:convention,test,unmapped,no,not-a-figure-or-table-float,yes
results/safety_guided_defense/variantF_motion_margin/seed42/test_eval/F_lamM1p0_lamF1p0_v2lowFA_fgsm_probabilities_test_epsilon_0_03.csv,predictions,34b6fdbc05f7e4f0b1db62cede9cb7dc27e509f348a7765c6d26a8ca95620bad,93218,unknown,none,test-post-hoc,ledger:test+post_hoc,test,unmapped,no,not-a-figure-or-table-float,yes
results/safety_guided_defense/variantF_motion_margin/seed42/test_eval/F_lamM1p0_lamF1p0_v2lowFA_fgsm_safety_metrics_legacy_epsilon_0_03.csv,csv,6bd9129a7612dc1b09f56d4ac56e7cbbdfae00710d0737a80e2d30c90de393c4,477,unknown,none,diagnostic-internal,default,none,unmapped,no,not-a-figure-or-table-float,yes
results/safety_guided_defense/variantF_motion_margin/seed42/test_eval/F_lamM1p0_lamF1p0_v2lowFA_fgsm_safety_metrics_test_epsilon_0_03.csv,csv,fd767564fa0fa5d6c07ed337b86a7594b666ac2ad9748aceac56043871e25b36,475,unknown,none,test-descriptive,ledger:test,test,unmapped,no,not-a-figure-or-table-float,yes
results/safety_guided_defense/variantF_motion_margin/seed42/test_eval/F_lamM1p0_lamF1p0_v2lowFA_fgsm_sweep_predictions_legacy.csv,predictions,e45f2e5c96289bec985125c082cbfa6d60b95bb39569fd9c1e1f8d2a4fdbe508,1205224,unknown,none,diagnostic-internal,default,none,unmapped,no,not-a-figure-or-table-float,yes
results/safety_guided_defense/variantF_motion_margin/seed42/test_eval/F_lamM1p0_lamF1p0_v2lowFA_fgsm_sweep_predictions_test.csv,predictions,760ff29130759f42d2a616175c40bfd4568c6cbfa9768456df24458c3a56d5cf,603624,unknown,none,test-descriptive,ledger:test,test,unmapped,no,not-a-figure-or-table-float,yes
results/safety_guided_defense/variantF_motion_margin/seed42/test_eval/F_lamM1p0_lamF1p0_v2lowFA_pgd20_attacks_metadata.json,metadata,697071c001acd34ee8afe0c6c69d0dc150bde3f83d5059b2b8ad7c0d5cb466d8,4025,unknown,none,diagnostic-internal,default,none,unmapped,no,not-a-figure-or-table-float,yes
results/safety_guided_defense/variantF_motion_margin/seed42/test_eval/F_lamM1p0_lamF1p0_v2lowFA_pgd20_pgd_predictions_legacy_epsilon_0_03.csv,predictions,e026bcda4680be3a4313d2fef5c739878d357a55ce8bb7c7269b6501a296698b,79297,unknown,none,diagnostic-internal,default,none,unmapped,no,not-a-figure-or-table-float,yes
results/safety_guided_defense/variantF_motion_margin/seed42/test_eval/F_lamM1p0_lamF1p0_v2lowFA_pgd20_pgd_predictions_test_epsilon_0_03.csv,predictions,8ec4393f06984c7f1834be4a9e93368a73bd65b547393c74f9a7a1cd2c889dc5,39903,unknown,none,test-descriptive,path:convention,test,unmapped,no,not-a-figure-or-table-float,yes
results/safety_guided_defense/variantF_motion_margin/seed42/test_eval/F_lamM1p0_lamF1p0_v2lowFA_pgd20_pgd_safety_metrics_legacy_epsilon_0_03.csv,csv,fa548b6e9e3afe3c8ef3efb85310bc0a88b4d8c4188602a648a81005214be26d,482,unknown,none,diagnostic-internal,default,none,unmapped,no,not-a-figure-or-table-float,yes
results/safety_guided_defense/variantF_motion_margin/seed42/test_eval/F_lamM1p0_lamF1p0_v2lowFA_pgd20_pgd_safety_metrics_test_epsilon_0_03.csv,csv,bc6d47f7108eec0f8a2360b105e496038daa0aaaac1880511332cb633f1c9696,477,unknown,none,test-descriptive,ledger:test,test,unmapped,no,not-a-figure-or-table-float,yes
results/safety_guided_defense/variantF_motion_margin/seed42/test_eval/F_lamM1p0_lamF1p0_v2lowFA_pgd_epsilon_sweep_legacy.csv,csv,3d7c3221298809435bc7c64ec3bd30e406e81f76c6200b270aa669af3ad6d0d9,2646,unknown,none,diagnostic-internal,default,none,unmapped,no,not-a-figure-or-table-float,yes
results/safety_guided_defense/variantF_motion_margin/seed42/test_eval/F_lamM1p0_lamF1p0_v2lowFA_pgd_epsilon_sweep_test.csv,csv,ac8d803171e7e8b87bac5c18bfc61f9ec8d2a5734fd43455df315358c602d78c,2591,unknown,none,test-descriptive,ledger:test,test,unmapped,no,not-a-figure-or-table-float,yes
results/safety_guided_defense/variantF_motion_margin/seed42/test_eval/F_lamM1p0_lamF1p0_v2lowFA_pgd_predictions_legacy_epsilon_0_03.csv,predictions,49366d0f7041ca097d747a77a5187c5b50ca3a9ae27865c0e6d20f87acdd3255,79276,unknown,none,diagnostic-internal,default,none,unmapped,no,not-a-figure-or-table-float,yes
results/safety_guided_defense/variantF_motion_margin/seed42/test_eval/F_lamM1p0_lamF1p0_v2lowFA_pgd_predictions_test_epsilon_0_03.csv,predictions,c6f4dbfb95cdcdd7c49f2b684a3aa883e8a6f565b14cd247ab517123ae8f71b8,39903,unknown,none,test-descriptive,path:convention,test,unmapped,no,not-a-figure-or-table-float,yes
results/safety_guided_defense/variantF_motion_margin/seed42/test_eval/F_lamM1p0_lamF1p0_v2lowFA_pgd_probabilities_test_epsilon_0_03.csv,predictions,29be6f53f16c464b0c164bb01a47b06ca4251e780a824082de67003af0760c30,92769,unknown,none,test-post-hoc,ledger:test+post_hoc,test,unmapped,no,not-a-figure-or-table-float,yes
results/safety_guided_defense/variantF_motion_margin/seed42/test_eval/F_lamM1p0_lamF1p0_v2lowFA_pgd_safety_metrics_legacy_epsilon_0_03.csv,csv,1d0ea40a31588d91916bf9aeb6467c3b1454d777ba496ce9eee690464d1ca456,482,unknown,none,diagnostic-internal,default,none,unmapped,no,not-a-figure-or-table-float,yes
results/safety_guided_defense/variantF_motion_margin/seed42/test_eval/F_lamM1p0_lamF1p0_v2lowFA_pgd_safety_metrics_test_epsilon_0_03.csv,csv,7365b089f06f8d428c4d468bfcbb3ebe7041374426ab06a57656edd1b3478b7e,477,unknown,none,test-descriptive,ledger:test,test,unmapped,no,not-a-figure-or-table-float,yes
results/safety_guided_defense/variantF_motion_margin/seed42/test_eval/F_lamM1p0_lamF1p0_v2lowFA_pgd_sweep_predictions_legacy.csv,predictions,4a2ced5546634e254ecfc6cd2862752ddd97f0c48454a207ffbcc944df0e5394,1422214,unknown,none,diagnostic-internal,default,none,unmapped,no,not-a-figure-or-table-float,yes
results/safety_guided_defense/variantF_motion_margin/seed42/test_eval/F_lamM1p0_lamF1p0_v2lowFA_pgd_sweep_predictions_test.csv,predictions,21cb6e08a5a4a280aa0b1d9f07f187649d0b20531876d811b6473e4b665fa1ff,712700,unknown,none,test-descriptive,ledger:test,test,unmapped,no,not-a-figure-or-table-float,yes
results/safety_guided_defense/variantF_motion_margin/seed42/test_eval/F_lamM1p0_lamF1p0_v2lowFA_sweep_metadata.json,metadata,51b13d8d6e1ba8ec0275e791ed2bc83a1aea2a89f9ab9023f5840483fab4fd6f,4095,unknown,none,diagnostic-internal,default,none,unmapped,no,not-a-figure-or-table-float,yes
results/safety_guided_defense/variantF_motion_margin/seed42/test_eval/F_lamM1p0_lamF1p0_v2safety_attacks_metadata.json,metadata,798b636f647e10403fde4aa1dd89c43a8581b4a34e3891508bb77a378ce419f0,6330,unknown,none,diagnostic-internal,default,none,unmapped,no,not-a-figure-or-table-float,yes
results/safety_guided_defense/variantF_motion_margin/seed42/test_eval/F_lamM1p0_lamF1p0_v2safety_clean_probabilities_test_epsilon_0_03.csv,predictions,bb0fc387f49edc42e12009c71b5a44ff16d5f1b524bbbb3257760c095e680a77,93859,unknown,none,test-post-hoc,ledger:test+post_hoc,test,unmapped,no,not-a-figure-or-table-float,yes
results/safety_guided_defense/variantF_motion_margin/seed42/test_eval/F_lamM1p0_lamF1p0_v2safety_fgsm_epsilon_sweep_legacy.csv,csv,1035c32dd1cc7c74b005b25dfb107defbc30206b43bbb655972fae3f16f0125b,2602,unknown,none,diagnostic-internal,default,none,unmapped,no,not-a-figure-or-table-float,yes
results/safety_guided_defense/variantF_motion_margin/seed42/test_eval/F_lamM1p0_lamF1p0_v2safety_fgsm_epsilon_sweep_test.csv,csv,849d439ed5ced82d8d3359984f79c4f0b49e7ffb4acb22d3916bae378147eec3,2543,unknown,none,test-descriptive,ledger:test,test,unmapped,no,not-a-figure-or-table-float,yes
results/safety_guided_defense/variantF_motion_margin/seed42/test_eval/F_lamM1p0_lamF1p0_v2safety_fgsm_predictions_legacy_epsilon_0_03.csv,predictions,ff75433a858f8228ca7429db6c68e6acb08f17f211a40bc7925a554d8136477d,67619,unknown,none,diagnostic-internal,default,none,unmapped,no,not-a-figure-or-table-float,yes
results/safety_guided_defense/variantF_motion_margin/seed42/test_eval/F_lamM1p0_lamF1p0_v2safety_fgsm_predictions_test_epsilon_0_03.csv,predictions,c6dd3141289f7243cf5922497dfd30b96bf4fffc8b66ec4015b9f5af9b70b6aa,34033,unknown,none,test-descriptive,path:convention,test,unmapped,no,not-a-figure-or-table-float,yes
results/safety_guided_defense/variantF_motion_margin/seed42/test_eval/F_lamM1p0_lamF1p0_v2safety_fgsm_probabilities_test_epsilon_0_03.csv,predictions,b18a51101a417dd70048cdcf6c44f6bfbb19faaea6f9c57e38ae2ac31367a894,93316,unknown,none,test-post-hoc,ledger:test+post_hoc,test,unmapped,no,not-a-figure-or-table-float,yes
results/safety_guided_defense/variantF_motion_margin/seed42/test_eval/F_lamM1p0_lamF1p0_v2safety_fgsm_safety_metrics_legacy_epsilon_0_03.csv,csv,f95fe9b3924f46990f6a9497e25373d54ba395d47935333e1a36ef6ca6097abe,479,unknown,none,diagnostic-internal,default,none,unmapped,no,not-a-figure-or-table-float,yes
results/safety_guided_defense/variantF_motion_margin/seed42/test_eval/F_lamM1p0_lamF1p0_v2safety_fgsm_safety_metrics_test_epsilon_0_03.csv,csv,09cf18efb4c059758e3eeedee19c303ea383cba5317d20b79c28cdabc8652911,474,unknown,none,test-descriptive,ledger:test,test,unmapped,no,not-a-figure-or-table-float,yes
results/safety_guided_defense/variantF_motion_margin/seed42/test_eval/F_lamM1p0_lamF1p0_v2safety_fgsm_sweep_predictions_legacy.csv,predictions,12015e72b64b5f9f5cf12f0e1915e9b36b27c5dda8ab68053bcb6babb865dcd3,1212014,unknown,none,diagnostic-internal,default,none,unmapped,no,not-a-figure-or-table-float,yes
results/safety_guided_defense/variantF_motion_margin/seed42/test_eval/F_lamM1p0_lamF1p0_v2safety_fgsm_sweep_predictions_test.csv,predictions,7f38653067cb0688c3c378fb435ebdab08ccba9e45292dc06cf372b2eac7c66c,607193,unknown,none,test-descriptive,ledger:test,test,unmapped,no,not-a-figure-or-table-float,yes
results/safety_guided_defense/variantF_motion_margin/seed42/test_eval/F_lamM1p0_lamF1p0_v2safety_pgd20_attacks_metadata.json,metadata,003ce17a963c12c5c33ec6f4d7d51720c08de07b3c6b850ced2ec04b13a3dbea,4041,unknown,none,diagnostic-internal,default,none,unmapped,no,not-a-figure-or-table-float,yes
results/safety_guided_defense/variantF_motion_margin/seed42/test_eval/F_lamM1p0_lamF1p0_v2safety_pgd20_pgd_predictions_legacy_epsilon_0_03.csv,predictions,784c27ac1852d8085e272435e346881d4194aeb99571bf032b55ea9bc8c49e7b,79817,unknown,none,diagnostic-internal,default,none,unmapped,no,not-a-figure-or-table-float,yes
results/safety_guided_defense/variantF_motion_margin/seed42/test_eval/F_lamM1p0_lamF1p0_v2safety_pgd20_pgd_predictions_test_epsilon_0_03.csv,predictions,45e65f5748ea2d1da6c937393c6394c883a2ce6f4849559783da0e1d1c350740,40155,unknown,none,test-descriptive,path:convention,test,unmapped,no,not-a-figure-or-table-float,yes
results/safety_guided_defense/variantF_motion_margin/seed42/test_eval/F_lamM1p0_lamF1p0_v2safety_pgd20_pgd_safety_metrics_legacy_epsilon_0_03.csv,csv,51f7ebdc7b774d0caa8dd69def591137c9a6f0f5015230e5540044dec5bb5d5f,482,unknown,none,diagnostic-internal,default,none,unmapped,no,not-a-figure-or-table-float,yes
results/safety_guided_defense/variantF_motion_margin/seed42/test_eval/F_lamM1p0_lamF1p0_v2safety_pgd20_pgd_safety_metrics_test_epsilon_0_03.csv,csv,8e8ae53aba4f263e13c61caa9e1188eee6919039e979e32db3f5cf9f8d381c09,480,unknown,none,test-descriptive,ledger:test,test,unmapped,no,not-a-figure-or-table-float,yes
results/safety_guided_defense/variantF_motion_margin/seed42/test_eval/F_lamM1p0_lamF1p0_v2safety_pgd_epsilon_sweep_legacy.csv,csv,df89b42b48b439dfb0f281a108cab2f5d4ba285279d2b9e9204d1e94d89fa87a,2657,unknown,none,diagnostic-internal,default,none,unmapped,no,not-a-figure-or-table-float,yes
results/safety_guided_defense/variantF_motion_margin/seed42/test_eval/F_lamM1p0_lamF1p0_v2safety_pgd_epsilon_sweep_test.csv,csv,69827ef14f38e738c6bfa0c58b53c23da69ce5955fc4bc7974c283bac3be8aed,2605,unknown,none,test-descriptive,ledger:test,test,unmapped,no,not-a-figure-or-table-float,yes
results/safety_guided_defense/variantF_motion_margin/seed42/test_eval/F_lamM1p0_lamF1p0_v2safety_pgd_predictions_legacy_epsilon_0_03.csv,predictions,d7b853e2973b69c5446159611f716f134197a8ddd01f44790bd2eb3ba7c1d474,79700,unknown,none,diagnostic-internal,default,none,unmapped,no,not-a-figure-or-table-float,yes
results/safety_guided_defense/variantF_motion_margin/seed42/test_eval/F_lamM1p0_lamF1p0_v2safety_pgd_predictions_test_epsilon_0_03.csv,predictions,759b9e6c9744d3f57b4fcd19862008ea53fb23032f0d2f63d215bf645ec16707,40111,unknown,none,test-descriptive,path:convention,test,unmapped,no,not-a-figure-or-table-float,yes
results/safety_guided_defense/variantF_motion_margin/seed42/test_eval/F_lamM1p0_lamF1p0_v2safety_pgd_probabilities_test_epsilon_0_03.csv,predictions,27f91446dfd5f1e42bcce3d0c9ab0b7695c96ac036ac52da916b57a167f317f6,92886,unknown,none,test-post-hoc,ledger:test+post_hoc,test,unmapped,no,not-a-figure-or-table-float,yes
results/safety_guided_defense/variantF_motion_margin/seed42/test_eval/F_lamM1p0_lamF1p0_v2safety_pgd_safety_metrics_legacy_epsilon_0_03.csv,csv,57fb7b264409ddc296b467ad410428012b8c5bb5daa85dc72b2baed0efe10bc2,482,unknown,none,diagnostic-internal,default,none,unmapped,no,not-a-figure-or-table-float,yes
results/safety_guided_defense/variantF_motion_margin/seed42/test_eval/F_lamM1p0_lamF1p0_v2safety_pgd_safety_metrics_test_epsilon_0_03.csv,csv,89208c15398d9ea13da535c7edd4c2430e5384ec24e9f2ab47504603c9c2a7a2,480,unknown,none,test-descriptive,ledger:test,test,unmapped,no,not-a-figure-or-table-float,yes
results/safety_guided_defense/variantF_motion_margin/seed42/test_eval/F_lamM1p0_lamF1p0_v2safety_pgd_sweep_predictions_legacy.csv,predictions,4754155646edfb212e48ce0fd12beaeeda34d80c5a27b6a62f70daacc955a828,1430281,unknown,none,diagnostic-internal,default,none,unmapped,no,not-a-figure-or-table-float,yes
results/safety_guided_defense/variantF_motion_margin/seed42/test_eval/F_lamM1p0_lamF1p0_v2safety_pgd_sweep_predictions_test.csv,predictions,865405f16f444f97dbb8c072be9f6ec25aa08deb4336ec422b66f50edbbb5d15,716635,scripts/analysis/plot_d1_d12_recall_far.py,literal,test-descriptive,ledger:test,test,unmapped,no,not-a-figure-or-table-float,yes
results/safety_guided_defense/variantF_motion_margin/seed42/test_eval/F_lamM1p0_lamF1p0_v2safety_sweep_metadata.json,metadata,e117afc5092261f1ef124c87f5ccc1284b1844e50310c28a369e31435858fb7a,4107,unknown,none,diagnostic-internal,default,none,unmapped,no,not-a-figure-or-table-float,yes
results/safety_guided_defense/variantF_motion_margin/seed42/variantF_seed42_comparison.csv,csv,416e8e4c1afaaec4659d023f49934deb6242f9e4c3acbb2b145fab55bb2e40e0,754,scripts/analyze_variantF.py,literal,diagnostic-internal,default,none,unmapped,no,not-a-figure-or-table-float,yes
results/safety_guided_defense/variantF_motion_margin/seed44/VARIANT_F_SEED44_VALIDATION_REPORT.md,report,f541b1e410e3dbd2bae195b877091a26e477bff539f65d044af3394e9fd89042,6556,unknown,none,diagnostic-internal,default,none,unmapped,no,not-a-figure-or-table-float,yes
results/safety_guided_defense/variantF_motion_margin/seed44/analysis/cost_curve.csv,csv,82b97371d0e55a5ed4a3d881db7caad1da4e15afbada3721fe911b4490391ff0,254,scripts/analyze_variantF.py,literal,diagnostic-internal,default,none,unmapped,no,not-a-figure-or-table-float,yes
results/safety_guided_defense/variantF_motion_margin/seed44/analysis/criteria_scorecard.csv,csv,d990da1befba2afe8605e9f9a84b9b2a691499194b519fc02310cc464488641a,352,scripts/analyze_variantF.py,literal,diagnostic-internal,default,none,unmapped,no,not-a-figure-or-table-float,yes
results/safety_guided_defense/variantF_motion_margin/seed44/analysis/logit_margin_geometry.csv,csv,1718a6037fb9747f461eadecc1353b4507d71c8a2febbcb6612f16293381f72c,166,scripts/analyze_variantF.py,literal,diagnostic-internal,default,none,unmapped,no,not-a-figure-or-table-float,yes
results/safety_guided_defense/variantF_motion_margin/seed44/analysis/seed44_variantF_margin_lamM1p0_lamF1p0_gm0p5_gf0p5_selection_candidates.csv,csv,403a38d502fe6a16242bdb0b1ad434b1ffa32ef8e2411a3b77cc9936bc75422b,286,unknown,none,diagnostic-internal,default,none,unmapped,no,not-a-figure-or-table-float,yes
results/safety_guided_defense/variantF_motion_margin/seed44/analysis/wilson_intervals.csv,csv,b2c03b86fbe70d891486978262ae5811d0f0affa19eaf31e7a2b3f55e1b34f72,228,scripts/analyze_variantF.py,literal,diagnostic-internal,default,none,unmapped,no,not-a-figure-or-table-float,yes
results/safety_guided_defense/variantF_motion_margin/seed44/figures/fig_pareto_seed44.png,figure,5da3cae4422886f6ff21aba8d1da34757b6fede02f508ce3a40193fe3b1e58a7,49642,scripts/analyze_variantF_seed44.py,literal,diagnostic-internal,default,none,unmapped,no,evidence-not-admissible;claim-not-approved,yes
results/safety_guided_defense/variantF_motion_margin/seed44/logs/seed44_variantF_margin_lamM1p0_lamF1p0_gm0p5_gf0p5_metadata.json,metadata,4abae90a1d14571ff9f0ccf448f1ae1b485ed4c3bc18b8eca3eaa9d079f1afd9,2130,unknown,none,diagnostic-internal,default,none,unmapped,no,not-a-figure-or-table-float,yes
results/safety_guided_defense/variantF_motion_margin/seed44/logs/seed44_variantF_margin_lamM1p0_lamF1p0_gm0p5_gf0p5_training_log.csv,csv,fbd2be1506a7de19a490c40dcafa73e088fc16b4ed75c8bb235784eb19e37124,8057,unknown,none,diagnostic-internal,default,none,unmapped,no,not-a-figure-or-table-float,yes
results/safety_guided_defense/variantF_motion_margin/seed44/metadata/F_lamM1p0_lamF1p0_v2lowFA_attacks_metadata.json,metadata,d7706365e335b044f743cf1574bda7837a10befb774781793098a5aa454badd1,6300,unknown,none,diagnostic-internal,default,none,unmapped,no,not-a-figure-or-table-float,yes
results/safety_guided_defense/variantF_motion_margin/seed44/metadata/F_lamM1p0_lamF1p0_v2lowFA_pgd20_attacks_metadata.json,metadata,69886978164753678ede0320b4e10d09357b736ae67faca8fb60aababfadbf39,4017,unknown,none,diagnostic-internal,default,none,unmapped,no,not-a-figure-or-table-float,yes
results/safety_guided_defense/variantF_motion_margin/seed44/metadata/F_lamM1p0_lamF1p0_v2safety_attacks_metadata.json,metadata,fa1ed3dcf4d8758151892375bd3e749381313bdb89d8a9b76f4593943e0d2094,6275,unknown,none,diagnostic-internal,default,none,unmapped,no,not-a-figure-or-table-float,yes
results/safety_guided_defense/variantF_motion_margin/seed44/metadata/F_lamM1p0_lamF1p0_v2safety_pgd20_attacks_metadata.json,metadata,20be9776610e21dabdd67c23204805efb4e93d678621d815958d298175e46c4e,4039,unknown,none,diagnostic-internal,default,none,unmapped,no,not-a-figure-or-table-float,yes
results/safety_guided_defense/variantF_motion_margin/seed44/metadata/seed44_variantF_margin_lamM1p0_lamF1p0_gm0p5_gf0p5_metadata.json,metadata,4abae90a1d14571ff9f0ccf448f1ae1b485ed4c3bc18b8eca3eaa9d079f1afd9,2130,unknown,none,diagnostic-internal,default,none,unmapped,no,not-a-figure-or-table-float,yes
results/safety_guided_defense/variantF_motion_margin/seed44/test_eval/F_lamM1p0_lamF1p0_v2lowFA_attacks_metadata.json,metadata,d7706365e335b044f743cf1574bda7837a10befb774781793098a5aa454badd1,6300,unknown,none,diagnostic-internal,default,none,unmapped,no,not-a-figure-or-table-float,yes
results/safety_guided_defense/variantF_motion_margin/seed44/test_eval/F_lamM1p0_lamF1p0_v2lowFA_clean_probabilities_test_epsilon_0_03.csv,predictions,8228656826073758e48e5376266b8f652a2724324f0b6ae08e17cb3c09243660,93957,unknown,none,test-post-hoc,ledger:test+post_hoc,test,unmapped,no,not-a-figure-or-table-float,yes
results/safety_guided_defense/variantF_motion_margin/seed44/test_eval/F_lamM1p0_lamF1p0_v2lowFA_fgsm_epsilon_sweep_legacy.csv,csv,5f226e15d1c5727781e4462f3ee403aa6023093841fdabab015a8e8aacd90c9a,2578,unknown,none,diagnostic-internal,default,none,unmapped,no,not-a-figure-or-table-float,yes
results/safety_guided_defense/variantF_motion_margin/seed44/test_eval/F_lamM1p0_lamF1p0_v2lowFA_fgsm_epsilon_sweep_test.csv,csv,c97703f7aaec79c8accc4628af48d826d64dc121ea7091535b251f8f603c9631,2537,unknown,none,test-descriptive,ledger:test,test,unmapped,no,not-a-figure-or-table-float,yes
results/safety_guided_defense/variantF_motion_margin/seed44/test_eval/F_lamM1p0_lamF1p0_v2lowFA_fgsm_predictions_legacy_epsilon_0_03.csv,predictions,a0595731ed7d5f66711cff4ea88acc2870f4c5cce80122b4d3fc078ebe07b57e,67836,unknown,none,diagnostic-internal,default,none,unmapped,no,not-a-figure-or-table-float,yes
results/safety_guided_defense/variantF_motion_margin/seed44/test_eval/F_lamM1p0_lamF1p0_v2lowFA_fgsm_predictions_test_epsilon_0_03.csv,predictions,c63d459ab80d78f4f76e51a232dccf2e00d753b3b043091bfb4301b6f40a8e0f,34128,unknown,none,test-descriptive,path:convention,test,unmapped,no,not-a-figure-or-table-float,yes
results/safety_guided_defense/variantF_motion_margin/seed44/test_eval/F_lamM1p0_lamF1p0_v2lowFA_fgsm_probabilities_test_epsilon_0_03.csv,predictions,7704b05736b271993e7c7bc8af38da8b310aef7c559c33c516d03d927d263527,93524,unknown,none,test-post-hoc,ledger:test+post_hoc,test,unmapped,no,not-a-figure-or-table-float,yes
results/safety_guided_defense/variantF_motion_margin/seed44/test_eval/F_lamM1p0_lamF1p0_v2lowFA_fgsm_safety_metrics_legacy_epsilon_0_03.csv,csv,54466c6ab4796af743c6605cec767af979d2ec6c0664abf9459a4aef3eb503bf,477,unknown,none,diagnostic-internal,default,none,unmapped,no,not-a-figure-or-table-float,yes
results/safety_guided_defense/variantF_motion_margin/seed44/test_eval/F_lamM1p0_lamF1p0_v2lowFA_fgsm_safety_metrics_test_epsilon_0_03.csv,csv,f45098f4ef4c8d5dbdb004c09fdf7bce99d1b5422624941b36e4c8519f15d2ef,475,unknown,none,test-descriptive,ledger:test,test,unmapped,no,not-a-figure-or-table-float,yes
results/safety_guided_defense/variantF_motion_margin/seed44/test_eval/F_lamM1p0_lamF1p0_v2lowFA_fgsm_sweep_predictions_legacy.csv,predictions,95b3504af810a309566268ed981017e2e9b97431c7e1624e51580d56f6cc7fe7,1214491,unknown,none,diagnostic-internal,default,none,unmapped,no,not-a-figure-or-table-float,yes
results/safety_guided_defense/variantF_motion_margin/seed44/test_eval/F_lamM1p0_lamF1p0_v2lowFA_fgsm_sweep_predictions_test.csv,predictions,a0bd94a6c9f89b0587b313e29dd6150ed9b59c84c6031a90b15e5b413cd87bba,608080,unknown,none,test-descriptive,ledger:test,test,unmapped,no,not-a-figure-or-table-float,yes
results/safety_guided_defense/variantF_motion_margin/seed44/test_eval/F_lamM1p0_lamF1p0_v2lowFA_pgd20_attacks_metadata.json,metadata,69886978164753678ede0320b4e10d09357b736ae67faca8fb60aababfadbf39,4017,unknown,none,diagnostic-internal,default,none,unmapped,no,not-a-figure-or-table-float,yes
results/safety_guided_defense/variantF_motion_margin/seed44/test_eval/F_lamM1p0_lamF1p0_v2lowFA_pgd20_pgd_predictions_legacy_epsilon_0_03.csv,predictions,cc148e26f5dedadbbddb8ae7acef0f4f48bdf525d98cc1e5afa9b02d73bda47c,80071,unknown,none,diagnostic-internal,default,none,unmapped,no,not-a-figure-or-table-float,yes
results/safety_guided_defense/variantF_motion_margin/seed44/test_eval/F_lamM1p0_lamF1p0_v2lowFA_pgd20_pgd_predictions_test_epsilon_0_03.csv,predictions,0d7e75dc153db06551de088fe60b4b4c3b852f988a72cddcb3bc072e1b8690e7,40281,unknown,none,test-descriptive,path:convention,test,unmapped,no,not-a-figure-or-table-float,yes
results/safety_guided_defense/variantF_motion_margin/seed44/test_eval/F_lamM1p0_lamF1p0_v2lowFA_pgd20_pgd_safety_metrics_legacy_epsilon_0_03.csv,csv,525913540f161b70f6405a7df1728af91659d80f69acac30fb7a58694602435d,479,unknown,none,diagnostic-internal,default,none,unmapped,no,not-a-figure-or-table-float,yes
results/safety_guided_defense/variantF_motion_margin/seed44/test_eval/F_lamM1p0_lamF1p0_v2lowFA_pgd20_pgd_safety_metrics_test_epsilon_0_03.csv,csv,ed1a51ff2d5f031b101da97f26c8cff02a3b79b39f8ababe8b6078dc72aea495,477,unknown,none,test-descriptive,ledger:test,test,unmapped,no,not-a-figure-or-table-float,yes
results/safety_guided_defense/variantF_motion_margin/seed44/test_eval/F_lamM1p0_lamF1p0_v2lowFA_pgd_epsilon_sweep_legacy.csv,csv,754e13c3988f4834cb1467004f45dccdd295edb81fd96215b826ccc89be54d44,2629,unknown,none,diagnostic-internal,default,none,unmapped,no,not-a-figure-or-table-float,yes
results/safety_guided_defense/variantF_motion_margin/seed44/test_eval/F_lamM1p0_lamF1p0_v2lowFA_pgd_epsilon_sweep_test.csv,csv,259c32e0ef29e8a688b9b0f53bdfd9078d43036e43ff065cbcbc36068302ad5c,2591,unknown,none,test-descriptive,ledger:test,test,unmapped,no,not-a-figure-or-table-float,yes
results/safety_guided_defense/variantF_motion_margin/seed44/test_eval/F_lamM1p0_lamF1p0_v2lowFA_pgd_predictions_legacy_epsilon_0_03.csv,predictions,b530d0e45e3266d84513428ff74504e4dd263c49e78efcbf6c8bb8c97426f4c9,80003,unknown,none,diagnostic-internal,default,none,unmapped,no,not-a-figure-or-table-float,yes
results/safety_guided_defense/variantF_motion_margin/seed44/test_eval/F_lamM1p0_lamF1p0_v2lowFA_pgd_predictions_test_epsilon_0_03.csv,predictions,a21e2f1e1f9988fc6891a7ef46c78c71d1f6a091e290aa2978d55cf694d60939,40248,unknown,none,test-descriptive,path:convention,test,unmapped,no,not-a-figure-or-table-float,yes
results/safety_guided_defense/variantF_motion_margin/seed44/test_eval/F_lamM1p0_lamF1p0_v2lowFA_pgd_probabilities_test_epsilon_0_03.csv,predictions,a61cd85bfdbaa0870e00dd040c64daeeb0f6d7f81a872f68eaefe04c909c1b99,93077,unknown,none,test-post-hoc,ledger:test+post_hoc,test,unmapped,no,not-a-figure-or-table-float,yes
results/safety_guided_defense/variantF_motion_margin/seed44/test_eval/F_lamM1p0_lamF1p0_v2lowFA_pgd_safety_metrics_legacy_epsilon_0_03.csv,csv,64c87d69e3e8ab8b1f8a7bdc592fe471561c3ead2428c128cc02be899416b55e,480,unknown,none,diagnostic-internal,default,none,unmapped,no,not-a-figure-or-table-float,yes
results/safety_guided_defense/variantF_motion_margin/seed44/test_eval/F_lamM1p0_lamF1p0_v2lowFA_pgd_safety_metrics_test_epsilon_0_03.csv,csv,5a265d96c81b9b42f7764cb6c6703cc70256282f338ef3977e93cc82c6c1c634,477,unknown,none,test-descriptive,ledger:test,test,unmapped,no,not-a-figure-or-table-float,yes
results/safety_guided_defense/variantF_motion_margin/seed44/test_eval/F_lamM1p0_lamF1p0_v2lowFA_pgd_sweep_predictions_legacy.csv,predictions,043fe6805c8d3024b4d55e1f69e970885b7b691a353784d8983e3b56de7f1d30,1433419,unknown,none,diagnostic-internal,default,none,unmapped,no,not-a-figure-or-table-float,yes
results/safety_guided_defense/variantF_motion_margin/seed44/test_eval/F_lamM1p0_lamF1p0_v2lowFA_pgd_sweep_predictions_test.csv,predictions,768619eaf64c29a20804c50b61becc26b98de7eb6a1e087e9b638a3ac2ea8f7d,717835,unknown,none,test-descriptive,ledger:test,test,unmapped,no,not-a-figure-or-table-float,yes
results/safety_guided_defense/variantF_motion_margin/seed44/test_eval/F_lamM1p0_lamF1p0_v2lowFA_sweep_metadata.json,metadata,632258a258162c722f2a1f8c7df921fb37eea52b73c03dea17ea6fe5833d12be,4100,unknown,none,diagnostic-internal,default,none,unmapped,no,not-a-figure-or-table-float,yes
results/safety_guided_defense/variantF_motion_margin/seed44/test_eval/F_lamM1p0_lamF1p0_v2safety_attacks_metadata.json,metadata,fa1ed3dcf4d8758151892375bd3e749381313bdb89d8a9b76f4593943e0d2094,6275,unknown,none,diagnostic-internal,default,none,unmapped,no,not-a-figure-or-table-float,yes
results/safety_guided_defense/variantF_motion_margin/seed44/test_eval/F_lamM1p0_lamF1p0_v2safety_clean_probabilities_test_epsilon_0_03.csv,predictions,6eda61103fb37a68ad3dd710276564a4150b3717e574e0d1a8e0bc70672430da,93975,unknown,none,test-post-hoc,ledger:test+post_hoc,test,unmapped,no,not-a-figure-or-table-float,yes
results/safety_guided_defense/variantF_motion_margin/seed44/test_eval/F_lamM1p0_lamF1p0_v2safety_fgsm_epsilon_sweep_legacy.csv,csv,7fd686066cebeb4b85786f7c041b81774d3353aa548eca7ab2cbb6741d3bb536,2606,unknown,none,diagnostic-internal,default,none,unmapped,no,not-a-figure-or-table-float,yes
results/safety_guided_defense/variantF_motion_margin/seed44/test_eval/F_lamM1p0_lamF1p0_v2safety_fgsm_epsilon_sweep_test.csv,csv,bc62529667d4c9118c0520091af41557e532d939062757c3a484200c5ddc5c76,2549,unknown,none,test-descriptive,ledger:test,test,unmapped,no,not-a-figure-or-table-float,yes
results/safety_guided_defense/variantF_motion_margin/seed44/test_eval/F_lamM1p0_lamF1p0_v2safety_fgsm_predictions_legacy_epsilon_0_03.csv,predictions,2b20ac595c2dc77de89e4f0fe970b0097895bcce15d8a3734e676270a39d0792,67661,unknown,none,diagnostic-internal,default,none,unmapped,no,not-a-figure-or-table-float,yes
results/safety_guided_defense/variantF_motion_margin/seed44/test_eval/F_lamM1p0_lamF1p0_v2safety_fgsm_predictions_test_epsilon_0_03.csv,predictions,139b58c4c4b0de95dfe2d008f74d89eed852a55fd29f988a899436fd94ea4a37,34029,unknown,none,test-descriptive,path:convention,test,unmapped,no,not-a-figure-or-table-float,yes
results/safety_guided_defense/variantF_motion_margin/seed44/test_eval/F_lamM1p0_lamF1p0_v2safety_fgsm_probabilities_test_epsilon_0_03.csv,predictions,c59e3184e5da5b45285cd66b8a739d7d7b1dcf41d7e0b4f91dca4cddf63b2287,93498,unknown,none,test-post-hoc,ledger:test+post_hoc,test,unmapped,no,not-a-figure-or-table-float,yes
results/safety_guided_defense/variantF_motion_margin/seed44/test_eval/F_lamM1p0_lamF1p0_v2safety_fgsm_safety_metrics_legacy_epsilon_0_03.csv,csv,82bcb0f91d5e263a644c8de5333d966b03263d0569f315a30ce9965b6f85da40,479,unknown,none,diagnostic-internal,default,none,unmapped,no,not-a-figure-or-table-float,yes
results/safety_guided_defense/variantF_motion_margin/seed44/test_eval/F_lamM1p0_lamF1p0_v2safety_fgsm_safety_metrics_test_epsilon_0_03.csv,csv,ff68456adf3aa11f8f0f9888bc8bb4b77b36350f6a3f9a1dbc9bb1703eec97bd,474,unknown,none,test-descriptive,ledger:test,test,unmapped,no,not-a-figure-or-table-float,yes
results/safety_guided_defense/variantF_motion_margin/seed44/test_eval/F_lamM1p0_lamF1p0_v2safety_fgsm_sweep_predictions_legacy.csv,predictions,e617096e636ae7b81344357a9c111f929f007fc6a7daa76cb995be5e7ecc9a43,1211700,unknown,none,diagnostic-internal,default,none,unmapped,no,not-a-figure-or-table-float,yes
results/safety_guided_defense/variantF_motion_margin/seed44/test_eval/F_lamM1p0_lamF1p0_v2safety_fgsm_sweep_predictions_test.csv,predictions,d1dc992bd84480cc36ad7e75ab4d087cf2c6ddc2e5b65fb38878c76cf0dc3530,606671,unknown,none,test-descriptive,ledger:test,test,unmapped,no,not-a-figure-or-table-float,yes
results/safety_guided_defense/variantF_motion_margin/seed44/test_eval/F_lamM1p0_lamF1p0_v2safety_pgd20_attacks_metadata.json,metadata,20be9776610e21dabdd67c23204805efb4e93d678621d815958d298175e46c4e,4039,unknown,none,diagnostic-internal,default,none,unmapped,no,not-a-figure-or-table-float,yes
results/safety_guided_defense/variantF_motion_margin/seed44/test_eval/F_lamM1p0_lamF1p0_v2safety_pgd20_pgd_predictions_legacy_epsilon_0_03.csv,predictions,19f81f7f85cde955263eadae4bed13bc1616abb9047b66e4fc5a974c5d58be1d,79755,unknown,none,diagnostic-internal,default,none,unmapped,no,not-a-figure-or-table-float,yes
results/safety_guided_defense/variantF_motion_margin/seed44/test_eval/F_lamM1p0_lamF1p0_v2safety_pgd20_pgd_predictions_test_epsilon_0_03.csv,predictions,28b97cf60102ceda60af9eaa5b5179e689524c780a1a17f958df67251f841d57,40155,unknown,none,test-descriptive,path:convention,test,unmapped,no,not-a-figure-or-table-float,yes
results/safety_guided_defense/variantF_motion_margin/seed44/test_eval/F_lamM1p0_lamF1p0_v2safety_pgd20_pgd_safety_metrics_legacy_epsilon_0_03.csv,csv,d3c9041ff15c09ed32cf8d2352914ad71108d420611f24a3f197ea568808c2c7,482,unknown,none,diagnostic-internal,default,none,unmapped,no,not-a-figure-or-table-float,yes
results/safety_guided_defense/variantF_motion_margin/seed44/test_eval/F_lamM1p0_lamF1p0_v2safety_pgd20_pgd_safety_metrics_test_epsilon_0_03.csv,csv,f8f02feb2db0475048c1cfafe2b391b4d450c23a8eb5432af1bba561db633393,480,unknown,none,test-descriptive,ledger:test,test,unmapped,no,not-a-figure-or-table-float,yes
results/safety_guided_defense/variantF_motion_margin/seed44/test_eval/F_lamM1p0_lamF1p0_v2safety_pgd_epsilon_sweep_legacy.csv,csv,497670a022f3bc1306f0e92856bb1e542450f11ed70e0ff8c70acb58d1332e46,2656,unknown,none,diagnostic-internal,default,none,unmapped,no,not-a-figure-or-table-float,yes
results/safety_guided_defense/variantF_motion_margin/seed44/test_eval/F_lamM1p0_lamF1p0_v2safety_pgd_epsilon_sweep_test.csv,csv,35dbc57880ba75639af224f254bb391052968b7d8df27faca602e4837a1eddd1,2607,unknown,none,test-descriptive,ledger:test,test,unmapped,no,not-a-figure-or-table-float,yes
results/safety_guided_defense/variantF_motion_margin/seed44/test_eval/F_lamM1p0_lamF1p0_v2safety_pgd_predictions_legacy_epsilon_0_03.csv,predictions,e76edf65be780edb85f798327560d2cc5686d4486853bc92f35bdb9823669be7,79746,unknown,none,diagnostic-internal,default,none,unmapped,no,not-a-figure-or-table-float,yes
results/safety_guided_defense/variantF_motion_margin/seed44/test_eval/F_lamM1p0_lamF1p0_v2safety_pgd_predictions_test_epsilon_0_03.csv,predictions,c81dfb755c3e754c04baa9d435ebd9c9cce6e7a35824f26d45bfbfb02e508ff9,40140,unknown,none,test-descriptive,path:convention,test,unmapped,no,not-a-figure-or-table-float,yes
results/safety_guided_defense/variantF_motion_margin/seed44/test_eval/F_lamM1p0_lamF1p0_v2safety_pgd_probabilities_test_epsilon_0_03.csv,predictions,2b4752a70db4655937c91da901ba766e832b3138db190c4f959299dcf14d09b5,93088,unknown,none,test-post-hoc,ledger:test+post_hoc,test,unmapped,no,not-a-figure-or-table-float,yes
results/safety_guided_defense/variantF_motion_margin/seed44/test_eval/F_lamM1p0_lamF1p0_v2safety_pgd_safety_metrics_legacy_epsilon_0_03.csv,csv,b8cd35fdf9b85903bc7eb06efd0c7a4d6052efd3acc267d80408e0212b6e3626,482,unknown,none,diagnostic-internal,default,none,unmapped,no,not-a-figure-or-table-float,yes
results/safety_guided_defense/variantF_motion_margin/seed44/test_eval/F_lamM1p0_lamF1p0_v2safety_pgd_safety_metrics_test_epsilon_0_03.csv,csv,52d88cce017fa9abce4a68ae5df16f32d985255102351bb6573d783b1cb6af82,480,unknown,none,test-descriptive,ledger:test,test,unmapped,no,not-a-figure-or-table-float,yes
results/safety_guided_defense/variantF_motion_margin/seed44/test_eval/F_lamM1p0_lamF1p0_v2safety_pgd_sweep_predictions_legacy.csv,predictions,5154aaf015677b4855b3ecf8d333f0c0119fef66dc122b37bd0ac715e3ff0749,1429649,unknown,none,diagnostic-internal,default,none,unmapped,no,not-a-figure-or-table-float,yes
results/safety_guided_defense/variantF_motion_margin/seed44/test_eval/F_lamM1p0_lamF1p0_v2safety_pgd_sweep_predictions_test.csv,predictions,7abe1157e0951f253a0f3ae654b35c54f646b13c1c9d6ec389321b1002ade9f3,716301,scripts/analysis/plot_d1_d12_recall_far.py,literal,test-descriptive,ledger:test,test,unmapped,no,not-a-figure-or-table-float,yes
results/safety_guided_defense/variantF_motion_margin/seed44/test_eval/F_lamM1p0_lamF1p0_v2safety_sweep_metadata.json,metadata,b6568d533453938d072d1c8b4daabc8c08be6cbcde3a565ff76175cdccce4736,4113,unknown,none,diagnostic-internal,default,none,unmapped,no,not-a-figure-or-table-float,yes
results/safety_guided_defense/variantF_motion_margin/seed44/variantF_seed44_comparison.csv,csv,2066ba3e6abca67822d5ec40dd670e8e64fd46655cca3ca0ca0456da630607cc,410,scripts/analyze_variantF_seed44.py,literal,diagnostic-internal,default,none,unmapped,no,not-a-figure-or-table-float,yes
results/safety_guided_defense/variantF_motion_margin/seed44_preregistration/VARIANT_F_SEED44_PREREGISTRATION.md,report,66df6633e78851f3097261e63592e62a36a4d22fa543d9dc09c721606bd36196,14058,unknown,none,diagnostic-internal,default,none,unmapped,no,not-a-figure-or-table-float,yes
results/safety_guided_defense/variantG_bilstm_representation_test/BILSTM_G1_REPRESENTATION_TEST_PREREGISTRATION.md,report,99da93de6d6a7616eb4eb9f665cf42d8e4ac60c006070133fd159b5f1c0d78df,9933,scripts/train_bilstm_g1_finetune.py,literal,diagnostic-internal,default,none,unmapped,no,not-a-figure-or-table-float,yes
results/safety_guided_defense/variantG_bilstm_representation_test/seed42/g1_finetune_cleaninit/BILSTM_G1_GO_NO_GO.md,report,19cdf0398dfa9fa339d67b6621694bea1a2d923a3ae84561f7cd745766d3ed7d,3234,unknown,none,diagnostic-internal,default,none,unmapped,no,not-a-figure-or-table-float,yes
results/safety_guided_defense/variantG_bilstm_representation_test/seed42/g1_finetune_cleaninit/_smoke/logs/seed42_bilstm_g1_finetune_smoke_training_log.csv,csv,54e7bf2c50a900169526f444c9d41ce7014a2a130eee0ecfacd8a8e64f01fbae,630,unknown,none,diagnostic-internal,default,none,unmapped,no,not-a-figure-or-table-float,yes
results/safety_guided_defense/variantG_bilstm_representation_test/seed42/g1_finetune_cleaninit/analysis/seed42_bilstm_g1_finetune_selection_candidates.csv,csv,731fb0c1d4871e328d63dbb49acd44ae2b8df2fa4ce3e7f7ac2618cd3d0fdc6d,267,unknown,none,diagnostic-internal,default,none,unmapped,no,not-a-figure-or-table-float,yes
results/safety_guided_defense/variantG_bilstm_representation_test/seed42/g1_finetune_cleaninit/logs/seed42_bilstm_g1_finetune_training_log.csv,csv,b482f477d516ba78ce2014e6b08a25c74bb323166ed6b68d239967090514d675,8617,unknown,none,diagnostic-internal,default,none,unmapped,no,not-a-figure-or-table-float,yes
results/safety_guided_defense/variantG_bilstm_representation_test/seed42/g1_finetune_cleaninit/metadata/seed42_bilstm_g1_finetune_metadata.json,metadata,351187629b99c741d09f9b4ab8ec9a4da73d27c4d74d2964777bcf0cc4b24f13,3360,unknown,none,diagnostic-internal,default,none,unmapped,no,not-a-figure-or-table-float,yes
results/safety_guided_defense/variantG_bilstm_representation_test/seed42/g1_finetune_cleaninit/val_eval/BLF_v2macroF1_clean_probabilities_val_epsilon_0_03.csv,predictions,96200aa5ac3760b825057213d89fa77487c4e28ef1fb20d6c0e06a6981afaa81,93840,unknown,none,validation-only,ledger:val,val,unmapped,no,not-a-figure-or-table-float,yes
results/safety_guided_defense/variantG_bilstm_representation_test/seed42/g1_finetune_cleaninit/val_eval/BLF_v2macroF1_fgsm_probabilities_val_epsilon_0_03.csv,predictions,068428378566658921b1d2c6f806315bbfe9c84f26b9a7d25235542fa663c815,93439,unknown,none,validation-only,ledger:val,val,unmapped,no,not-a-figure-or-table-float,yes
results/safety_guided_defense/variantG_bilstm_representation_test/seed42/g1_finetune_cleaninit/val_eval/BLF_v2macroF1_pgd_probabilities_val_epsilon_0_03.csv,predictions,f55671b80095858b3feb1e8d4d1300ab0ee67fe00d602ba885f4a7c33b4cfcc0,93040,scripts/analysis/h15_e0_hard_window_inventory.py,literal,validation-only,ledger:val,val,unmapped,no,not-a-figure-or-table-float,yes
results/safety_guided_defense/variantG_bilstm_representation_test/seed42/g1_finetune_cleaninit/val_eval/BLF_v2maxrec_clean_probabilities_val_epsilon_0_03.csv,predictions,af3d234a22847fe2e646247fec4b844196baf19d2d85cbfe4c8c3a7cac866111,93799,unknown,none,validation-only,ledger:val,val,unmapped,no,not-a-figure-or-table-float,yes
results/safety_guided_defense/variantG_bilstm_representation_test/seed42/g1_finetune_cleaninit/val_eval/BLF_v2maxrec_fgsm_probabilities_val_epsilon_0_03.csv,predictions,b6785bc306d029f0d58ce6a8e83480e8434e1f06db581ed3c9180250a12c9458,93221,unknown,none,validation-only,ledger:val,val,unmapped,no,not-a-figure-or-table-float,yes
results/safety_guided_defense/variantG_bilstm_representation_test/seed42/g1_finetune_cleaninit/val_eval/BLF_v2maxrec_pgd_probabilities_val_epsilon_0_03.csv,predictions,b7c61c23ecd0b0be2660377b9cb4871f2c13561caf5391641b2fd620fbaf21cc,92764,scripts/analysis/h15_e0_hard_window_inventory.py,literal,validation-only,ledger:val,val,unmapped,no,not-a-figure-or-table-float,yes
results/safety_guided_defense/variantG_bilstm_representation_test/seed42/g1_finetune_cleaninit/val_eval/BLF_v2safety_clean_probabilities_val_epsilon_0_03.csv,predictions,bf5fb904885caa6aaf4c78c944abc08d7ecd91d930a66a5425187df77ecc58d6,93819,unknown,none,validation-only,ledger:val,val,unmapped,no,not-a-figure-or-table-float,yes
results/safety_guided_defense/variantG_bilstm_representation_test/seed42/g1_finetune_cleaninit/val_eval/BLF_v2safety_fgsm_probabilities_val_epsilon_0_03.csv,predictions,3a70b3ab4df6d3266faeacd7ed3519b60a8833271379669160e9696ec4326430,93431,unknown,none,validation-only,ledger:val,val,unmapped,no,not-a-figure-or-table-float,yes
results/safety_guided_defense/variantG_bilstm_representation_test/seed42/g1_finetune_cleaninit/val_eval/BLF_v2safety_pgd_probabilities_val_epsilon_0_03.csv,predictions,5ba5b06d37f5485beeb2e5d42fa42f9b7dc2487e1dadb9c54673dc8bd7fae3da,93029,scripts/analysis/h15_e0_hard_window_inventory.py,literal,validation-only,ledger:val,val,unmapped,no,not-a-figure-or-table-float,yes
results/safety_guided_defense/variantG_design_memo/VARIANT_G_DESIGN_MEMO.md,report,c0d761725df5bed80ebe3de5113b29316523887a60d8076c43c345f504a8715b,23541,unknown,none,diagnostic-internal,default,none,unmapped,no,not-a-figure-or-table-float,yes
results/safety_guided_defense/variantG_design_memo/VARIANT_G_MATH_TO_CODE_SPEC.md,report,09ae682de5b4b87056b4bc3c4cdb289a6576fd14140609b90fca0ffdcbc59aac,27122,scripts/train_variantG_targeted_hardneg.py,literal,diagnostic-internal,default,none,unmapped,no,not-a-figure-or-table-float,yes
results/safety_guided_defense/variantG_targeted_hardneg/_smoke/seed42/seed42_variantG_G1_smoke_log.csv,csv,5e0f20c08a30fa3adc0bb634891db71285dc52e553dc9883eabee7722f337ddf,329,unknown,none,diagnostic-internal,default,none,unmapped,no,not-a-figure-or-table-float,yes
results/safety_guided_defense/variantG_targeted_hardneg/_smoke/seed42/seed42_variantG_G1_smoke_summary.json,json,855ebe2fe67b0970aea65473ff38f67422e0c990e471ce92866a0b010c64d5a8,857,unknown,none,diagnostic-internal,default,none,unmapped,no,not-a-figure-or-table-float,yes
results/safety_guided_defense/variantG_targeted_hardneg/seed42/G1_FILTERABILITY_DIAGNOSTIC.md,report,80f61f0579a899aa38e33c06075b650711e6f4b0b9cbaf79a4d041b53d2d6573,4982,scripts/diagnose_variantG1_filterability.py,literal,diagnostic-internal,default,none,unmapped,no,not-a-figure-or-table-float,yes
results/safety_guided_defense/variantG_targeted_hardneg/seed42/VARIANT_G_SEED42_PILOT_REPORT.md,report,67aecceda64207df9f67532370ece52611effabef6c90bbd4bc4651021d96921,7793,scripts/analyze_variantG_seed42.py,literal,diagnostic-internal,default,none,unmapped,no,not-a-figure-or-table-float,yes
results/safety_guided_defense/variantG_targeted_hardneg/seed42/analysis/filterability/inversion_comparison.csv,csv,97531ba91a0490540be983d7a54ad90f51cc1e3020aea38f21fb1f69de64412c,471,scripts/diagnose_variantG1_filterability.py,literal,diagnostic-internal,default,none,unmapped,no,not-a-figure-or-table-float,yes
results/safety_guided_defense/variantG_targeted_hardneg/seed42/analysis/filterability/operating_point_sweep_G1.csv,csv,48c72a09fa9ff05c392e44f82c2034f0da3e061744409e6715915d35496fd24c,65816,scripts/diagnose_variantG1_filterability.py,literal,diagnostic-internal,default,none,unmapped,no,not-a-figure-or-table-float,yes
results/safety_guided_defense/variantG_targeted_hardneg/seed42/analysis/filterability/target_satisfaction_G1.csv,csv,f822805e097e55d0ebcb3b539e3b36ef5c135d3eb52f6705bf6d0a97dd368b91,370,scripts/diagnose_variantG1_filterability.py,literal,diagnostic-internal,default,none,unmapped,no,not-a-figure-or-table-float,yes
results/safety_guided_defense/variantG_targeted_hardneg/seed42/analysis/seed42_variantG_G1_selection_candidates.csv,csv,d8ba98743ec6be00320b872711d78b71bcf6ae3198058961b2ca91eda95f15c7,284,scripts/compute_g1_baseline_val_frontier.py,literal,diagnostic-internal,default,none,unmapped,no,not-a-figure-or-table-float,yes
results/safety_guided_defense/variantG_targeted_hardneg/seed42/analysis/seed42_variantG_G2_selection_candidates.csv,csv,37a7c5286a77cc4f1d6ff66bb9d984263749ee142cafba5eb445cc00292db784,284,unknown,none,diagnostic-internal,default,none,unmapped,no,not-a-figure-or-table-float,yes
results/safety_guided_defense/variantG_targeted_hardneg/seed42/analysis/seed42_variantG_G3_selection_candidates.csv,csv,87840f379722405dfd1d1e2658de641082e31bc853e0dc1a1dac9a784b04a0c4,286,unknown,none,diagnostic-internal,default,none,unmapped,no,not-a-figure-or-table-float,yes
results/safety_guided_defense/variantG_targeted_hardneg/seed42/analysis/variantG_confidence_inversion.csv,csv,4d7d3c44a668d9a1821081f81a91927948d447ac29c28d73d80f2cfd9fb8e0d8,458,scripts/analyze_variantG_seed42.py,literal,diagnostic-internal,default,none,unmapped,no,not-a-figure-or-table-float,yes
results/safety_guided_defense/variantG_targeted_hardneg/seed42/analysis/variantG_safety_metrics.csv,csv,d5f84ac8c58f9f56f6f653bcb17d510752300aba7521456e432e5824cc430243,658,scripts/analyze_variantG_seed42.py,literal,diagnostic-internal,default,none,unmapped,no,not-a-figure-or-table-float,yes
results/safety_guided_defense/variantG_targeted_hardneg/seed42/figures/fig_variantG_pareto_seed42.png,figure,6ae982428e065b294e8138c7abd3d7d1c724ac3948ab7e2a43ca096b063d3843,65091,scripts/analyze_variantG_seed42.py,literal,diagnostic-internal,default,none,unmapped,no,evidence-not-admissible;claim-not-approved,yes
results/safety_guided_defense/variantG_targeted_hardneg/seed42/figures/fig_variantG_pgd_epsilon_sweep_seed42.png,figure,c575d76eb578d8be879348b5c3c2ab0d918ca29c2e80f0f0d86accba6ab24b36,120564,scripts/analyze_variantG_seed42.py,literal,diagnostic-internal,default,none,unmapped,no,evidence-not-admissible;claim-not-approved,yes
results/safety_guided_defense/variantG_targeted_hardneg/seed42/figures/filterability/fig_G1_fallprob_hist.png,figure,69962f21012202016dd05b8409be1309ff2d21a759c9c4cb73231bde80c13b87,36898,scripts/diagnose_variantG1_filterability.py,literal,diagnostic-internal,default,none,unmapped,no,evidence-not-admissible;claim-not-approved,yes
results/safety_guided_defense/variantG_targeted_hardneg/seed42/figures/filterability/fig_G1_separability.png,figure,d021e815282715356eb61eda3c3c0c8882cb90b092d036f56185109038659d3c,72448,scripts/diagnose_variantG1_filterability.py,literal,diagnostic-internal,default,none,unmapped,no,evidence-not-admissible;claim-not-approved,yes
results/safety_guided_defense/variantG_targeted_hardneg/seed42/logs/seed42_variantG_G1_training_log.csv,csv,7df335b5e6f192e798b08483ac099f2c284f7fb4d441de6739a11ff6c5cf142b,9231,unknown,none,diagnostic-internal,default,none,unmapped,no,not-a-figure-or-table-float,yes
results/safety_guided_defense/variantG_targeted_hardneg/seed42/logs/seed42_variantG_G2_training_log.csv,csv,d7e3260f3ad0f61fb812ab63db4a36a6bc470b7d333c029b30ec72876bd81e7e,8337,unknown,none,diagnostic-internal,default,none,unmapped,no,not-a-figure-or-table-float,yes
results/safety_guided_defense/variantG_targeted_hardneg/seed42/logs/seed42_variantG_G3_training_log.csv,csv,e76a7ea52139e4c7fcf6932969225ba798d009d80b1ff655279ac9baa487ecdb,9312,unknown,none,diagnostic-internal,default,none,unmapped,no,not-a-figure-or-table-float,yes
results/safety_guided_defense/variantG_targeted_hardneg/seed42/metadata/seed42_variantG_G1_metadata.json,metadata,ed45e94206a344c18d75855b44310ee769a5c56319bfee70f20f74e70063e65b,2253,unknown,none,diagnostic-internal,default,none,unmapped,no,not-a-figure-or-table-float,yes
results/safety_guided_defense/variantG_targeted_hardneg/seed42/metadata/seed42_variantG_G2_metadata.json,metadata,2d469d11e2a1f28f23e03ba0ad2c96031673ab17b9f392dc1a5634a79f030a33,2268,unknown,none,diagnostic-internal,default,none,unmapped,no,not-a-figure-or-table-float,yes
results/safety_guided_defense/variantG_targeted_hardneg/seed42/metadata/seed42_variantG_G3_metadata.json,metadata,dd6590c85a20f81ff8311285312fcd08c10a00f014805fcd9a0faf0cafe3bf37,2288,unknown,none,diagnostic-internal,default,none,unmapped,no,not-a-figure-or-table-float,yes
results/safety_guided_defense/variantG_targeted_hardneg/seed42/test_eval/G_G1_v2lowFA_clean_probabilities_test_epsilon_0_03.csv,predictions,a983ce6c4a783744bc06ceb3cd9019905b6d38514b57e8316b5d77e7823c8b76,94121,unknown,none,test-post-hoc,ledger:test+post_hoc,test,unmapped,no,not-a-figure-or-table-float,yes
results/safety_guided_defense/variantG_targeted_hardneg/seed42/test_eval/G_G1_v2lowFA_fgsm_probabilities_test_epsilon_0_03.csv,predictions,c4aa8eb9db376b0fe3bee57b0e6fa4a3166d020425235c12b7d26d96dd98076a,93717,unknown,none,test-post-hoc,ledger:test+post_hoc,test,unmapped,no,not-a-figure-or-table-float,yes
results/safety_guided_defense/variantG_targeted_hardneg/seed42/test_eval/G_G1_v2lowFA_pgd20_clean_probabilities_test_epsilon_0_03.csv,predictions,a983ce6c4a783744bc06ceb3cd9019905b6d38514b57e8316b5d77e7823c8b76,94121,unknown,none,test-post-hoc,ledger:test+post_hoc,test,unmapped,no,not-a-figure-or-table-float,yes
results/safety_guided_defense/variantG_targeted_hardneg/seed42/test_eval/G_G1_v2lowFA_pgd20_fgsm_probabilities_test_epsilon_0_03.csv,predictions,c4aa8eb9db376b0fe3bee57b0e6fa4a3166d020425235c12b7d26d96dd98076a,93717,unknown,none,test-post-hoc,ledger:test+post_hoc,test,unmapped,no,not-a-figure-or-table-float,yes
results/safety_guided_defense/variantG_targeted_hardneg/seed42/test_eval/G_G1_v2lowFA_pgd20_pgd_probabilities_test_epsilon_0_03.csv,predictions,062c4894318d107ee4de8cfc768b13e188dbb3edcc19908cbae0c614283e3455,93368,unknown,none,test-post-hoc,ledger:test+post_hoc,test,unmapped,no,not-a-figure-or-table-float,yes
results/safety_guided_defense/variantG_targeted_hardneg/seed42/test_eval/G_G1_v2lowFA_pgd_probabilities_test_epsilon_0_03.csv,predictions,f3298b557a626547e12bf3171e84d5ab2cd8fa029195270fa9c691e22a54989c,93331,unknown,none,test-post-hoc,ledger:test+post_hoc,test,unmapped,no,not-a-figure-or-table-float,yes
results/safety_guided_defense/variantG_targeted_hardneg/seed42/test_eval/G_G1_v2maxrec_clean_probabilities_test_epsilon_0_03.csv,predictions,f951e997c7f34ac891d782f69b01ca637d9d109d0c5cfa34b8f3b888c7420775,94016,unknown,none,test-post-hoc,ledger:test+post_hoc,test,unmapped,no,not-a-figure-or-table-float,yes
results/safety_guided_defense/variantG_targeted_hardneg/seed42/test_eval/G_G1_v2maxrec_fgsm_probabilities_test_epsilon_0_03.csv,predictions,483d45e2b7e20deaad19812447c1fb7bb51cd606249c93814ddb609c680ccdbb,93500,unknown,none,test-post-hoc,ledger:test+post_hoc,test,unmapped,no,not-a-figure-or-table-float,yes
results/safety_guided_defense/variantG_targeted_hardneg/seed42/test_eval/G_G1_v2maxrec_pgd20_clean_probabilities_test_epsilon_0_03.csv,predictions,f951e997c7f34ac891d782f69b01ca637d9d109d0c5cfa34b8f3b888c7420775,94016,unknown,none,test-post-hoc,ledger:test+post_hoc,test,unmapped,no,not-a-figure-or-table-float,yes
results/safety_guided_defense/variantG_targeted_hardneg/seed42/test_eval/G_G1_v2maxrec_pgd20_fgsm_probabilities_test_epsilon_0_03.csv,predictions,483d45e2b7e20deaad19812447c1fb7bb51cd606249c93814ddb609c680ccdbb,93500,unknown,none,test-post-hoc,ledger:test+post_hoc,test,unmapped,no,not-a-figure-or-table-float,yes
results/safety_guided_defense/variantG_targeted_hardneg/seed42/test_eval/G_G1_v2maxrec_pgd20_pgd_probabilities_test_epsilon_0_03.csv,predictions,ef366e3a5eb6bdaa622f822b5163b53579a6f1b4a896be12252eb84602fb4216,93110,unknown,none,test-post-hoc,ledger:test+post_hoc,test,unmapped,no,not-a-figure-or-table-float,yes
results/safety_guided_defense/variantG_targeted_hardneg/seed42/test_eval/G_G1_v2maxrec_pgd_probabilities_test_epsilon_0_03.csv,predictions,5475b3a83c0d06530d4bb55237e1a7a2adc1276ca18a49899aa6e38c06f28398,93095,unknown,none,test-post-hoc,ledger:test+post_hoc,test,unmapped,no,not-a-figure-or-table-float,yes
results/safety_guided_defense/variantG_targeted_hardneg/seed42/test_eval/G_G1_v2safety_clean_probabilities_test_epsilon_0_03.csv,predictions,f951e997c7f34ac891d782f69b01ca637d9d109d0c5cfa34b8f3b888c7420775,94016,unknown,none,test-post-hoc,ledger:test+post_hoc,test,unmapped,no,not-a-figure-or-table-float,yes
results/safety_guided_defense/variantG_targeted_hardneg/seed42/test_eval/G_G1_v2safety_fgsm_epsilon_sweep_legacy.csv,csv,85fdd3b1143457dd908687c8a332794c2cb8d06ac7c26f540c7fdda0484054c5,2596,unknown,none,diagnostic-internal,default,none,unmapped,no,not-a-figure-or-table-float,yes
results/safety_guided_defense/variantG_targeted_hardneg/seed42/test_eval/G_G1_v2safety_fgsm_epsilon_sweep_test.csv,csv,cf077870356b96f3d2b927d6642fe888bb7fe2c20eb5df2e8285558b2e0df3e8,2538,unknown,none,test-descriptive,ledger:test,test,unmapped,no,not-a-figure-or-table-float,yes
results/safety_guided_defense/variantG_targeted_hardneg/seed42/test_eval/G_G1_v2safety_fgsm_probabilities_test_epsilon_0_03.csv,predictions,483d45e2b7e20deaad19812447c1fb7bb51cd606249c93814ddb609c680ccdbb,93500,unknown,none,test-post-hoc,ledger:test+post_hoc,test,unmapped,no,not-a-figure-or-table-float,yes
results/safety_guided_defense/variantG_targeted_hardneg/seed42/test_eval/G_G1_v2safety_fgsm_sweep_predictions_legacy.csv,predictions,3809cedf7f81713684f3bb7a6cc3f5e83ff29c14a6eb97e46aa5b104bd7fb007,1214635,unknown,none,diagnostic-internal,default,none,unmapped,no,not-a-figure-or-table-float,yes
results/safety_guided_defense/variantG_targeted_hardneg/seed42/test_eval/G_G1_v2safety_fgsm_sweep_predictions_test.csv,predictions,ef97ea4e2817a8b965c8c8c591fa887a490b50304add7bbfe620362388046b80,608217,unknown,none,test-descriptive,ledger:test,test,unmapped,no,not-a-figure-or-table-float,yes
results/safety_guided_defense/variantG_targeted_hardneg/seed42/test_eval/G_G1_v2safety_pgd20_clean_probabilities_test_epsilon_0_03.csv,predictions,f951e997c7f34ac891d782f69b01ca637d9d109d0c5cfa34b8f3b888c7420775,94016,unknown,none,test-post-hoc,ledger:test+post_hoc,test,unmapped,no,not-a-figure-or-table-float,yes
results/safety_guided_defense/variantG_targeted_hardneg/seed42/test_eval/G_G1_v2safety_pgd20_fgsm_probabilities_test_epsilon_0_03.csv,predictions,483d45e2b7e20deaad19812447c1fb7bb51cd606249c93814ddb609c680ccdbb,93500,unknown,none,test-post-hoc,ledger:test+post_hoc,test,unmapped,no,not-a-figure-or-table-float,yes
results/safety_guided_defense/variantG_targeted_hardneg/seed42/test_eval/G_G1_v2safety_pgd20_pgd_probabilities_test_epsilon_0_03.csv,predictions,ef366e3a5eb6bdaa622f822b5163b53579a6f1b4a896be12252eb84602fb4216,93110,scripts/compute_g1_baseline_val_frontier.py,literal,test-post-hoc,ledger:test+post_hoc,test,unmapped,no,not-a-figure-or-table-float,yes
results/safety_guided_defense/variantG_targeted_hardneg/seed42/test_eval/G_G1_v2safety_pgd_epsilon_sweep_legacy.csv,csv,f2217ab7802d5fc752c5f975220cbaa76bd58f84c02cfe369855414bd560da21,2652,unknown,none,diagnostic-internal,default,none,unmapped,no,not-a-figure-or-table-float,yes
results/safety_guided_defense/variantG_targeted_hardneg/seed42/test_eval/G_G1_v2safety_pgd_epsilon_sweep_test.csv,csv,95506bd0be678c767c17b5a1cfc7d8992daed10b9d75dd6dd1211e21ce159bf6,2605,unknown,none,test-descriptive,ledger:test,test,unmapped,no,not-a-figure-or-table-float,yes
results/safety_guided_defense/variantG_targeted_hardneg/seed42/test_eval/G_G1_v2safety_pgd_probabilities_test_epsilon_0_03.csv,predictions,5475b3a83c0d06530d4bb55237e1a7a2adc1276ca18a49899aa6e38c06f28398,93095,scripts/compute_g1_baseline_val_frontier.py,literal,test-post-hoc,ledger:test+post_hoc,test,unmapped,no,not-a-figure-or-table-float,yes
results/safety_guided_defense/variantG_targeted_hardneg/seed42/test_eval/G_G1_v2safety_pgd_sweep_predictions_legacy.csv,predictions,a87dd24304778318db575dda505e98d933fd7bdbef0b6d4ef25646b52e2c6fed,1431668,unknown,none,diagnostic-internal,default,none,unmapped,no,not-a-figure-or-table-float,yes
results/safety_guided_defense/variantG_targeted_hardneg/seed42/test_eval/G_G1_v2safety_pgd_sweep_predictions_test.csv,predictions,d1b7dcb6eee4fc77c95480c9fdd42351d0408aab6f922d9d1684d3746413ebec,717184,unknown,none,test-descriptive,ledger:test,test,unmapped,no,not-a-figure-or-table-float,yes
results/safety_guided_defense/variantG_targeted_hardneg/seed42/test_eval/G_G1_v2safety_sweep_metadata.json,metadata,288ed16cfe41e746611b4c35ed7126589f95b27a0cf826fc334fbb89cffb46d0,4552,unknown,none,diagnostic-internal,default,none,unmapped,no,not-a-figure-or-table-float,yes
results/safety_guided_defense/variantG_targeted_hardneg/seed42/test_eval/G_G2_v2lowFA_clean_probabilities_test_epsilon_0_03.csv,predictions,acc1fa3a2e4028543768ab9bd94ae2df5758225ef5a1aa0be097062464ac72c3,94048,unknown,none,test-post-hoc,ledger:test+post_hoc,test,unmapped,no,not-a-figure-or-table-float,yes
results/safety_guided_defense/variantG_targeted_hardneg/seed42/test_eval/G_G2_v2lowFA_fgsm_probabilities_test_epsilon_0_03.csv,predictions,0f4749cd96d4948e7bd32b9962fcf46f042895a73919ec654905daa68cb92d61,93552,unknown,none,test-post-hoc,ledger:test+post_hoc,test,unmapped,no,not-a-figure-or-table-float,yes
results/safety_guided_defense/variantG_targeted_hardneg/seed42/test_eval/G_G2_v2lowFA_pgd20_clean_probabilities_test_epsilon_0_03.csv,predictions,acc1fa3a2e4028543768ab9bd94ae2df5758225ef5a1aa0be097062464ac72c3,94048,unknown,none,test-post-hoc,ledger:test+post_hoc,test,unmapped,no,not-a-figure-or-table-float,yes
results/safety_guided_defense/variantG_targeted_hardneg/seed42/test_eval/G_G2_v2lowFA_pgd20_fgsm_probabilities_test_epsilon_0_03.csv,predictions,0f4749cd96d4948e7bd32b9962fcf46f042895a73919ec654905daa68cb92d61,93552,unknown,none,test-post-hoc,ledger:test+post_hoc,test,unmapped,no,not-a-figure-or-table-float,yes
results/safety_guided_defense/variantG_targeted_hardneg/seed42/test_eval/G_G2_v2lowFA_pgd20_pgd_probabilities_test_epsilon_0_03.csv,predictions,52c362143896471ac4b114ced41c35d5dc879e38a3332fb59c7e31cce544fb2d,93208,unknown,none,test-post-hoc,ledger:test+post_hoc,test,unmapped,no,not-a-figure-or-table-float,yes
results/safety_guided_defense/variantG_targeted_hardneg/seed42/test_eval/G_G2_v2lowFA_pgd_probabilities_test_epsilon_0_03.csv,predictions,7e2c65f77a1703a53c03cc7a793b763d54e9109ef860f03fc4305be21fc7cdf1,93164,unknown,none,test-post-hoc,ledger:test+post_hoc,test,unmapped,no,not-a-figure-or-table-float,yes
results/safety_guided_defense/variantG_targeted_hardneg/seed42/test_eval/G_G2_v2maxrec_clean_probabilities_test_epsilon_0_03.csv,predictions,4aa94c1748d9070b9333aab849b7f33df22b4f302edb180874e59eb1cdb0f591,94033,unknown,none,test-post-hoc,ledger:test+post_hoc,test,unmapped,no,not-a-figure-or-table-float,yes
results/safety_guided_defense/variantG_targeted_hardneg/seed42/test_eval/G_G2_v2maxrec_fgsm_probabilities_test_epsilon_0_03.csv,predictions,a744340973d2685ab0c667527a0b00c35a516bc8ca7b04b40bcaf1ae3f6c28b2,93538,unknown,none,test-post-hoc,ledger:test+post_hoc,test,unmapped,no,not-a-figure-or-table-float,yes
results/safety_guided_defense/variantG_targeted_hardneg/seed42/test_eval/G_G2_v2maxrec_pgd20_clean_probabilities_test_epsilon_0_03.csv,predictions,4aa94c1748d9070b9333aab849b7f33df22b4f302edb180874e59eb1cdb0f591,94033,unknown,none,test-post-hoc,ledger:test+post_hoc,test,unmapped,no,not-a-figure-or-table-float,yes
results/safety_guided_defense/variantG_targeted_hardneg/seed42/test_eval/G_G2_v2maxrec_pgd20_fgsm_probabilities_test_epsilon_0_03.csv,predictions,a744340973d2685ab0c667527a0b00c35a516bc8ca7b04b40bcaf1ae3f6c28b2,93538,unknown,none,test-post-hoc,ledger:test+post_hoc,test,unmapped,no,not-a-figure-or-table-float,yes
results/safety_guided_defense/variantG_targeted_hardneg/seed42/test_eval/G_G2_v2maxrec_pgd20_pgd_probabilities_test_epsilon_0_03.csv,predictions,dd894b9512e0226d95803dcbae2cf08df7554d3e06ce3256993bd9c3026211c9,93068,unknown,none,test-post-hoc,ledger:test+post_hoc,test,unmapped,no,not-a-figure-or-table-float,yes
results/safety_guided_defense/variantG_targeted_hardneg/seed42/test_eval/G_G2_v2maxrec_pgd_probabilities_test_epsilon_0_03.csv,predictions,d9b516b52ac572c875d3f97184e802fd2895451f2761c3f25938e3179e6ee5f1,93069,unknown,none,test-post-hoc,ledger:test+post_hoc,test,unmapped,no,not-a-figure-or-table-float,yes
results/safety_guided_defense/variantG_targeted_hardneg/seed42/test_eval/G_G2_v2safety_clean_probabilities_test_epsilon_0_03.csv,predictions,4aa94c1748d9070b9333aab849b7f33df22b4f302edb180874e59eb1cdb0f591,94033,unknown,none,test-post-hoc,ledger:test+post_hoc,test,unmapped,no,not-a-figure-or-table-float,yes
results/safety_guided_defense/variantG_targeted_hardneg/seed42/test_eval/G_G2_v2safety_fgsm_epsilon_sweep_legacy.csv,csv,ca2c2c19682e67a74519a8c3ac5ee4feaae4758d275416229d137ce32be03c2d,2606,unknown,none,diagnostic-internal,default,none,unmapped,no,not-a-figure-or-table-float,yes
results/safety_guided_defense/variantG_targeted_hardneg/seed42/test_eval/G_G2_v2safety_fgsm_epsilon_sweep_test.csv,csv,df1af02cc1ae05b8964805213df1f08e8cd64a54608ee332c5719e9952875752,2540,unknown,none,test-descriptive,ledger:test,test,unmapped,no,not-a-figure-or-table-float,yes
results/safety_guided_defense/variantG_targeted_hardneg/seed42/test_eval/G_G2_v2safety_fgsm_probabilities_test_epsilon_0_03.csv,predictions,a744340973d2685ab0c667527a0b00c35a516bc8ca7b04b40bcaf1ae3f6c28b2,93538,unknown,none,test-post-hoc,ledger:test+post_hoc,test,unmapped,no,not-a-figure-or-table-float,yes
results/safety_guided_defense/variantG_targeted_hardneg/seed42/test_eval/G_G2_v2safety_fgsm_sweep_predictions_legacy.csv,predictions,5e0b2e72ee12521c55245278ea04aaa9197505d523b1098c218eeebe695ec0af,1218738,unknown,none,diagnostic-internal,default,none,unmapped,no,not-a-figure-or-table-float,yes
results/safety_guided_defense/variantG_targeted_hardneg/seed42/test_eval/G_G2_v2safety_fgsm_sweep_predictions_test.csv,predictions,7c6a3f4f4114d60f59728681e7cc1387cca49a860c6b533f2bd3e25c55da6b71,610125,unknown,none,test-descriptive,ledger:test,test,unmapped,no,not-a-figure-or-table-float,yes
results/safety_guided_defense/variantG_targeted_hardneg/seed42/test_eval/G_G2_v2safety_pgd20_clean_probabilities_test_epsilon_0_03.csv,predictions,4aa94c1748d9070b9333aab849b7f33df22b4f302edb180874e59eb1cdb0f591,94033,unknown,none,test-post-hoc,ledger:test+post_hoc,test,unmapped,no,not-a-figure-or-table-float,yes
results/safety_guided_defense/variantG_targeted_hardneg/seed42/test_eval/G_G2_v2safety_pgd20_fgsm_probabilities_test_epsilon_0_03.csv,predictions,a744340973d2685ab0c667527a0b00c35a516bc8ca7b04b40bcaf1ae3f6c28b2,93538,unknown,none,test-post-hoc,ledger:test+post_hoc,test,unmapped,no,not-a-figure-or-table-float,yes
results/safety_guided_defense/variantG_targeted_hardneg/seed42/test_eval/G_G2_v2safety_pgd20_pgd_probabilities_test_epsilon_0_03.csv,predictions,dd894b9512e0226d95803dcbae2cf08df7554d3e06ce3256993bd9c3026211c9,93068,unknown,none,test-post-hoc,ledger:test+post_hoc,test,unmapped,no,not-a-figure-or-table-float,yes
results/safety_guided_defense/variantG_targeted_hardneg/seed42/test_eval/G_G2_v2safety_pgd_epsilon_sweep_legacy.csv,csv,a284eeeeff1f5116f10678841bcaaf0d8fd07fbc77c2059e01879cdc2e78b919,2657,unknown,none,diagnostic-internal,default,none,unmapped,no,not-a-figure-or-table-float,yes
results/safety_guided_defense/variantG_targeted_hardneg/seed42/test_eval/G_G2_v2safety_pgd_epsilon_sweep_test.csv,csv,c63f82706db600386b0a5959bf01f63a4abecc81c51c14065626fe0e5f296a1a,2605,unknown,none,test-descriptive,ledger:test,test,unmapped,no,not-a-figure-or-table-float,yes
results/safety_guided_defense/variantG_targeted_hardneg/seed42/test_eval/G_G2_v2safety_pgd_probabilities_test_epsilon_0_03.csv,predictions,d9b516b52ac572c875d3f97184e802fd2895451f2761c3f25938e3179e6ee5f1,93069,unknown,none,test-post-hoc,ledger:test+post_hoc,test,unmapped,no,not-a-figure-or-table-float,yes
results/safety_guided_defense/variantG_targeted_hardneg/seed42/test_eval/G_G2_v2safety_pgd_sweep_predictions_legacy.csv,predictions,81d80f170895d76faf77122a9def52f158e62a20f630162f89936cf3894aed6f,1435163,unknown,none,diagnostic-internal,default,none,unmapped,no,not-a-figure-or-table-float,yes
results/safety_guided_defense/variantG_targeted_hardneg/seed42/test_eval/G_G2_v2safety_pgd_sweep_predictions_test.csv,predictions,b2cffc0729ee72ac168b59834deb8b3b58df4d00c01c6ecc114fead2efcaf79b,718647,unknown,none,test-descriptive,ledger:test,test,unmapped,no,not-a-figure-or-table-float,yes
results/safety_guided_defense/variantG_targeted_hardneg/seed42/test_eval/G_G2_v2safety_sweep_metadata.json,metadata,a1a57282ddd8ce034c2ac9c82a85f861c48c8e789ba3cb70505a3f4acc7c1161,4551,unknown,none,diagnostic-internal,default,none,unmapped,no,not-a-figure-or-table-float,yes
results/safety_guided_defense/variantG_targeted_hardneg/seed42/test_eval/G_G3_v2lowFA_clean_probabilities_test_epsilon_0_03.csv,predictions,3e980d8155b1edf4323fba96d733abb34ba4628ba050b399e2fb898ae35f494b,93987,unknown,none,test-post-hoc,ledger:test+post_hoc,test,unmapped,no,not-a-figure-or-table-float,yes
results/safety_guided_defense/variantG_targeted_hardneg/seed42/test_eval/G_G3_v2lowFA_fgsm_probabilities_test_epsilon_0_03.csv,predictions,e261829ba06dd788646615b442ea941d8bbd48f66e5092601dbe60df059cf4b2,93473,unknown,none,test-post-hoc,ledger:test+post_hoc,test,unmapped,no,not-a-figure-or-table-float,yes
results/safety_guided_defense/variantG_targeted_hardneg/seed42/test_eval/G_G3_v2lowFA_pgd20_clean_probabilities_test_epsilon_0_03.csv,predictions,3e980d8155b1edf4323fba96d733abb34ba4628ba050b399e2fb898ae35f494b,93987,unknown,none,test-post-hoc,ledger:test+post_hoc,test,unmapped,no,not-a-figure-or-table-float,yes
results/safety_guided_defense/variantG_targeted_hardneg/seed42/test_eval/G_G3_v2lowFA_pgd20_fgsm_probabilities_test_epsilon_0_03.csv,predictions,e261829ba06dd788646615b442ea941d8bbd48f66e5092601dbe60df059cf4b2,93473,unknown,none,test-post-hoc,ledger:test+post_hoc,test,unmapped,no,not-a-figure-or-table-float,yes
results/safety_guided_defense/variantG_targeted_hardneg/seed42/test_eval/G_G3_v2lowFA_pgd20_pgd_probabilities_test_epsilon_0_03.csv,predictions,f540f3664f15d405867b85707452c509c64d56b25ffe2aef64e5c8f1e229d87f,93163,unknown,none,test-post-hoc,ledger:test+post_hoc,test,unmapped,no,not-a-figure-or-table-float,yes
results/safety_guided_defense/variantG_targeted_hardneg/seed42/test_eval/G_G3_v2lowFA_pgd_probabilities_test_epsilon_0_03.csv,predictions,6464621903dee0b3b0c00f10fab6544c7c2babdd39ce172360f0cdceea0a5440,93122,unknown,none,test-post-hoc,ledger:test+post_hoc,test,unmapped,no,not-a-figure-or-table-float,yes
results/safety_guided_defense/variantG_targeted_hardneg/seed42/test_eval/G_G3_v2maxrec_clean_probabilities_test_epsilon_0_03.csv,predictions,65a5d4ef8d3a29f77b82de18e3a5dc1e581b2be19527db54a903e4d25e9f2ae5,93913,unknown,none,test-post-hoc,ledger:test+post_hoc,test,unmapped,no,not-a-figure-or-table-float,yes
results/safety_guided_defense/variantG_targeted_hardneg/seed42/test_eval/G_G3_v2maxrec_fgsm_probabilities_test_epsilon_0_03.csv,predictions,63000ffa95d6239a87ca158d0cc63cca74398aa0a030d0c92d396af5f19c4231,93280,unknown,none,test-post-hoc,ledger:test+post_hoc,test,unmapped,no,not-a-figure-or-table-float,yes
results/safety_guided_defense/variantG_targeted_hardneg/seed42/test_eval/G_G3_v2maxrec_pgd20_clean_probabilities_test_epsilon_0_03.csv,predictions,65a5d4ef8d3a29f77b82de18e3a5dc1e581b2be19527db54a903e4d25e9f2ae5,93913,unknown,none,test-post-hoc,ledger:test+post_hoc,test,unmapped,no,not-a-figure-or-table-float,yes
results/safety_guided_defense/variantG_targeted_hardneg/seed42/test_eval/G_G3_v2maxrec_pgd20_fgsm_probabilities_test_epsilon_0_03.csv,predictions,63000ffa95d6239a87ca158d0cc63cca74398aa0a030d0c92d396af5f19c4231,93280,unknown,none,test-post-hoc,ledger:test+post_hoc,test,unmapped,no,not-a-figure-or-table-float,yes
results/safety_guided_defense/variantG_targeted_hardneg/seed42/test_eval/G_G3_v2maxrec_pgd20_pgd_probabilities_test_epsilon_0_03.csv,predictions,46cf33b0e2f2736f81052a9ea10f949df69dab9d18afb70a9819114cda512732,92836,unknown,none,test-post-hoc,ledger:test+post_hoc,test,unmapped,no,not-a-figure-or-table-float,yes
results/safety_guided_defense/variantG_targeted_hardneg/seed42/test_eval/G_G3_v2maxrec_pgd_probabilities_test_epsilon_0_03.csv,predictions,da5710cb7904fc360b3d172cb5e1d94f50773a495f10e81f3f666c273c927f3c,92822,unknown,none,test-post-hoc,ledger:test+post_hoc,test,unmapped,no,not-a-figure-or-table-float,yes
results/safety_guided_defense/variantG_targeted_hardneg/seed42/test_eval/G_G3_v2safety_clean_probabilities_test_epsilon_0_03.csv,predictions,65a5d4ef8d3a29f77b82de18e3a5dc1e581b2be19527db54a903e4d25e9f2ae5,93913,unknown,none,test-post-hoc,ledger:test+post_hoc,test,unmapped,no,not-a-figure-or-table-float,yes
results/safety_guided_defense/variantG_targeted_hardneg/seed42/test_eval/G_G3_v2safety_fgsm_epsilon_sweep_legacy.csv,csv,af60b578aca4c7b95cb29d82d7ef50d2c01768ae8b3ed51d5d085a861a36f14a,2603,unknown,none,diagnostic-internal,default,none,unmapped,no,not-a-figure-or-table-float,yes
results/safety_guided_defense/variantG_targeted_hardneg/seed42/test_eval/G_G3_v2safety_fgsm_epsilon_sweep_test.csv,csv,03c20e477823c85c8156349ec3c75e5a2b665de069f8e9f6b48e963e48380464,2539,unknown,none,test-descriptive,ledger:test,test,unmapped,no,not-a-figure-or-table-float,yes
results/safety_guided_defense/variantG_targeted_hardneg/seed42/test_eval/G_G3_v2safety_fgsm_probabilities_test_epsilon_0_03.csv,predictions,63000ffa95d6239a87ca158d0cc63cca74398aa0a030d0c92d396af5f19c4231,93280,unknown,none,test-post-hoc,ledger:test+post_hoc,test,unmapped,no,not-a-figure-or-table-float,yes
results/safety_guided_defense/variantG_targeted_hardneg/seed42/test_eval/G_G3_v2safety_fgsm_sweep_predictions_legacy.csv,predictions,cf587236fb85cfe3282667cd9e6e01563fe1977144a1dc0a25fbce4b9eda0d7f,1201348,unknown,none,diagnostic-internal,default,none,unmapped,no,not-a-figure-or-table-float,yes
results/safety_guided_defense/variantG_targeted_hardneg/seed42/test_eval/G_G3_v2safety_fgsm_sweep_predictions_test.csv,predictions,12d345398c48a9c96a82fee475906d060573f714ed0191bfb3a5539a9f5dcdf0,601701,unknown,none,test-descriptive,ledger:test,test,unmapped,no,not-a-figure-or-table-float,yes
results/safety_guided_defense/variantG_targeted_hardneg/seed42/test_eval/G_G3_v2safety_pgd20_clean_probabilities_test_epsilon_0_03.csv,predictions,65a5d4ef8d3a29f77b82de18e3a5dc1e581b2be19527db54a903e4d25e9f2ae5,93913,unknown,none,test-post-hoc,ledger:test+post_hoc,test,unmapped,no,not-a-figure-or-table-float,yes
results/safety_guided_defense/variantG_targeted_hardneg/seed42/test_eval/G_G3_v2safety_pgd20_fgsm_probabilities_test_epsilon_0_03.csv,predictions,63000ffa95d6239a87ca158d0cc63cca74398aa0a030d0c92d396af5f19c4231,93280,unknown,none,test-post-hoc,ledger:test+post_hoc,test,unmapped,no,not-a-figure-or-table-float,yes
results/safety_guided_defense/variantG_targeted_hardneg/seed42/test_eval/G_G3_v2safety_pgd20_pgd_probabilities_test_epsilon_0_03.csv,predictions,46cf33b0e2f2736f81052a9ea10f949df69dab9d18afb70a9819114cda512732,92836,unknown,none,test-post-hoc,ledger:test+post_hoc,test,unmapped,no,not-a-figure-or-table-float,yes
results/safety_guided_defense/variantG_targeted_hardneg/seed42/test_eval/G_G3_v2safety_pgd_epsilon_sweep_legacy.csv,csv,66a3e24d0b5432d9e5bc01ac2e9fcf50142c6a36e6c5b9f2a600594017c0e747,2654,unknown,none,diagnostic-internal,default,none,unmapped,no,not-a-figure-or-table-float,yes
results/safety_guided_defense/variantG_targeted_hardneg/seed42/test_eval/G_G3_v2safety_pgd_epsilon_sweep_test.csv,csv,7a4925917a3c53162174269c74cf45d7dfc6a14924591d2c59d9da63eac19e98,2604,unknown,none,test-descriptive,ledger:test,test,unmapped,no,not-a-figure-or-table-float,yes
results/safety_guided_defense/variantG_targeted_hardneg/seed42/test_eval/G_G3_v2safety_pgd_probabilities_test_epsilon_0_03.csv,predictions,da5710cb7904fc360b3d172cb5e1d94f50773a495f10e81f3f666c273c927f3c,92822,unknown,none,test-post-hoc,ledger:test+post_hoc,test,unmapped,no,not-a-figure-or-table-float,yes
results/safety_guided_defense/variantG_targeted_hardneg/seed42/test_eval/G_G3_v2safety_pgd_sweep_predictions_legacy.csv,predictions,10b3e5d576a5974b8b8eb0adafd986c77329653e1b8de1877f4352eb78330ced,1418327,unknown,none,diagnostic-internal,default,none,unmapped,no,not-a-figure-or-table-float,yes
results/safety_guided_defense/variantG_targeted_hardneg/seed42/test_eval/G_G3_v2safety_pgd_sweep_predictions_test.csv,predictions,57cbe19a22788f4078de05f1f88d066f18d47e4bfef775572972ce6b6284a679,710501,unknown,none,test-descriptive,ledger:test,test,unmapped,no,not-a-figure-or-table-float,yes
results/safety_guided_defense/variantG_targeted_hardneg/seed42/test_eval/G_G3_v2safety_sweep_metadata.json,metadata,925c49798495f0ba6c0a08ce469145c5ac575f6f27bbc76a9067ae383d7b98b0,4555,unknown,none,diagnostic-internal,default,none,unmapped,no,not-a-figure-or-table-float,yes
results/safety_guided_defense/variantG_targeted_hardneg/seed44/VARIANT_G_G1_SEED44_VALIDATION_REPORT.md,report,3f3cee29b66de28381050186f05f858f644fd69e1df98171710c15a401b64a3d,5659,scripts/analyze_variantG_g1_seed44.py,literal,diagnostic-internal,default,none,unmapped,no,not-a-figure-or-table-float,yes
results/safety_guided_defense/variantG_targeted_hardneg/seed44/analysis/seed44_variantG_G1_selection_candidates.csv,csv,3682e4cc908167afab8bd60d333f76136aeeb7f4e2668c4bd4a665c05b7e536d,284,scripts/analyze_variantG_g1_seed44.py,literal,diagnostic-internal,default,none,unmapped,no,not-a-figure-or-table-float,yes
results/safety_guided_defense/variantG_targeted_hardneg/seed44/analysis/validation_threshold_selection.csv,csv,71a0a7496df6d5bf1e3fd631027d5fdbe652a41084068b374dba6de77d82830b,8144,scripts/analyze_variantG_g1_seed44.py,literal,diagnostic-internal,default,none,unmapped,no,not-a-figure-or-table-float,yes
results/safety_guided_defense/variantG_targeted_hardneg/seed44/figures/fig_G1_seed44_epsilon_sweep.png,figure,2903528d06195ea264bbad9879bbffa0885f1bf1e207be6355f680aa3a6bc64c,108266,scripts/analyze_variantG_g1_seed44.py,literal,diagnostic-internal,default,none,unmapped,no,evidence-not-admissible;claim-not-approved,yes
results/safety_guided_defense/variantG_targeted_hardneg/seed44/figures/fig_G1_seed44_pareto.png,figure,49952a0d6442278acce876b03daa3530527b6981cc3aa0fa6903be0a5fa31e15,54401,scripts/analyze_variantG_g1_seed44.py,literal,diagnostic-internal,default,none,unmapped,no,evidence-not-admissible;claim-not-approved,yes
results/safety_guided_defense/variantG_targeted_hardneg/seed44/logs/seed44_variantG_G1_training_log.csv,csv,a41ab452e071fd4f080be92414716049954491cb806162d17e3e824b6eb20d20,9237,scripts/analyze_variantG_g1_seed44.py,literal,diagnostic-internal,default,none,unmapped,no,not-a-figure-or-table-float,yes
results/safety_guided_defense/variantG_targeted_hardneg/seed44/metadata/seed44_variantG_G1_metadata.json,metadata,7c71a1132ce9282334920f26b9214cb123ca98a86acebaeff1b9d6f934f592e3,2253,scripts/analyze_variantG_g1_seed44.py,literal,diagnostic-internal,default,none,unmapped,no,not-a-figure-or-table-float,yes
results/safety_guided_defense/variantG_targeted_hardneg/seed44/test_eval/G_G1_v2safety_clean_probabilities_test_epsilon_0_03.csv,predictions,9d40a44db646bc4201737fd657e260e5117694a317a70a4ed7780038702c3381,94197,unknown,none,test-post-hoc,ledger:test+post_hoc,test,unmapped,no,not-a-figure-or-table-float,yes
results/safety_guided_defense/variantG_targeted_hardneg/seed44/test_eval/G_G1_v2safety_clean_probabilities_val_epsilon_0_03.csv,predictions,4b8c660dfb5525a0c0452aefa15706f7be172e1f5343b0e1a963edddc7199ddd,93412,unknown,none,validation-only,ledger:val,val,unmapped,no,not-a-figure-or-table-float,yes
results/safety_guided_defense/variantG_targeted_hardneg/seed44/test_eval/G_G1_v2safety_fgsm_epsilon_sweep_legacy.csv,csv,261fa95402f9bba8284002af0aff6b657f80f7d5023928112c4b5ecb9b3c9fa8,2593,unknown,none,diagnostic-internal,default,none,unmapped,no,not-a-figure-or-table-float,yes
results/safety_guided_defense/variantG_targeted_hardneg/seed44/test_eval/G_G1_v2safety_fgsm_epsilon_sweep_test.csv,csv,df118f1caaac04d5b104269efe174f0d7b643f9956e26273c5c23c10692668a4,2537,unknown,none,test-descriptive,ledger:test,test,unmapped,no,not-a-figure-or-table-float,yes
results/safety_guided_defense/variantG_targeted_hardneg/seed44/test_eval/G_G1_v2safety_fgsm_probabilities_test_epsilon_0_03.csv,predictions,2008bfdc93ad8d31e9b3ae272d673b6e142254184f531eacc571d3c99ba2280f,93641,unknown,none,test-post-hoc,ledger:test+post_hoc,test,unmapped,no,not-a-figure-or-table-float,yes
results/safety_guided_defense/variantG_targeted_hardneg/seed44/test_eval/G_G1_v2safety_fgsm_probabilities_val_epsilon_0_03.csv,predictions,41f5e3d9dd7d38cb07ef9f0024a1bbf70e7a9afd8b2707252191bc8706d0d6b5,92799,unknown,none,validation-only,ledger:val,val,unmapped,no,not-a-figure-or-table-float,yes
results/safety_guided_defense/variantG_targeted_hardneg/seed44/test_eval/G_G1_v2safety_fgsm_sweep_predictions_legacy.csv,predictions,3f18e43226435a8308918b114bbc2bfc5ac536d86e523051194c612c3b5ec5da,1211434,unknown,none,diagnostic-internal,default,none,unmapped,no,not-a-figure-or-table-float,yes
results/safety_guided_defense/variantG_targeted_hardneg/seed44/test_eval/G_G1_v2safety_fgsm_sweep_predictions_test.csv,predictions,8de93fde4d2edefca389309998f85fd5df00ff1f58ba2caba8b1407ad35642cf,607066,unknown,none,test-descriptive,ledger:test,test,unmapped,no,not-a-figure-or-table-float,yes
results/safety_guided_defense/variantG_targeted_hardneg/seed44/test_eval/G_G1_v2safety_pgd20_clean_probabilities_test_epsilon_0_03.csv,predictions,9d40a44db646bc4201737fd657e260e5117694a317a70a4ed7780038702c3381,94197,unknown,none,test-post-hoc,ledger:test+post_hoc,test,unmapped,no,not-a-figure-or-table-float,yes
results/safety_guided_defense/variantG_targeted_hardneg/seed44/test_eval/G_G1_v2safety_pgd20_fgsm_probabilities_test_epsilon_0_03.csv,predictions,2008bfdc93ad8d31e9b3ae272d673b6e142254184f531eacc571d3c99ba2280f,93641,unknown,none,test-post-hoc,ledger:test+post_hoc,test,unmapped,no,not-a-figure-or-table-float,yes
results/safety_guided_defense/variantG_targeted_hardneg/seed44/test_eval/G_G1_v2safety_pgd20_pgd_probabilities_test_epsilon_0_03.csv,predictions,d27e2b3bb9be9d2a980f8d8e17518151619d6a694ea40b6850ca46b1bcd6d789,93161,scripts/compute_g1_baseline_val_frontier.py,literal,test-post-hoc,ledger:test+post_hoc,test,unmapped,no,not-a-figure-or-table-float,yes
results/safety_guided_defense/variantG_targeted_hardneg/seed44/test_eval/G_G1_v2safety_pgd_epsilon_sweep_legacy.csv,csv,84baa67734b187db161d12566d5b4ebfb9d36e7f3dd47a5ed696a3cbd5a49f21,2650,unknown,none,diagnostic-internal,default,none,unmapped,no,not-a-figure-or-table-float,yes
results/safety_guided_defense/variantG_targeted_hardneg/seed44/test_eval/G_G1_v2safety_pgd_epsilon_sweep_test.csv,csv,8687762c3ae52fd55274f0da3512993c4d97823eb3e3ef38a1f4c39a2fd9d7d1,2589,unknown,none,test-descriptive,ledger:test,test,unmapped,no,not-a-figure-or-table-float,yes
results/safety_guided_defense/variantG_targeted_hardneg/seed44/test_eval/G_G1_v2safety_pgd_probabilities_test_epsilon_0_03.csv,predictions,df21255d79c3907d62682b249ffff8327001a1c83057db270217601733b016f3,93150,scripts/compute_g1_baseline_val_frontier.py,literal,test-post-hoc,ledger:test+post_hoc,test,unmapped,no,not-a-figure-or-table-float,yes
results/safety_guided_defense/variantG_targeted_hardneg/seed44/test_eval/G_G1_v2safety_pgd_probabilities_val_epsilon_0_03.csv,predictions,6c8d8833335f718d06e0e1be2f55d9f4862105809e2edfec253dd7edb9e7cf6b,92345,scripts/analysis/h15_e0_hard_window_inventory.py,literal,validation-only,ledger:val,val,unmapped,no,not-a-figure-or-table-float,yes
results/safety_guided_defense/variantG_targeted_hardneg/seed44/test_eval/G_G1_v2safety_pgd_sweep_predictions_legacy.csv,predictions,4e2bb0c1387be84e85635777f687cfc329230774f77ec065eca43285d87571f7,1428886,unknown,none,diagnostic-internal,default,none,unmapped,no,not-a-figure-or-table-float,yes
results/safety_guided_defense/variantG_targeted_hardneg/seed44/test_eval/G_G1_v2safety_pgd_sweep_predictions_test.csv,predictions,85d1ed92c4c66aa3db94b6c3d6e4ed87ce041535f8716fff1c7ddf699cfe00f8,716081,unknown,none,test-descriptive,ledger:test,test,unmapped,no,not-a-figure-or-table-float,yes
results/safety_guided_defense/variantG_targeted_hardneg/seed44/test_eval/G_G1_v2safety_sweep_metadata.json,metadata,2aebd481d026600c3d8fd46e7e1f1c2b94597a8337152680dd862e4bff9887a8,3985,unknown,none,diagnostic-internal,default,none,unmapped,no,not-a-figure-or-table-float,yes
results/safety_guided_defense/variantG_targeted_hardneg/seed44_preregistration/VARIANT_G_G1_SEED44_PREREGISTRATION.md,report,4a926bd719ce898ec3ddb66253f3dfcf409cc371bba0fe8f9ffa10f9c3b53075,12564,scripts/analyze_variantG_g1_seed44.py,literal,diagnostic-internal,default,none,unmapped,no,not-a-figure-or-table-float,yes
results/safety_guided_defense/variantH_design_memo/VARIANT_H_IMPLEMENTATION_SPEC.md,report,ffacdd781425bfbe0ed829c0afcab47b63f5d6671b1fae48ddb0f255fe87093e,15996,scripts/train_variantH_dual_tail_budget.py,literal,diagnostic-internal,default,none,unmapped,no,not-a-figure-or-table-float,yes
results/safety_guided_defense/variantH_dual_tail_budget/H1/seed42/H1_SEED42_PILOT_REPORT.md,report,5c5426a68edc88b3cd4ad4329e0762a1453be07eb342feeed4f2fc0e4971d4b1,8909,unknown,none,diagnostic-internal,default,none,unmapped,no,not-a-figure-or-table-float,yes
results/safety_guided_defense/variantH_dual_tail_budget/H1/seed42/analysis/seed42_variantH_H1_selection_candidates.csv,csv,a9f8c3ae93393e866e3094cdb8d5faae55acaf46179bc73c0e3ac630801af99d,284,unknown,none,diagnostic-internal,default,none,unmapped,no,not-a-figure-or-table-float,yes
results/safety_guided_defense/variantH_dual_tail_budget/H1/seed42/logs/seed42_variantH_H1_training_log.csv,csv,2166e1262fe5cb8ecc10437e2592fd23bc5a1e277e558212a669c41dea0fba90,11792,unknown,none,diagnostic-internal,default,none,unmapped,no,not-a-figure-or-table-float,yes
results/safety_guided_defense/variantH_dual_tail_budget/H1/seed42/metadata/seed42_variantH_H1_metadata.json,metadata,db14854e9077494032f0139cfa298ec1802236f9cde99c863bc568aae76d0813,2265,unknown,none,diagnostic-internal,default,none,unmapped,no,not-a-figure-or-table-float,yes
results/safety_guided_defense/variantH_dual_tail_budget/H1/seed42/test_eval/H_H1_v2safety_clean_probabilities_test_epsilon_0_03.csv,predictions,616b08532df53c7d746e7109f1c1d92689718dba3c76f60cef1d29d85bf2c9dd,93986,unknown,none,test-post-hoc,ledger:test+post_hoc,test,unmapped,no,not-a-figure-or-table-float,yes
results/safety_guided_defense/variantH_dual_tail_budget/H1/seed42/test_eval/H_H1_v2safety_fgsm_epsilon_sweep_legacy.csv,csv,d931e51431e2ec0e5bef980b9630cb970ff3bbf66fe7b6342a71a2ed44d09bfa,2597,unknown,none,diagnostic-internal,default,none,unmapped,no,not-a-figure-or-table-float,yes
results/safety_guided_defense/variantH_dual_tail_budget/H1/seed42/test_eval/H_H1_v2safety_fgsm_epsilon_sweep_test.csv,csv,2f3fc3bec59a9addb2cd9232a70964a538550e408721dbd28b488f8de4df9bc1,2540,unknown,none,test-descriptive,ledger:test,test,unmapped,no,not-a-figure-or-table-float,yes
results/safety_guided_defense/variantH_dual_tail_budget/H1/seed42/test_eval/H_H1_v2safety_fgsm_probabilities_test_epsilon_0_03.csv,predictions,1a8e65264cb946bc6380b394371e650efe8671248cb68c034187ad08d1ffd652,93333,unknown,none,test-post-hoc,ledger:test+post_hoc,test,unmapped,no,not-a-figure-or-table-float,yes
results/safety_guided_defense/variantH_dual_tail_budget/H1/seed42/test_eval/H_H1_v2safety_fgsm_sweep_predictions_legacy.csv,predictions,13df3659c8f90ecf771c11a5e60b8bdfd5e4d8cd3edb39e809abf2e1ac3e5b3b,1205240,unknown,none,diagnostic-internal,default,none,unmapped,no,not-a-figure-or-table-float,yes
results/safety_guided_defense/variantH_dual_tail_budget/H1/seed42/test_eval/H_H1_v2safety_fgsm_sweep_predictions_test.csv,predictions,a96fc453d8e013076378018426253cb1f4b8dad7de30e7d877d31721e3117553,603482,unknown,none,test-descriptive,ledger:test,test,unmapped,no,not-a-figure-or-table-float,yes
results/safety_guided_defense/variantH_dual_tail_budget/H1/seed42/test_eval/H_H1_v2safety_pgd20_clean_probabilities_test_epsilon_0_03.csv,predictions,616b08532df53c7d746e7109f1c1d92689718dba3c76f60cef1d29d85bf2c9dd,93986,unknown,none,test-post-hoc,ledger:test+post_hoc,test,unmapped,no,not-a-figure-or-table-float,yes
results/safety_guided_defense/variantH_dual_tail_budget/H1/seed42/test_eval/H_H1_v2safety_pgd20_fgsm_probabilities_test_epsilon_0_03.csv,predictions,1a8e65264cb946bc6380b394371e650efe8671248cb68c034187ad08d1ffd652,93333,unknown,none,test-post-hoc,ledger:test+post_hoc,test,unmapped,no,not-a-figure-or-table-float,yes
results/safety_guided_defense/variantH_dual_tail_budget/H1/seed42/test_eval/H_H1_v2safety_pgd20_pgd_probabilities_test_epsilon_0_03.csv,predictions,5e25cc5a0951105908943e03b00417615e8390d8279d8788ff19278b4e9d8297,92938,unknown,none,test-post-hoc,ledger:test+post_hoc,test,unmapped,no,not-a-figure-or-table-float,yes
results/safety_guided_defense/variantH_dual_tail_budget/H1/seed42/test_eval/H_H1_v2safety_pgd_epsilon_sweep_legacy.csv,csv,3642b2f77157c8578f2f41a5ef73f36fc1ccdf3471b834bb2da93c1f55fcad39,2653,unknown,none,diagnostic-internal,default,none,unmapped,no,not-a-figure-or-table-float,yes
results/safety_guided_defense/variantH_dual_tail_budget/H1/seed42/test_eval/H_H1_v2safety_pgd_epsilon_sweep_test.csv,csv,876a8d96be6e8c2f6aa2c5058997a4699812a7c03bed25c07d7de39bcbba9b57,2605,unknown,none,test-descriptive,ledger:test,test,unmapped,no,not-a-figure-or-table-float,yes
results/safety_guided_defense/variantH_dual_tail_budget/H1/seed42/test_eval/H_H1_v2safety_pgd_probabilities_test_epsilon_0_03.csv,predictions,68684d84db50144de9c83edc342958bb1e74fd8598dbdb6e5f00432fdc625300,92931,scripts/analysis/plot_d1_d12_recall_far.py,literal,test-post-hoc,ledger:test+post_hoc,test,unmapped,no,not-a-figure-or-table-float,yes
results/safety_guided_defense/variantH_dual_tail_budget/H1/seed42/test_eval/H_H1_v2safety_pgd_sweep_predictions_legacy.csv,predictions,52c1aa6dca0e4b074150fb7817bbc1f7dc1a3a1e8a3bd2ad280bd14f65dfc2ee,1422468,unknown,none,diagnostic-internal,default,none,unmapped,no,not-a-figure-or-table-float,yes
results/safety_guided_defense/variantH_dual_tail_budget/H1/seed42/test_eval/H_H1_v2safety_pgd_sweep_predictions_test.csv,predictions,36ea8bd34ab0acb6ef30b97fe9a8a7940368b0363358b67dc0ed4d68f5484175,712413,unknown,none,test-descriptive,ledger:test,test,unmapped,no,not-a-figure-or-table-float,yes
results/safety_guided_defense/variantH_dual_tail_budget/H1/seed42/test_eval/H_H1_v2safety_sweep_metadata.json,metadata,4aa8ac08f90b4bbc58a8c9c805109d5d1f7dc2eece43357eb95308e278905aee,4022,unknown,none,diagnostic-internal,default,none,unmapped,no,not-a-figure-or-table-float,yes
results/safety_guided_defense/variantH_dual_tail_budget/VARIANT_H_CODE_REVIEW.md,report,59d0a0d285fd36eb891b0193b5cf5645656a4c53a5340c91f4b3539ff08351b8,14645,unknown,none,diagnostic-internal,default,none,unmapped,no,not-a-figure-or-table-float,yes
results/safety_guided_defense/variantH_dual_tail_budget/_smoke/seed42/seed42_variantH_H1_selfcheck.json,json,a717d55353d37ebf8acf3e0101578540afa183dad2c362ff8c0833d0468e4fbc,1526,unknown,none,diagnostic-internal,default,none,unmapped,no,not-a-figure-or-table-float,yes
results/safety_guided_defense/variantH_dual_tail_budget/_smoke/seed42/seed42_variantH_H1_smoke_log.csv,csv,f2a7c2d35b3b4d00abec4d9c6eb67efeca1e2b27972aec76f8c9911d0ebe4d62,504,unknown,none,diagnostic-internal,default,none,unmapped,no,not-a-figure-or-table-float,yes
results/safety_guided_defense/variantH_dual_tail_budget/_smoke/seed42/seed42_variantH_H1_smoke_summary.json,json,788627023f96f405fc5deb119980c1177b62336df0731dc26cab8da73c949382,1300,unknown,none,diagnostic-internal,default,none,unmapped,no,not-a-figure-or-table-float,yes
results/safety_guided_defense/variantH_dual_tail_budget/adaptive_lagrangian_far_constrained/ADAPTIVE_LAGRANGIAN_FAR_CONSTRAINED_PREREGISTRATION.md,report,94b4a6f51e5c3081c5b62f58b9783707a76bc68faabb6289278365a0f9fd9d33,11915,scripts/train_optionB_adaptive_lagrangian.py,literal,diagnostic-internal,default,none,unmapped,no,not-a-figure-or-table-float,yes
results/safety_guided_defense/variantH_dual_tail_budget/adaptive_lagrangian_far_constrained/IMPLEMENTATION_SPEC_AND_SMOKE_PLAN.md,report,1fbac91882202a17faccbd46611db28c80924b96f16208e0f1cba3173e293bdc,12695,scripts/train_optionB_adaptive_lagrangian.py,literal,diagnostic-internal,default,none,unmapped,no,not-a-figure-or-table-float,yes
results/safety_guided_defense/variantH_dual_tail_budget/adaptive_lagrangian_far_constrained/OPTIONB_GATE4_PILOT_READINESS_REVIEW.md,report,ea191745ef5d0882321864423fb30fa74635dc05e3a5575d5ca881ab7a3c1f92,11961,unknown,none,diagnostic-internal,default,none,unmapped,no,not-a-figure-or-table-float,yes
results/safety_guided_defense/variantH_dual_tail_budget/adaptive_lagrangian_far_constrained/_smoke/optionB/seed42/OPTIONB_GATE3_SMOKE_REVIEW.md,report,fc0abf0bc4cded790deebb7598155fdc177208d93e2f69ae8075929d4c51660c,4318,unknown,none,diagnostic-internal,default,none,unmapped,no,not-a-figure-or-table-float,yes
results/safety_guided_defense/variantH_dual_tail_budget/adaptive_lagrangian_far_constrained/_smoke/optionB/seed42/OPTIONB_GATE4_GATEOPEN_RESMOKE_REVIEW.md,report,9b473117b12291894bbc78b0a622d50849c934ca16ccfcb31b1ad82c72323013,4698,unknown,none,diagnostic-internal,default,none,unmapped,no,not-a-figure-or-table-float,yes
results/safety_guided_defense/variantH_dual_tail_budget/adaptive_lagrangian_far_constrained/_smoke/optionB/seed42/optionB_selfcheck_summary.json,json,4f1ba7a033067b28a4f9ca2000675ff2708c4498717948cf2368666e17c375a2,977,unknown,none,diagnostic-internal,default,none,unmapped,no,not-a-figure-or-table-float,yes
results/safety_guided_defense/variantH_dual_tail_budget/adaptive_lagrangian_far_constrained/_smoke/optionB/seed42/optionB_smoke_log.csv,csv,c8d50a7bcece4bea4ef8efd9c22f53e6c7877e6dd7d9c66f1fd7fcd30503cd1c,627,unknown,none,diagnostic-internal,default,none,unmapped,no,not-a-figure-or-table-float,yes
results/safety_guided_defense/variantH_dual_tail_budget/adaptive_lagrangian_far_constrained/_smoke/optionB/seed42/optionB_smoke_summary.json,json,21ad7e87c3583efcd7fb29ecb40728f5575c5633c0866a665824958f096029c2,1469,unknown,none,diagnostic-internal,default,none,unmapped,no,not-a-figure-or-table-float,yes
results/safety_guided_defense/variantH_dual_tail_budget/adaptive_lagrangian_far_constrained/optionB/seed42/OPTIONB_SEED42_PILOT_VALIDATION_REVIEW.md,report,fd54b3da3324236cef7d424c34f9a966024e536ef9f8eff893974808056de7a9,6085,unknown,none,diagnostic-internal,default,none,unmapped,no,not-a-figure-or-table-float,yes
results/safety_guided_defense/variantH_dual_tail_budget/adaptive_lagrangian_far_constrained/optionB/seed42/analysis/seed42_optionB_selection_candidates.csv,csv,06a864ad5ca16d0293cbad8e666ace38f35f4874052d71b662ce3b797b3a3c1d,60,unknown,none,diagnostic-internal,default,none,unmapped,no,not-a-figure-or-table-float,yes
results/safety_guided_defense/variantH_dual_tail_budget/adaptive_lagrangian_far_constrained/optionB/seed42/logs/seed42_optionB_training_log.csv,csv,4df82e9102e3c233486a1c673aa862a1b63440671bd06e90af525dc3152ce211,9900,scripts/analyze_optionB_test_frontier.py,literal,diagnostic-internal,default,none,unmapped,no,not-a-figure-or-table-float,yes
results/safety_guided_defense/variantH_dual_tail_budget/adaptive_lagrangian_far_constrained/optionB/seed42/metadata/seed42_optionB_metadata.json,metadata,36ff22e58df4a4973ffdfe7e1732187eb8a213be52d0ebe260ea0db6aa2315b8,2184,unknown,none,diagnostic-internal,default,none,unmapped,no,not-a-figure-or-table-float,yes
results/safety_guided_defense/variantH_dual_tail_budget/adaptive_lagrangian_far_constrained/optionB/seed42/test_eval/OPTIONB_GATE5_TEST_EVAL_REVIEW.md,report,d52f742bdc43989e2a5279dece03133b0b9e890e9c512a245ef53c9f5b8a9c98,11829,unknown,none,diagnostic-internal,default,none,unmapped,no,not-a-figure-or-table-float,yes
results/safety_guided_defense/variantH_dual_tail_budget/adaptive_lagrangian_far_constrained/optionB/seed42/test_eval/diagnostics/optionB_error_routing.csv,csv,66b203832739dedc009a072671880089ef27048410bee0dc52e19beabfcfd964,1244,scripts/analyze_optionB_test_frontier.py,literal,diagnostic-internal,default,none,unmapped,no,not-a-figure-or-table-float,yes
results/safety_guided_defense/variantH_dual_tail_budget/adaptive_lagrangian_far_constrained/optionB/seed42/test_eval/diagnostics/optionB_frontier_diagnostic_summary.md,report,a5cdfee62a1a5cdc27d0d3b6b6ee3827bdb68dc7870db38dcc15b06ef9b6754f,4187,scripts/analyze_optionB_test_frontier.py,literal,diagnostic-internal,default,none,unmapped,no,not-a-figure-or-table-float,yes
results/safety_guided_defense/variantH_dual_tail_budget/adaptive_lagrangian_far_constrained/optionB/seed42/test_eval/diagnostics/optionB_score_distribution_summary.csv,csv,75575200ba5f80a198b0efb5305099f655dbe3724b280ac132ebd0e0a14e96c2,431,scripts/analyze_optionB_test_frontier.py,literal,diagnostic-internal,default,none,unmapped,no,not-a-figure-or-table-float,yes
results/safety_guided_defense/variantH_dual_tail_budget/adaptive_lagrangian_far_constrained/optionB/seed42/test_eval/diagnostics/optionB_threshold_frontier_sweep.csv,csv,4f037c578cb0260c6049e7a4bd75c3b60cf20fa124ac1ab04a75f849f73c7fbe,53034,scripts/analyze_optionB_test_frontier.py,literal,diagnostic-internal,default,none,unmapped,no,not-a-figure-or-table-float,yes
results/safety_guided_defense/variantH_dual_tail_budget/adaptive_lagrangian_far_constrained/optionB/seed42/test_eval/diagnostics/optionB_val_vs_test.csv,csv,a804eae9f76cc0bb4e78b60fb6b37504f90cba31bd19621a4e737d27614d8175,383,scripts/analyze_optionB_test_frontier.py,literal,validation-only,path:val,val,unmapped,no,not-a-figure-or-table-float,yes
results/safety_guided_defense/variantH_dual_tail_budget/adaptive_lagrangian_far_constrained/optionB/seed42/test_eval/optionB_maxrec_clean_probabilities_test_epsilon_0_03.csv,predictions,3f346165a4a4557091a39b0e087041c7e24092e96abf65f6b80c2669102396a1,93966,unknown,none,test-post-hoc,ledger:test+post_hoc,test,unmapped,no,not-a-figure-or-table-float,yes
results/safety_guided_defense/variantH_dual_tail_budget/adaptive_lagrangian_far_constrained/optionB/seed42/test_eval/optionB_maxrec_fgsm_probabilities_test_epsilon_0_03.csv,predictions,f1a7d5ff117f79b3aaace6d8ed64a28923ff15f4d8e0c2fbfed9e1f716a6f414,93465,unknown,none,test-post-hoc,ledger:test+post_hoc,test,unmapped,no,not-a-figure-or-table-float,yes
results/safety_guided_defense/variantH_dual_tail_budget/adaptive_lagrangian_far_constrained/optionB/seed42/test_eval/optionB_maxrec_pgd_probabilities_test_epsilon_0_03.csv,predictions,7a19f4612a994e173e56e1f8cc53c61f858ae6ac768422bd650af10860a52eda,93024,scripts/analysis/plot_d1_d12_recall_far.py,literal,test-post-hoc,ledger:test+post_hoc,test,unmapped,no,not-a-figure-or-table-float,yes
results/safety_guided_defense/variantH_dual_tail_budget/adaptive_lagrangian_far_constrained/optionB/seed42/test_eval/optionB_maxscore_clean_probabilities_test_epsilon_0_03.csv,predictions,8356a693ca1b6bd9a611834e8bb2cb58df1349a60a584073a436ed7ed2c75fb3,93969,scripts/analysis/afac_score_stage2_test_application.py,literal,test-post-hoc,ledger:test+post_hoc,test,unmapped,no,not-a-figure-or-table-float,yes
results/safety_guided_defense/variantH_dual_tail_budget/adaptive_lagrangian_far_constrained/optionB/seed42/test_eval/optionB_maxscore_fgsm_probabilities_test_epsilon_0_03.csv,predictions,9822f0992cb5068449bdc4cf25e86f2d20ba22234e13cb2842e62e08480f2325,93409,unknown,none,test-post-hoc,ledger:test+post_hoc,test,unmapped,no,not-a-figure-or-table-float,yes
results/safety_guided_defense/variantH_dual_tail_budget/adaptive_lagrangian_far_constrained/optionB/seed42/test_eval/optionB_maxscore_pgd_probabilities_test_epsilon_0_03.csv,predictions,97ce096ba8427849628cfab2b224d2eabb375fdd38fed8406a459cb45a5d8806,92929,scripts/analysis/afac_score_stage2_test_application.py,literal,test-post-hoc,ledger:test+post_hoc,test,unmapped,no,not-a-figure-or-table-float,yes
results/safety_guided_defense/variantH_dual_tail_budget/adaptive_lagrangian_far_constrained/optionB/seed42/test_eval/optionB_minFA_clean_probabilities_test_epsilon_0_03.csv,predictions,8500edb95703a650aae44d4434824853046e3ef635c8f1afc4fc4dd70ad5b471,93966,unknown,none,test-post-hoc,ledger:test+post_hoc,test,unmapped,no,not-a-figure-or-table-float,yes
results/safety_guided_defense/variantH_dual_tail_budget/adaptive_lagrangian_far_constrained/optionB/seed42/test_eval/optionB_minFA_fgsm_probabilities_test_epsilon_0_03.csv,predictions,953d920c093377ba317abdf940b00ccb0ccc37500a2387271f5f88f754e22fdb,93448,unknown,none,test-post-hoc,ledger:test+post_hoc,test,unmapped,no,not-a-figure-or-table-float,yes
results/safety_guided_defense/variantH_dual_tail_budget/adaptive_lagrangian_far_constrained/optionB/seed42/test_eval/optionB_minFA_pgd_probabilities_test_epsilon_0_03.csv,predictions,02ad279668338e2a16423c32850dc3808fa33ce3d0c7595f1480945b49f4b542,92984,scripts/analysis/plot_d1_d12_recall_far.py,literal,test-post-hoc,ledger:test+post_hoc,test,unmapped,no,not-a-figure-or-table-float,yes
results/safety_guided_defense/variantH_dual_tail_budget/optionA_rebalanced/A1/seed42/A1_INFORMATIVE_NEGATIVE_REVIEW.md,report,2480a392b855d2fdad584fd83341993b593980b324639c1f63197781ef8e949a,6247,unknown,none,diagnostic-internal,default,none,unmapped,no,not-a-figure-or-table-float,yes
results/safety_guided_defense/variantH_dual_tail_budget/optionA_rebalanced/A1/seed42/analysis/seed42_optionA_A1_selection_candidates.csv,csv,d540c622925f5d33820acdf93766d7f659fac9363754b26b8f56ca51532ba18d,284,unknown,none,diagnostic-internal,default,none,unmapped,no,not-a-figure-or-table-float,yes
results/safety_guided_defense/variantH_dual_tail_budget/optionA_rebalanced/A1/seed42/logs/seed42_optionA_A1_training_log.csv,csv,1dae23f97bb8928ab7be9f9f3f467c2e2954053f89a3cabfe5a2d706666f5e87,14460,unknown,none,diagnostic-internal,default,none,unmapped,no,not-a-figure-or-table-float,yes
results/safety_guided_defense/variantH_dual_tail_budget/optionA_rebalanced/A1/seed42/metadata/seed42_optionA_A1_metadata.json,metadata,3ac246bb71c3bfd511218aa98946b90d875ca5c7efea40abbe25927c13d44676,2548,unknown,none,diagnostic-internal,default,none,unmapped,no,not-a-figure-or-table-float,yes
results/safety_guided_defense/variantH_dual_tail_budget/optionA_rebalanced/A1/seed42/test_eval/A1_v2safety_clean_probabilities_test_epsilon_0_03.csv,predictions,3a75bae20f736d35f80ad2c320c2d5ff3e1b89f343fdc85ab6213c4e272b0478,93840,unknown,none,test-post-hoc,ledger:test+post_hoc,test,unmapped,no,not-a-figure-or-table-float,yes
results/safety_guided_defense/variantH_dual_tail_budget/optionA_rebalanced/A1/seed42/test_eval/A1_v2safety_fgsm_probabilities_test_epsilon_0_03.csv,predictions,f87e90b50fc2c0efdd39951f97a3142a5db9afd56a327089ffb5baa9c06b55c4,93215,unknown,none,test-post-hoc,ledger:test+post_hoc,test,unmapped,no,not-a-figure-or-table-float,yes
results/safety_guided_defense/variantH_dual_tail_budget/optionA_rebalanced/A1/seed42/test_eval/A1_v2safety_pgd_probabilities_test_epsilon_0_03.csv,predictions,8849f63642e0ba5263b5c4067e1c3999a04dc1224ae5501f086f2b45b7336a7d,92728,scripts/analysis/plot_d1_d12_recall_far.py,literal,test-post-hoc,ledger:test+post_hoc,test,unmapped,no,not-a-figure-or-table-float,yes
results/safety_guided_defense/variantH_dual_tail_budget/optionA_rebalanced/A1_CODE_REVIEW.md,report,ed270e5bd89d572adb55bced9b1f127d171ce8fad4c72954a934289f358daab6,11045,unknown,none,diagnostic-internal,default,none,unmapped,no,not-a-figure-or-table-float,yes
results/safety_guided_defense/variantH_dual_tail_budget/optionA_rebalanced/A1_GATEFIX_REVIEW.md,report,f1ea55b8aacde47e6651b90862a497160ab5eb6a27d51d734c065416ebf3a9e5,7624,unknown,none,diagnostic-internal,default,none,unmapped,no,not-a-figure-or-table-float,yes
results/safety_guided_defense/variantH_dual_tail_budget/optionA_rebalanced/OPTION_A_REBALANCED_PREREGISTRATION.md,report,6bf1bc558709c5b767768d5d4fa73bf088f0da09ff8eb792bc1882dfdc82ada0,10499,scripts/train_variantH_dual_tail_budget.py,literal,diagnostic-internal,default,none,unmapped,no,not-a-figure-or-table-float,yes
results/safety_guided_defense/variantH_dual_tail_budget/optionA_rebalanced/_smoke/A1/seed42/A1_SMOKE_REPORT.md,report,fff3ce14f7aa6c63e82aed89e4da31d3187342a723e0b0a45d45de906e3bfb80,3743,unknown,none,diagnostic-internal,default,none,unmapped,no,not-a-figure-or-table-float,yes
results/safety_guided_defense/variantH_dual_tail_budget/optionA_rebalanced/_smoke/A1/seed42/A1_selfcheck_summary.json,json,f4144dc5ae008fc2ab49b3703295763079b0df257447db257b2d72768325dad9,2125,unknown,none,diagnostic-internal,default,none,unmapped,no,not-a-figure-or-table-float,yes
results/safety_guided_defense/variantH_dual_tail_budget/optionA_rebalanced/_smoke/A1/seed42/A1_smoke_log.csv,csv,e6cfee4678ef56f9ec9f60e963c20141ff420a35b0c0cd4ac37a0e321252b81b,676,unknown,none,diagnostic-internal,default,none,unmapped,no,not-a-figure-or-table-float,yes
results/safety_guided_defense/variantH_dual_tail_budget/optionA_rebalanced/_smoke/A1/seed42/A1_smoke_summary.json,json,ff79d4d1f511341afdc529cf627e25860b95f4798b5a256aff13b99547fecd06,1768,unknown,none,diagnostic-internal,default,none,unmapped,no,not-a-figure-or-table-float,yes
results/safety_guided_defense/variantH_dual_tail_budget/optionA_rebalanced/_smoke/A1_gatefix/seed42/A1_GATEFIX_SMOKE_REPORT.md,report,8ea2026104da63330a38f0247282088de829767bf4a976bd5b8ba501eec5a846,4861,unknown,none,diagnostic-internal,default,none,unmapped,no,not-a-figure-or-table-float,yes
results/safety_guided_defense/variantH_dual_tail_budget/optionA_rebalanced/_smoke/A1_gatefix/seed42/A1_selfcheck_summary.json,json,f4144dc5ae008fc2ab49b3703295763079b0df257447db257b2d72768325dad9,2125,unknown,none,diagnostic-internal,default,none,unmapped,no,not-a-figure-or-table-float,yes
results/safety_guided_defense/variantH_dual_tail_budget/optionA_rebalanced/_smoke/A1_gatefix/seed42/A1_smoke_log.csv,csv,d4424ddecd4c233a8897df09d7445d79a246f00de8d9cccc5d9b8f8c9ce2e1b2,676,unknown,none,diagnostic-internal,default,none,unmapped,no,not-a-figure-or-table-float,yes
results/safety_guided_defense/variantH_dual_tail_budget/optionA_rebalanced/_smoke/A1_gatefix/seed42/A1_smoke_summary.json,json,8b0fb45afd83f776826b5b3b8aad2dea6a37ce1303e85af96e97d4d813df6fe6,1768,unknown,none,diagnostic-internal,default,none,unmapped,no,not-a-figure-or-table-float,yes
results/thesis_math_documentation/THESIS_MATH_DOCUMENTATION_LEDGER.md,report,490c6ef421989b663a3b355a535aa2bdaceefea624ccf17809aa400a3a310bc7,8858,unknown,none,diagnostic-internal,default,none,unmapped,no,not-a-figure-or-table-float,yes
results/thesis_math_documentation/chapter_math_placement_plan.csv,csv,ea759b727f2c84d7dbf279c479cbb591a110d360732c3084de4933da41177b65,5651,unknown,none,diagnostic-internal,default,none,unmapped,no,not-a-figure-or-table-float,yes
results/thesis_math_documentation/math_overclaim_audit.md,report,aee6e2bdb852d57f2cbe8afe8708af712de349286fd1b3266abd9f7fdda189bd,4997,unknown,none,diagnostic-internal,default,none,unmapped,no,not-a-figure-or-table-float,yes
results/thesis_math_documentation/notation_table.tex,table_tex,d726afb711e763fea6d86aac2ab51329aa9bb48509ae40791018ef813d66ea09,5177,unknown,none,diagnostic-internal,default,none,unmapped,no,generator-unknown;evidence-not-admissible;claim-not-approved,yes
results/thesis_math_documentation/thesis_math_snippets.tex,table_tex,6fc5dbd2a038c253a5babaf292353ed84a79fe8b4c41c06ddcf19a720fb11a2c,16624,unknown,none,diagnostic-internal,default,none,unmapped,no,generator-unknown;evidence-not-admissible;claim-not-approved,yes
results/thesis_table_10_extended_diagnostic_safety_metrics.csv,table_csv,1a405096957510255c08e45c1066c2baa83f9c8151e3bf35cc3d57b1c73235c3,4406,scripts/create_thesis_table_10_extended_diagnostic_safety_metrics.py,naming,test-descriptive,path:convention,test,thesis-safe,no,not-a-figure-or-table-float,yes
results/thesis_table_11_attack_induced_safety_risk_amplification.csv,table_csv,dd8a490cf1419cbc4edc4e6b4a93ea428613270b3e9fb6692881eb0c94f4927f,4565,scripts/create_thesis_table_11_attack_induced_safety_risk_amplification.py,naming,test-descriptive,path:convention,test,thesis-safe,no,not-a-figure-or-table-float,yes
results/thesis_table_12_model_confidence_error_summary.csv,table_csv,9218ff91be25a78570a1bf6c4d600ead5afd6863a6047e0a465c9b4593ac37ef,44827,scripts/create_thesis_table_12_model_confidence_error_summary.py,naming,test-descriptive,path:convention,test,thesis-safe,no,not-a-figure-or-table-float,yes
results/thesis_table_13_confidence_safety_failure_ranking.csv,table_csv,b7c7f795793a255317c32fb84e96cef578e75ce1feb1399fb4962f879db2bbb9,5593,scripts/create_thesis_table_13_confidence_safety_failure_ranking.py,naming,test-descriptive,path:convention,test,thesis-safe,no,not-a-figure-or-table-float,yes
results/thesis_table_14_matched_attack_defense_effect_summary.csv,table_csv,1af441c196513b685cc77d04085ead0198e8e581434535ccfdfb8a789e5a56e2,3557,scripts/create_thesis_table_14_matched_attack_defense_effect_summary.py,naming,test-descriptive,path:convention,test,thesis-safe,no,not-a-figure-or-table-float,yes
results/thesis_table_15_paired_safety_state_transition_table.csv,table_csv,e6187213a4673b8a25bca0503c56828e959fda644466772c143c12d37f4c3127,9009,scripts/create_thesis_table_15_figure_15_paired_safety_state_transitions.py,naming,test-descriptive,path:convention,test,thesis-safe,no,not-a-figure-or-table-float,yes
results/thesis_table_16_alert_trustworthiness.csv,table_csv,0babef1387f7c17e00b72d56f50cdcea75e2ef3316823c0d27bcc531c73d4e1d,1668,scripts/create_thesis_table_16_figure_16_alert_trustworthiness.py,naming,test-descriptive,path:convention,test,thesis-safe,no,not-a-figure-or-table-float,yes
results/thesis_table_17_class_normalized_false_fall_alarm_sources.csv,table_csv,ed8a90cc5e6199f59b4b761c01d91042765b4a2fca97a70d61df2ec7ebab949e,6973,scripts/create_thesis_table_17_figure_17_class_normalized_false_alarm_sources.py,naming,test-descriptive,path:convention,test,thesis-safe,no,not-a-figure-or-table-float,yes
results/thesis_table_18_class_normalized_defense_effect.csv,table_csv,91ad612753517e3445119d2300e8eb4d2ea18d56d44b85fc50707c701070a597,3494,scripts/create_thesis_table_18_figure_18_class_normalized_defense_effect.py,naming,test-descriptive,path:convention,test,thesis-safe,no,not-a-figure-or-table-float,yes
results/thesis_table_19_missed_fall_destination_classes.csv,table_csv,379564460f2b9d6b514b341fadb892def7cb2638e61f2ff38acd183019d2e179,6950,scripts/create_thesis_table_19_figure_19_missed_fall_destination_classes.py,naming,test-descriptive,path:convention,test,thesis-safe,no,not-a-figure-or-table-float,yes
results/thesis_table_1_safety_metrics.csv,table_csv,aebfe10d76bf202fe85743fbfa859ca1a8c6202764df48a3150191075060b543,565,scripts/create_thesis_table_1_safety_metrics.py,naming,test-descriptive,path:convention,test,thesis-safe,no,not-a-figure-or-table-float,yes
results/thesis_table_20_fall_window_recovery_persistence.csv,table_csv,78b96ad6b252b27eb364ee483ea06c777b41f4e3b88e975d50e7ae61a98c2896,1433,scripts/create_thesis_table_20_figure_20_fall_window_recovery_persistence.py,naming,test-descriptive,path:convention,test,thesis-safe,no,not-a-figure-or-table-float,yes
results/thesis_table_21_claim_boundary_evidence_matrix.csv,table_csv,2a6e451bfb4f2b91f42ea16c3a422cfb48ff0520ebff8dc0f0e6cb4575625bb4,9074,scripts/create_thesis_table_21_figure_21_claim_boundary_evidence_matrix.py,naming,test-descriptive,path:convention,test,thesis-safe,no,not-a-figure-or-table-float,yes
results/thesis_table_22_thesis_artifact_evidence_map.csv,table_csv,797207094bdf0fdf4b316edb9bbd8354f34fc93b8e6f25aa37602f91a80eaaa8,10422,scripts/create_thesis_table_22_figure_22_thesis_artifact_evidence_map.py,naming,test-descriptive,path:convention,test,thesis-safe,no,not-a-figure-or-table-float,yes
results/thesis_table_23_safety_priority_sensitivity.csv,table_csv,6cdb6deb66225fad8501c47272bd727861b58da8c20d00936a6f24048cd6cca4,9837,scripts/create_thesis_table_23_figure_23_safety_priority_sensitivity.py,naming,test-descriptive,path:convention,test,thesis-safe,no,not-a-figure-or-table-float,yes
results/thesis_table_24_defense_recovery_residual_gap.csv,table_csv,760a01f330d1907ab1b8a69609532e211ba41dd6ba349dd4f564c5adc0d1d65b,3867,scripts/create_thesis_table_24_figure_24_defense_recovery_residual_gap.py,naming,test-descriptive,path:convention,test,thesis-safe,no,not-a-figure-or-table-float,yes
results/thesis_table_25_safety_score_component_decomposition.csv,table_csv,2a9f5cb40a90822492887b182a236ee02b82b769614dce147788c010ea497028,3169,scripts/create_thesis_table_25_figure_25_safety_score_component_decomposition.py,naming,test-descriptive,path:convention,test,thesis-safe,no,not-a-figure-or-table-float,yes
results/thesis_table_26_prediction_column_provenance_audit.csv,table_csv,9cdd0412f6990a5bf9944e8260884215629d17d13748c7d0f57aef2b387624ef,5872,scripts/create_thesis_table_26_prediction_column_provenance_audit.py,naming,test-descriptive,path:convention,test,thesis-safe,no,not-a-figure-or-table-float,yes
results/thesis_table_27_attack_severity_dose_response.csv,table_csv,c8f30f2f10eceb7a9384a6fcb458bc0b90d5a4b4d38b44b3fcde0854d96288b4,9195,scripts/create_thesis_table_27_figure_27_attack_severity_dose_response.py,naming,test-descriptive,path:convention,test,thesis-safe,no,not-a-figure-or-table-float,yes
results/thesis_table_2_attack_impact_delta.csv,table_csv,c4d2e86cfc64c9d6ba748d8ab780091e97eb830e1213238f0220f860a6ed24af,661,scripts/create_thesis_table_2_attack_impact_delta.py,naming,test-descriptive,path:convention,test,thesis-safe,no,not-a-figure-or-table-float,yes
results/thesis_table_3_defense_tradeoff.csv,table_csv,44d432c695a26f0c711326cb9f5ceda473df62b86255922230e94550addd9ba4,1169,scripts/create_thesis_table_3_defense_tradeoff.py,naming,test-descriptive,path:convention,test,thesis-safe,no,not-a-figure-or-table-float,yes
results/thesis_table_4_epsilon_sweep_summary.csv,table_csv,167f2deee1ab5844242723c99bd8e6a1f054a676b2403b340c9e806e3aa1886f,575,scripts/create_thesis_table_4_epsilon_sweep_summary.py,naming,test-descriptive,path:convention,test,thesis-safe,no,not-a-figure-or-table-float,yes
results/thesis_table_5_reproducibility_configuration.csv,table_csv,50c76c2fedf5cfbd15475b6fd79f35164ac26addca8e6f470040e0e160ba38a1,4406,scripts/create_thesis_table_5_reproducibility_configuration.py,naming,test-descriptive,path:convention,test,thesis-safe,no,not-a-figure-or-table-float,yes
results/thesis_table_6_output_index.csv,table_csv,47a23a6f1f8d3b1a1c1e2209944902f6711a7bc18fd02f2b17d07b223d3d6068,28766,scripts/create_thesis_table_6_output_index.py,naming,test-descriptive,path:convention,test,thesis-safe,no,not-a-figure-or-table-float,yes
results/thesis_table_7_metric_availability.csv,table_csv,b4e1d39d01df612957127ce77136086512cbd911adc736f3a4e57d7aeaebf4f7,17562,scripts/create_thesis_table_7_metric_availability.py,naming,test-descriptive,path:convention,test,thesis-safe,no,not-a-figure-or-table-float,yes
results/thesis_table_8_high_risk_multiclass_error_taxonomy.csv,table_csv,d6a03e1c4cdb8f3d55a95a3b316d99f77cd3c33063c9e50a5241cea56256d660,58642,scripts/create_thesis_table_8_high_risk_multiclass_error_taxonomy.py,naming,test-descriptive,path:convention,test,thesis-safe,no,not-a-figure-or-table-float,yes
results/thesis_table_9_robustness_failure_thresholds.csv,table_csv,a8d1381e169dcb49e03cb9f0eed08754028758e73c0ec451feebe8784f409e34,15463,scripts/create_thesis_table_9_robustness_failure_thresholds.py,naming,test-descriptive,path:convention,test,thesis-safe,no,not-a-figure-or-table-float,yes
tables/chapter_cross_architecture_multiseed_table.tex,table_tex,8a316f0ec5e5ae4d83aee512acf35bd5bde4e5b9c7c4c70dfe2eba03e2dce157,3991,scripts/reconstruct_ch04_cross_arch_resnet_artifacts.py,literal,test-descriptive,path:convention,test,thesis-safe,no,generator-not-committed,yes
tables/chapter_cross_architecture_seed42_figure_caption.tex,table_tex,89dea541978ce3293f6e32d133f5fd5f344e8a022dacd18af6693693284350f7,1701,unknown,none,test-descriptive,path:convention,test,thesis-safe,no,generator-unknown,yes
tables/chapter_cross_architecture_seed42_table.tex,table_tex,0f337472f084c8d0ac38d41ad4bcdb20ec4426bbbf133b1d328a4043964d63c5,4107,unknown,none,test-descriptive,path:convention,test,thesis-safe,no,generator-unknown,yes
tables/chapter_multiseed_figure_caption.tex,table_tex,ba20593ebf7b42a3b76d3c067264ea245f4eb7f8a50c578ea29bcb47c33772df,1263,unknown,none,test-descriptive,path:convention,test,thesis-safe,no,generator-unknown,yes
tables/chapter_multiseed_robustness_table.tex,table_tex,d31e323bdb2c5df59a1c2c52e4f4639ff5853e26a6f9b266f7c6fb17455089a2,2901,unknown,none,test-descriptive,path:convention,test,thesis-safe,no,generator-unknown,yes
tables/chapter_resnet18_multiseed_figure_caption.tex,table_tex,ac51ec2055f828ed91e418c52238e2797e703b31a8b32a14828344641efafe03,1762,unknown,none,test-descriptive,path:convention,test,thesis-safe,no,generator-unknown,yes
tables/chapter_resnet18_multiseed_table.tex,table_tex,66f144fc534427d9857f8837501fc617a49969853601b03ad2b60dc33d6bd38c,3626,scripts/reconstruct_ch04_cross_arch_resnet_artifacts.py,literal,test-descriptive,path:convention,test,thesis-safe,no,generator-not-committed,yes
