class_index,class_name,precision,recall,f1,support
0,lie down,0.917293,0.924242,0.920755,132
1,fall,0.943182,0.932584,0.937853,89
2,walk,0.914013,0.979522,0.945634,293
3,pickup,0.864078,0.898990,0.881188,99
4,run,0.956140,0.900826,0.927660,242
5,sit down,0.920000,0.862500,0.890323,80
6,stand up,0.909091,0.819672,0.862069,61
