class_index,class_name,precision,recall,f1,support
0,lie down,0.866667,0.886364,0.876404,132
1,fall,0.910112,0.910112,0.910112,89
2,walk,0.916388,0.935154,0.925676,293
3,pickup,0.813084,0.878788,0.844660,99
4,run,0.912134,0.900826,0.906445,242
5,sit down,0.842105,0.800000,0.820513,80
6,stand up,0.921569,0.770492,0.839286,61
