class_index,class_name,precision,recall,f1,support
0,lie down,0.944882,0.909091,0.926641,132
1,fall,0.913043,0.943820,0.928177,89
2,walk,0.923567,0.989761,0.955519,293
3,pickup,0.861111,0.939394,0.898551,99
4,run,0.969432,0.917355,0.942675,242
5,sit down,0.917808,0.837500,0.875817,80
6,stand up,0.905660,0.786885,0.842105,61
