class_index,class_name,precision,recall,f1,support
0,lie down,0.916031,0.909091,0.912548,132
1,fall,0.897727,0.887640,0.892655,89
2,walk,0.952703,0.962457,0.957555,293
3,pickup,0.824074,0.898990,0.859903,99
4,run,0.933610,0.929752,0.931677,242
5,sit down,0.879518,0.912500,0.895706,80
6,stand up,0.938776,0.754098,0.836364,61
