class_index,class_name,precision,recall,f1,support
0,lie down,0.946565,0.939394,0.942966,132
1,fall,0.952941,0.910112,0.931034,89
2,walk,0.947020,0.976109,0.961345,293
3,pickup,0.883495,0.919192,0.900990,99
4,run,0.950617,0.954545,0.952577,242
5,sit down,0.935897,0.912500,0.924051,80
6,stand up,0.944444,0.836066,0.886957,61
