class_index,class_name,precision,recall,f1,support
0,lie down,0.984962,0.992424,0.988679,132
1,fall,1.000000,0.988764,0.994350,89
2,walk,0.996575,0.993174,0.994872,293
3,pickup,0.980198,1.000000,0.990000,99
4,run,0.991770,0.995868,0.993814,242
5,sit down,0.961538,0.937500,0.949367,80
6,stand up,0.934426,0.934426,0.934426,61
