class_index,class_name,precision,recall,f1,support
0,lie down,0.992063,0.946970,0.968992,132
1,fall,0.977778,0.988764,0.983240,89
2,walk,0.996599,1.000000,0.998296,293
3,pickup,0.951923,1.000000,0.975369,99
4,run,1.000000,0.991736,0.995851,242
5,sit down,0.950000,0.950000,0.950000,80
6,stand up,0.967742,0.983607,0.975610,61
