class_index,class_name,precision,recall,f1,support
0,lie down,0.977099,0.969697,0.973384,132
1,fall,0.967391,1.000000,0.983425,89
2,walk,0.996587,0.996587,0.996587,293
3,pickup,0.969697,0.969697,0.969697,99
4,run,0.995885,1.000000,0.997938,242
5,sit down,0.937500,0.937500,0.937500,80
6,stand up,0.982759,0.934426,0.957983,61
