class_index,class_name,precision,recall,f1,support
0,lie down,0.975806,0.916667,0.945312,132
1,fall,0.988764,0.988764,0.988764,89
2,walk,0.989796,0.993174,0.991482,293
3,pickup,0.932692,0.979798,0.955665,99
4,run,1.000000,0.987603,0.993763,242
5,sit down,0.789474,0.937500,0.857143,80
6,stand up,0.921569,0.770492,0.839286,61
