class_index,class_name,precision,recall,f1,support
0,lie down,0.962121,0.962121,0.962121,132
1,fall,0.955056,0.955056,0.955056,89
2,walk,0.935897,0.996587,0.965289,293
3,pickup,0.979167,0.949495,0.964103,99
4,run,0.995652,0.946281,0.970339,242
5,sit down,0.891566,0.925000,0.907975,80
6,stand up,0.962963,0.852459,0.904348,61
