class_index,class_name,precision,recall,f1,support
0,lie down,0.000000,0.000000,0.000000,132
1,fall,0.000000,0.000000,0.000000,89
2,walk,0.294177,1.000000,0.454616,293
3,pickup,0.000000,0.000000,0.000000,99
4,run,0.000000,0.000000,0.000000,242
5,sit down,0.000000,0.000000,0.000000,80
6,stand up,0.000000,0.000000,0.000000,61
